Loglikelihood,theta,ID
NA,2,1
-1329.0558274147206,2,2
-1300.5637371147589,2,3
-1287.4366494253163,2,4
-1283.8171010654053,2,5
-1284.1351835328733,2,6
-1281.6951378995946,2,7
-1280.459434054083,2,8
-1279.874839276496,2,9
-1279.5579822189297,2,10
-1277.7980747049444,2,11
-1276.900327182951,2,12
-1276.1410720590418,2,13
-1275.5467839544476,2,14
-1274.963028746853,2,15
-1274.4090073146192,2,16
-1273.9106283726492,2,17
-1273.4426125183186,2,18
-1272.8616252228076,2,19
-1272.479631388288,2,20
-1272.133347513702,2,21
-1271.8172744306735,2,22
-1271.5262101413712,2,23
-1271.2556187033238,2,24
-1271.00179065281,2,25
-1270.761864478241,2,26
-1270.3271323967826,2,27
-1270.108592349488,2,28
-1269.89959648023,2,29
-1269.699585779804,2,30
-1269.5082210270793,2,31
-1269.3252676549484,2,32
-1269.1505099420726,2,33
-1268.983695478556,2,34
-1268.824507094364,2,35
-1268.6725571331178,2,36
-1268.5273978364319,2,37
-1268.3885415537165,2,38
-1268.2554852336518,2,39
-1268.1277347827713,2,40
-1268.0048261964957,2,41
-1267.886341651275,2,42
-1267.7719198269492,2,43
-1267.6612606167823,2,44
-1267.5541249254875,2,45
-1267.450330640852,2,46
-1267.3497459386033,2,47
-1267.252281034453,2,48
-1267.1578793417493,2,49
-1267.066508772491,2,50
-1266.978153700334,2,51
-1266.8928078969639,2,52
-1266.8104686130753,2,53
-1266.731131837187,2,54
-1266.6547886920687,2,55
-1266.5814228950371,2,56
-1266.5110091363267,2,57
-1266.4435122922075,2,58
-1266.3788872803952,2,59
-1266.3170794984521,2,60
-1266.2580256530532,2,61
-1266.2016549205287,2,62
-1266.1478903066725,2,63
-1266.0966501097191,2,64
-1266.047849455921,2,65
-1266.0014017553956,2,66
-1265.9572201181345,2,67
-1265.9152186212993,2,68
-1265.8753134365709,2,69
-1265.8374237839107,2,70
-1265.8014726961255,2,71
-1265.7673876093013,2,72
-1265.7351007716218,2,73
-1265.7045494837485,2,74
-1265.675676188631,2,75
-1265.6484284205922,2,76
-1265.6227586451832,2,77
-1265.5986239976137,2,78
-1265.5759859472241,2,79
-1265.5548099095072,2,80
-1265.5350648204783,2,81
-1265.5167226884014,2,82
-1265.4997581470286,2,83
-1265.4841480147447,2,84
-1265.4698708733395,2,85
-1265.456906675003,2,86
-1265.445236384367,2,87
-1265.4348416569535,2,88
-1265.4257045578563,2,89
-1265.4178073223984,2,90
-1265.4111321574192,2,91
-1265.405661078997,2,92
-1265.4013757868422,2,93
-1265.3982575721907,2,94
-1265.3962872544655,2,95
-1265.3954451442974,2,96
-1265.395711022893,2,97
-1265.3970641536787,2,98
-1265.3994832914536,2,99
-1265.4029467157889,2,100
-1265.4074322698025,2,101
-1265.4129174042089,2,102
-1265.4193792289198,2,103
-1265.4267945637966,2,104
-1265.4351399924776,2,105
-1265.44439191804,2,106
-1265.4545266122557,2,107
-1265.4655202683957,2,108
-1265.4773490474104,2,109
-1265.4899891257983,2,110
-1265.503416734712,2,111
-1265.517608201405,2,112
-1265.5325399831515,2,113
-1265.5481887017474,2,114
-1265.564531171518,2,115
-1265.5815444271077,2,116
-1265.5992057459157,2,117
-1265.6174926709016,2,118
-1265.636383029806,2,119
-1265.6558549531294,2,120
-1265.6758868834274,2,121
-1265.696457596567,2,122
-1265.7175462093396,2,123
-1265.7391321891998,2,124
-1265.7611953649136,2,125
-1265.78371593438,2,126
-1265.8066744714456,2,127
-1265.8300519322993,2,128
-1265.853829661108,2,129
-1265.8779893956803,2,130
-1265.9025132683594,2,131
-1265.9273838164813,2,132
-1265.952583979434,2,133
-1265.97809710484,2,134
-1266.0039069510349,2,135
-1266.0299976900392,2,136
-1266.0563539072934,2,137
-1266.0829606073376,2,138
-1266.1098032130255,2,139
-1266.136867567933,2,140
-1266.164139938534,2,141
-1266.19160701375,2,142
-1266.2192559073703,2,143
-1266.2470741583888,2,144
-1266.2750497317916,2,145
-1266.303171018757,2,146
-1266.331426837349,2,147
-1266.3598064324135,2,148
-1266.3882994756427,2,149
-1266.4168960640986,2,150
-1266.4455867208217,2,151
-1266.4743623931442,2,152
-1266.5032144517422,2,153
-1266.532134689321,2,154
-1266.561115318451,2,155
-1266.5901489695773,2,156
-1266.619228688827,2,157
-1266.6483479351166,2,158
-1266.6775005763618,2,159
-1266.7066808883046,2,160
-1266.7358835481423,2,161
-1266.7651036318857,2,162
-1266.7943366089899,2,163
-1266.823578339251,2,164
-1266.8528250659713,2,165
-1266.8820734111628,2,166
-1266.9113203679285,2,167
-1266.9405632989904,2,168
-1266.9697999249665,2,169
-1266.9990283200736,2,170
-1267.0282469040026,2,171
-1267.0574544352178,2,172
-1267.0866500026834,2,173
-1267.1158330170404,2,174
-1267.1450032030139,2,175
-1267.1741605914283,2,176
-1267.2033055084994,2,177
-1267.232438566722,2,178
-1267.2615606558875,2,179
-1267.2906729352078,2,180
-1267.3197768202715,2,181
-1267.3488739737506,2,182
-1267.3779662963943,2,183
-1267.4070559163458,2,184
-1267.4361451772018,2,185
-1267.4652366279063,2,186
-1267.494333012539,2,187
-1267.5234372592552,2,188
-1267.5525524692455,2,189
-1267.5816819052816,2,190
-1267.610828981094,2,191
-1267.6399972508239,2,192
-1267.6691903972055,2,193
-1267.6984122213514,2,194
-1267.727666631729,2,195
-1267.7569576328945,2,196
-1267.7862893156182,2,197
-1267.8156658453809,2,198
-1267.8450914530567,2,199
-1267.8745704237488,2,200
NA,1.9,1
-1318.0711236754626,1.9,2
-1293.4625404441667,1.9,3
-1284.8578859735717,1.9,4
-1285.1521214517172,1.9,5
-1282.327340161285,1.9,6
-1280.499936871781,1.9,7
-1279.909535938887,1.9,8
-1279.0425468208527,1.9,9
-1277.4005021041035,1.9,10
-1276.837291265578,1.9,11
-1276.0474145973496,1.9,12
-1275.4289367530778,1.9,13
-1274.8292903356055,1.9,14
-1274.2820234547085,1.9,15
-1273.7670294087186,1.9,16
-1273.143733962957,1.9,17
-1272.7253406480377,1.9,18
-1272.348253849716,1.9,19
-1272.0062682766504,1.9,20
-1271.6932842654414,1.9,21
-1271.4038966983567,1.9,22
-1270.9296566440014,1.9,23
-1270.674103041828,1.9,24
-1270.4318415348314,1.9,25
-1270.201152584712,1.9,26
-1269.9809231720656,1.9,27
-1269.7704656462029,1.9,28
-1269.5693548356571,1.9,29
-1269.3772954206431,1.9,30
-1269.1940247811758,1.9,31
-1269.0192510032036,1.9,32
-1268.8526219211562,1.9,33
-1268.6937186520636,1.9,34
-1268.5420662891256,1.9,35
-1268.3971545915265,1.9,36
-1268.258462666794,1.9,37
-1268.125482976056,1.9,38
-1267.9977415749656,1.9,39
-1267.8748129194012,1.9,40
-1267.7563287157634,1.9,41
-1267.6419811906514,1.9,42
-1267.5315216892961,1.9,43
-1267.4247557756737,1.9,44
-1267.321536065933,1.9,45
-1267.2217538968737,1.9,46
-1267.1253307201664,1.9,47
-1267.0322098940057,1.9,48
-1266.9423492924875,1.9,49
-1266.855714972584,1.9,50
-1266.772276032339,1.9,51
-1266.6920005831635,1.9,52
-1266.6148528370645,1.9,53
-1266.5407911480652,1.9,54
-1266.4697669079267,1.9,55
-1266.401724135671,1.9,56
-1266.3365996480375,1.9,57
-1266.2743236631493,1.9,58
-1266.214820734096,1.9,59
-1266.1580108995183,1.9,60
-1266.1038109584572,1.9,61
-1266.0521357842863,1.9,62
-1266.0028996180063,1.9,63
-1265.956017286586,1.9,64
-1265.9114053028509,1.9,65
-1265.8689828129786,1.9,66
-1265.8286723961564,1.9,67
-1265.790400671341,1.9,68
-1265.754098747082,1.9,69
-1265.7197024955497,1.9,70
-1265.6871526753969,1.9,71
-1265.656394913764,1.9,72
-1265.627379566415,1.9,73
-1265.6000614791028,1.9,74
-1265.5743996661056,1.9,75
-1265.5503569311609,1.9,76
-1265.527899448878,1.9,77
-1265.5069963236078,1.9,78
-1265.487619142034,1.9,79
-1265.4697415394146,1.9,80
-1265.4533387784509,1.9,81
-1265.438387362649,1.9,82
-1265.4248646871206,1.9,83
-1265.412748718215,1.9,84
-1265.40201773256,1.9,85
-1265.392650082056,1.9,86
-1265.3846240129033,1.9,87
-1265.3779175174168,1.9,88
-1265.3725082255621,1.9,89
-1265.3683733290793,1.9,90
-1265.365489534758,1.9,91
-1265.3638330435235,1.9,92
-1265.3633795498552,1.9,93
-1265.3641042596594,1.9,94
-1265.3659819208967,1.9,95
-1265.3689868651602,1.9,96
-1265.373093059413,1.9,97
-1265.37827415492,1.9,98
-1265.3845035502793,1.9,99
-1265.3917544457495,1.9,100
-1265.3999999032928,1.9,101
-1265.409212901803,1.9,102
-1265.4193663933756,1.9,103
-1265.4304333507223,1.9,104
-1265.4423868221645,1.9,105
-1265.4551999688038,1.9,106
-1265.4688461118171,1.9,107
-1265.4832987652069,1.9,108
-1265.4985316735242,1.9,109
-1265.514518842324,1.9,110
-1265.531234560886,1.9,111
-1265.5486534372208,1.9,112
-1265.5667504073087,1.9,113
-1265.5855007676512,1.9,114
-1265.60488018295,1.9,115
-1265.6248647060809,1.9,116
-1265.6454307945671,1.9,117
-1265.6665553166888,1.9,118
-1265.6882155668632,1.9,119
-1265.7103892741222,1.9,120
-1265.7330546106077,1.9,121
-1265.7561902000116,1.9,122
-1265.7797751227095,1.9,123
-1265.8037889242667,1.9,124
-1265.8282116189416,1.9,125
-1265.8530236954955,1.9,126
-1265.8782061209713,1.9,127
-1265.9037403469893,1.9,128
-1265.92960830239,1.9,129
-1265.9557924169578,1.9,130
-1265.9822756043854,1.9,131
-1266.0090412734048,1.9,132
-1266.0360733272887,1.9,133
-1266.0633561666436,1.9,134
-1266.090874691221,1.9,135
-1266.1186142971978,1.9,136
-1266.1465608832293,1.9,137
-1266.1747008456691,1.9,138
-1266.2030210806788,1.9,139
-1266.2315089842473,1.9,140
-1266.2601524500265,1.9,141
-1266.2889398690468,1.9,142
-1266.3178601286875,1.9,143
-1266.3469026095547,1.9,144
-1266.3760571844064,1.9,145
-1266.4053142147975,1.9,146
-1266.4346645488379,1.9,147
-1266.4640995180225,1.9,148
-1266.4936109311916,1.9,149
-1266.5231910751045,1.9,150
-1266.5528327055881,1.9,151
-1266.582529044344,1.9,152
-1266.6122737737883,1.9,153
-1266.6420610330886,1.9,154
-1266.6718854036174,1.9,155
-1266.701741918755,1.9,156
-1266.7316260412165,1.9,157
-1266.7615336660708,1.9,158
-1266.7914610997502,1.9,159
-1266.8214050756471,1.9,160
-1266.851362722268,1.9,161
-1266.881331566877,1.9,162
-1266.9113095226817,1.9,163
-1266.941294881558,1.9,164
-1266.971286302739,1.9,165
-1267.0012828036233,1.9,166
-1267.0312837496106,1.9,167
-1267.0612888428047,1.9,168
-1267.091298112025,1.9,169
-1267.1213119024264,1.9,170
-1267.1513308627582,1.9,171
-1267.1813559338939,1.9,172
-1267.2113883389875,1.9,173
-1267.2414295705144,1.9,174
-1267.2714813772163,1.9,175
-1267.301545755735,1.9,176
-1267.3316249330846,1.9,177
-1267.3617213592242,1.9,178
-1267.3918376921247,1.9,179
-1267.4219767862514,1.9,180
-1267.4521416800035,1.9,181
-1267.4823355836188,1.9,182
-1267.5125618661862,1.9,183
-1267.5428240439778,1.9,184
-1267.5731257682805,1.9,185
-1267.6034708124105,1.9,186
-1267.6338630609623,1.9,187
-1267.6643064970144,1.9,188
-1267.6948051906647,1.9,189
-1267.7253632874647,1.9,190
-1267.7559849969464,1.9,191
-1267.7866745821893,1.9,192
-1267.817436347171,1.9,193
-1267.8482746284294,1.9,194
-1267.8791937829055,1.9,195
-1267.910198178354,1.9,196
-1267.941292183661,1.9,197
-1267.9724801586099,1.9,198
-1268.0037664454428,1.9,199
-1268.0351553611372,1.9,200
NA,1.8,1
-1304.7354940807354,1.8,2
-1286.9364759627686,1.8,3
-1284.3749295271866,1.8,4
-1282.9453015053782,1.8,5
-1280.5426309589031,1.8,6
-1279.9441813212813,1.8,7
-1278.9086502804414,1.8,8
-1277.3572304006257,1.8,9
-1276.5721804341258,1.8,10
-1275.9266386042932,1.8,11
-1275.2810061250125,1.8,12
-1274.6797769678046,1.8,13
-1273.9523709319208,1.8,14
-1273.4380922195423,1.8,15
-1272.9768233702052,1.8,16
-1272.5634665194661,1.8,17
-1272.1910728412333,1.8,18
-1271.852474781779,1.8,19
-1271.3391279752266,1.8,20
-1271.048685564213,1.8,21
-1270.776250854548,1.8,22
-1270.5188525125898,1.8,23
-1270.2744593082716,1.8,24
-1270.041753202218,1.8,25
-1269.8199075704758,1.8,26
-1269.6083944252837,1.8,27
-1269.4068327021785,1.8,28
-1269.2148809666335,1.8,29
-1269.0321717395993,1.8,30
-1268.858280736279,1.8,31
-1268.6927224009532,1.8,32
-1268.5349628432543,1.8,33
-1268.3844421372864,1.8,34
-1268.2405994812198,1.8,35
-1268.1028965672317,1.8,36
-1267.9708362745516,1.8,37
-1267.8439753660364,1.8,38
-1267.721931061248,1.8,39
-1267.6043821840606,1.8,40
-1267.491066032997,1.8,41
-1267.3817722763254,1.8,42
-1267.2763351316937,1.8,43
-1267.17462486649,1.8,44
-1267.0765394278728,1.8,45
-1266.9819967422775,1.8,46
-1266.8909280075516,1.8,47
-1266.8032721288314,1.8,48
-1266.7189713174623,1.8,49
-1266.6379678005223,1.8,50
-1266.5602015312766,1.8,51
-1266.485608768143,1.8,52
-1266.4141213820392,1.8,53
-1266.3456667570995,1.8,54
-1266.280168144107,1.8,55
-1266.2175453408777,1.8,56
-1266.157715602262,1.8,57
-1266.100594674008,1.8,58
-1266.0460978634019,1.8,59
-1265.9941411143438,1.8,60
-1265.9446419707374,1.8,61
-1265.8975204584003,1.8,62
-1265.8526998077543,1.8,63
-1265.8101070398598,1.8,64
-1265.769673373204,1.8,65
-1265.7313344833321,1.8,66
-1265.6950306091437,1.8,67
-1265.6607065238386,1.8,68
-1265.6283113859852,1.8,69
-1265.5977984934225,1.8,70
-1265.569124958418,1.8,71
-1265.542251328576,1.8,72
-1265.5171411669726,1.8,73
-1265.4937606185297,1.8,74
-1265.4720779752492,1.8,75
-1265.4520632517329,1.8,76
-1265.4336877859182,1.8,77
-1265.4169238760314,1.8,78
-1265.4017444532992,1.8,79
-1265.3881227981062,1.8,80
-1265.3760323050037,1.8,81
-1265.365446284861,1.8,82
-1265.3563378152837,1.8,83
-1265.3486796283514,1.8,84
-1265.3424440354843,1.8,85
-1265.337602881544,1.8,86
-1265.334127529121,1.8,87
-1265.3319888638805,1.8,88
-1265.3311573181254,1.8,89
-1265.3316029101027,1.8,90
-1265.3332952930737,1.8,91
-1265.3362038118673,1.8,92
-1265.3402975629606,1.8,93
-1265.34554546304,1.8,94
-1265.3519163045019,1.8,95
-1265.3593788300518,1.8,96
-1265.3679017850163,1.8,97
-1265.3774539758808,1.8,98
-1265.3880043327956,1.8,99
-1265.3995219489696,1.8,100
-1265.4119761378918,1.8,101
-1265.4253364686735,1.8,102
-1265.4395728089319,1.8,103
-1265.454655355911,1.8,104
-1265.470554675046,1.8,105
-1265.4872417192632,1.8,106
-1265.5046878604571,1.8,107
-1265.522864911074,1.8,108
-1265.5417451432463,1.8,109
-1265.5613013051886,1.8,110
-1265.5815066425441,1.8,111
-1265.602334905588,1.8,112
-1265.623760366302,1.8,113
-1265.6457578288941,1.8,114
-1265.6683026390347,1.8,115
-1265.691370693134,1.8,116
-1265.7149384463419,1.8,117
-1265.738982918825,1.8,118
-1265.7634817036642,1.8,119
-1265.788412968606,1.8,120
-1265.8137554649552,1.8,121
-1265.8394885301093,1.8,122
-1265.865592090455,1.8,123
-1265.8920466576667,1.8,124
-1265.9188333497796,1.8,125
-1265.9459338719266,1.8,126
-1265.9733305282891,1.8,127
-1266.0010062193733,1.8,128
-1266.02894444637,1.8,129
-1266.0571293054745,1.8,130
-1266.0855454900968,1.8,131
-1266.114178288601,1.8,132
-1266.1430135823357,1.8,133
-1266.172037844389,1.8,134
-1266.2012381348507,1.8,135
-1266.2306020992994,1.8,136
-1266.2601179641426,1.8,137
-1266.289774532087,1.8,138
-1266.3195611779183,1.8,139
-1266.3494678435518,1.8,140
-1266.3794850292259,1.8,141
-1266.409603793319,1.8,142
-1266.4398157393305,1.8,143
-1266.4701130131016,1.8,144
-1266.5004882928208,1.8,145
-1266.53093478176,1.8,146
-1266.5614461994805,1.8,147
-1266.5920167742975,1.8,148
-1266.6226412307706,1.8,149
-1266.6533147837984,1.8,150
-1266.6840331254832,1.8,151
-1266.7147924162823,1.8,152
-1266.7455892715445,1.8,153
-1266.776420754957,1.8,154
-1266.8072843616928,1.8,155
-1266.8381780113054,1.8,156
-1266.8691000273845,1.8,157
-1266.9000491382346,1.8,158
-1266.931024451634,1.8,159
-1266.9620254471088,1.8,160
-1266.9930519622367,1.8,161
-1267.0241041795982,1.8,162
-1267.0551826122353,1.8,163
-1267.0862880895568,1.8,164
-1267.117421744377,1.8,165
-1267.1485849980988,1.8,166
-1267.1797795469731,1.8,167
-1267.2110073470558,1.8,168
-1267.242270601904,1.8,169
-1267.273571744378,1.8,170
-1267.3049134281682,1.8,171
-1267.3362985070414,1.8,172
-1267.367730025837,1.8,173
-1267.3992112035828,1.8,174
-1267.4307454204597,1.8,175
-1267.462336203827,1.8,176
-1267.4939872138655,1.8,177
-1267.525702231287,1.8,178
-1267.557485142309,1.8,179
-1267.5893399271756,1.8,180
-1267.621270646244,1.8,181
-1267.6532814276438,1.8,182
-1267.685376454879,1.8,183
-1267.7175599546358,1.8,184
-1267.7498361854548,1.8,185
-1267.7822094261016,1.8,186
-1267.8146839639933,1.8,187
-1267.8472640856203,1.8,188
-1267.8799540646035,1.8,189
-1267.9127581532382,1.8,190
-1267.9456805723896,1.8,191
-1267.978725501951,1.8,192
-1268.0118970713659,1.8,193
-1268.045199352732,1.8,194
-1268.0786363548698,1.8,195
-1268.1122120100727,1.8,196
-1268.145930171522,1.8,197
-1268.179794605085,1.8,198
-1268.2138089835505,1.8,199
-1268.2479768806616,1.8,200
NA,1.7,1
-1295.1789463194884,1.7,2
-1283.8518175208771,1.7,3
-1283.8190999077895,1.7,4
-1280.5905064833507,1.7,5
-1279.9973078117903,1.7,6
-1277.8702927313125,1.7,7
-1277.1225119003866,1.7,8
-1276.4664691769829,1.7,9
-1275.7776274685375,1.7,10
-1275.1167050507574,1.7,11
-1274.3258421439211,1.7,12
-1273.7521840732907,1.7,13
-1273.2389450360213,1.7,14
-1272.7817253051064,1.7,15
-1272.372796844545,1.7,16
-1271.8037392279493,1.7,17
-1271.4652094790954,1.7,18
-1271.1523639728507,1.7,19
-1270.8602908164714,1.7,20
-1270.5854715244727,1.7,21
-1270.3255206913573,1.7,22
-1270.0788894842601,1.7,23
-1269.8445881605494,1.7,24
-1269.6219556840363,1.7,25
-1269.4104869177027,1.7,26
-1269.2097168171597,1.7,27
-1269.019154332401,1.7,28
-1268.8382554184566,1.7,29
-1268.666423556356,1.7,30
-1268.5030269723488,1.7,31
-1268.3474235071567,1.7,32
-1268.1989863693605,1.7,33
-1268.0571263283202,1.7,34
-1267.9213079656708,1.7,35
-1267.7910592611781,1.7,36
-1267.66597494698,1.7,37
-1267.5457147697125,1.7,38
-1267.4299980725984,1.7,39
-1267.318596123892,1.7,40
-1267.2113234195747,1.7,41
-1267.108028905226,1.7,42
-1267.008587767534,1.7,43
-1266.9128942036532,1.7,44
-1266.8208553443217,1.7,45
-1266.7323863878673,1.7,46
-1266.6474068835887,1.7,47
-1266.5658380597285,1.7,48
-1266.487601055755,1.7,49
-1266.4126159079003,1.7,50
-1266.3408011406827,1.7,51
-1266.2720738331882,1.7,52
-1266.2063500003785,1.7,53
-1266.1435452199555,1.7,54
-1266.08357537159,1.7,55
-1266.026357425875,1.7,56
-1265.9718102086872,1.7,57
-1265.9198551002187,1.7,58
-1265.8704166180723,1.7,59
-1265.8234228809788,1.7,60
-1265.778805930942,1.7,61
-1265.736501904742,1.7,62
-1265.6964510800979,1.7,63
-1265.6585977921593,1.7,64
-1265.622890246642,1.7,65
-1265.5892802425208,1.7,66
-1265.5577228331977,1.7,67
-1265.5281759360846,1.7,68
-1265.500599920464,1.7,69
-1265.4749571894913,1.7,70
-1265.4512117677557,1.7,71
-1265.429328913709,1.7,72
-1265.409274760766,1.7,73
-1265.3910160028497,1.7,74
-1265.3745196187847,1.7,75
-1265.3597526446245,1.7,76
-1265.3466819954633,1.7,77
-1265.3352743233022,1.7,78
-1265.3254959227622,1.7,79
-1265.317312671284,1.7,80
-1265.3106900005412,1.7,81
-1265.3055928951876,1.7,82
-1265.3019859158953,1.7,83
-1265.2998332373725,1.7,84
-1265.299098700786,1.7,85
-1265.2997458769544,1.7,86
-1265.3017381297623,1.7,87
-1265.3050386957225,1.7,88
-1265.3096107466245,1.7,89
-1265.3154174661713,1.7,90
-1265.3224221172177,1.7,91
-1265.3305881059591,1.7,92
-1265.3398790466485,1.7,93
-1265.3502588153428,1.7,94
-1265.3616916042777,1.7,95
-1265.3741419699634,1.7,96
-1265.3875748766316,1.7,97
-1265.4019557356792,1.7,98
-1265.4172504400487,1.7,99
-1265.43342539929,1.7,100
-1265.450447568271,1.7,101
-1265.468284465738,1.7,102
-1265.4869042065084,1.7,103
-1265.5062755150539,1.7,104
-1265.5263677488958,1.7,105
-1265.5471509096403,1.7,106
-1265.568595659289,1.7,107
-1265.5906733341728,1.7,108
-1265.6133559541368,1.7,109
-1265.6366162332029,1.7,110
-1265.6604275884047,1.7,111
-1265.6847641438674,1.7,112
-1265.7096007438302,1.7,113
-1265.7349129497943,1.7,114
-1265.7606770513203,1.7,115
-1265.7868700636047,1.7,116
-1265.8134697359194,1.7,117
-1265.8404545470164,1.7,118
-1265.8678037110517,1.7,119
-1265.8954971743603,1.7,120
-1265.9235156136642,1.7,121
-1265.9518404390851,1.7,122
-1265.9804537869727,1.7,123
-1266.0093385187279,1.7,124
-1266.038478216304,1.7,125
-1266.0678571795981,1.7,126
-1266.097460418286,1.7,127
-1266.1272736475423,1.7,128
-1266.157283281492,1.7,129
-1266.1874764256181,1.7,130
-1266.2178408684035,1.7,131
-1266.2483650732113,1.7,132
-1266.279038170752,1.7,133
-1266.3098499463176,1.7,134
-1266.3407908316294,1.7,135
-1266.3718518938445,1.7,136
-1266.4030248234653,1.7,137
-1266.434301923426,1.7,138
-1266.4656760960575,1.7,139
-1266.497140830373,1.7,140
-1266.5286901888367,1.7,141
-1266.5603187940965,1.7,142
-1266.5920218139204,1.7,143
-1266.623794948725,1.7,144
-1266.6556344132446,1.7,145
-1266.687536924475,1.7,146
-1266.7194996856788,1.7,147
-1266.7515203697922,1.7,148
-1266.7835971030606,1.7,149
-1266.815728449845,1.7,150
-1266.8479133955261,1.7,151
-1266.8801513307753,1.7,152
-1266.9124420320204,1.7,153
-1266.9447856487795,1.7,154
-1266.9771826832668,1.7,155
-1267.0096339746178,1.7,156
-1267.042140681297,1.7,157
-1267.0747042649803,1.7,158
-1267.107326472096,1.7,159
-1267.1400093172851,1.7,160
-1267.1727550672292,1.7,161
-1267.2055662227635,1.7,162
-1267.2384455024194,1.7,163
-1267.2713958258503,1.7,164
-1267.30442029748,1.7,165
-1267.3375221904812,1.7,166
-1267.3707049306017,1.7,167
-1267.4039720809171,1.7,168
-1267.43732732494,1.7,169
-1267.470774454293,1.7,170
-1267.5043173510294,1.7,171
-1267.537959975032,1.7,172
-1267.571706349476,1.7,173
-1267.6055605471502,1.7,174
-1267.6395266770505,1.7,175
-1267.6736088722255,1.7,176
-1267.7078112764284,1.7,177
-1267.7421380328062,1.7,178
-1267.7765932727011,1.7,179
-1267.8111811040753,1.7,180
-1267.8459056002782,1.7,181
-1267.8807707917483,1.7,182
-1267.9157806571548,1.7,183
-1267.9509391080946,1.7,184
-1267.9862499892142,1.7,185
-1268.0217170644582,1.7,186
-1268.0573440136955,1.7,187
-1268.093134420184,1.7,188
-1268.1290917680706,1.7,189
-1268.1652194364729,1.7,190
-1268.201520688426,1.7,191
-1268.237998676181,1.7,192
-1268.274656425527,1.7,193
-1268.3114968384211,1.7,194
-1268.3485226881598,1.7,195
-1268.3857366130171,1.7,196
-1268.4231411185344,1.7,197
-1268.4607385707113,1.7,198
-1268.4985311957369,1.7,199
-1268.5365210781936,1.7,200
NA,1.6,1
-1287.4646387048115,1.6,2
-1284.7867380895464,1.6,3
-1280.6477719129366,1.6,4
-1280.0446446433539,1.6,5
-1277.8665944194634,1.6,6
-1277.058965588014,1.6,7
-1276.3398359169612,1.6,8
-1275.6147666787951,1.6,9
-1274.7477014725803,1.6,10
-1274.0998932641414,1.6,11
-1273.5211286720514,1.6,12
-1273.0088428102733,1.6,13
-1272.3571136004794,1.6,14
-1271.9488921571376,1.6,15
-1271.5789295907655,1.6,16
-1271.2393125421247,1.6,17
-1270.9240717409011,1.6,18
-1270.6289945872493,1.6,19
-1270.3512564320006,1.6,20
-1270.0890202020687,1.6,21
-1269.8410810629343,1.6,22
-1269.606587799799,1.6,23
-1269.3848466671122,1.6,24
-1269.1751996130577,1.6,25
-1268.9769623659513,1.6,26
-1268.7894057826093,1.6,27
-1268.6117648900306,1.6,28
-1268.443262388838,1.6,29
-1268.2831366211528,1.6,30
-1268.1306672655196,1.6,31
-1267.9851949646422,1.6,32
-1267.8461334319572,1.6,33
-1267.7129742622028,1.6,34
-1267.5852856616655,1.6,35
-1267.462706765653,1.6,36
-1267.3449392288292,1.6,37
-1267.2317375532434,1.6,38
-1267.1228992728918,1.6,39
-1267.018255759329,1.6,40
-1266.9176640972134,1.6,41
-1266.8210002239346,1.6,42
-1266.728153415629,1.6,43
-1266.6390219845703,1.6,44
-1266.5535101218156,1.6,45
-1266.4715256875145,1.6,46
-1266.3929788039497,1.6,47
-1266.3177810741686,1.6,48
-1266.2458452783653,1.6,49
-1266.1770854216854,1.6,50
-1266.1114169955952,1.6,51
-1266.048757390768,1.6,52
-1265.9890263261025,1.6,53
-1265.9321462835837,1.6,54
-1265.878042875804,1.6,55
-1265.826645114428,1.6,56
-1265.7778855861025,1.6,57
-1265.731700495514,1.6,58
-1265.6880296059946,1.6,59
-1265.6468160850893,1.6,60
-1265.6080062512235,1.6,61
-1265.571549268474,1.6,62
-1265.5373967857688,1.6,63
-1265.505502555372,1.6,64
-1265.4758220380627,1.6,65
-1265.4483120268058,1.6,66
-1265.4229302830797,1.6,67
-1265.3996352126974,1.6,68
-1265.378385582345,1.6,69
-1265.3591402783206,1.6,70
-1265.341858114357,1.6,71
-1265.32649768471,1.6,72
-1265.313017262165,1.6,73
-1265.3013747360455,1.6,74
-1265.2915275849,1.6,75
-1265.2834328786578,1.6,76
-1265.2770473072771,1.6,77
-1265.272327227275,1.6,78
-1265.2692287251537,1.6,79
-1265.2677076856653,1.6,80
-1265.267719877671,1.6,81
-1265.2692210282394,1.6,82
-1265.2721669109426,1.6,83
-1265.2765134242372,1.6,84
-1265.2822166717624,1.6,85
-1265.2892330364627,1.6,86
-1265.2975192485226,1.6,87
-1265.3070324561068,1.6,88
-1265.3177302775098,1.6,89
-1265.3295708640449,1.6,90
-1265.3425129428033,1.6,91
-1265.356515866987,1.6,92
-1265.3715396523946,1.6,93
-1265.387545018701,1.6,94
-1265.4044934181893,1.6,95
-1265.4223470644208,1.6,96
-1265.441068962241,1.6,97
-1265.4606229295973,1.6,98
-1265.4809736148786,1.6,99
-1265.5020865176734,1.6,100
-1265.52392800389,1.6,101
-1265.546465318853,1.6,102
-1265.5696665988194,1.6,103
-1265.593500881599,1.6,104
-1265.617938113163,1.6,105
-1265.6429491555648,1.6,106
-1265.668505789502,1.6,107
-1265.6945807211368,1.6,108
-1265.7211475798313,1.6,109
-1265.7481809206915,1.6,110
-1265.7756562259433,1.6,111
-1265.8035498995962,1.6,112
-1265.8318392640385,1.6,113
-1265.8605025580177,1.6,114
-1265.8895189315701,1.6,115
-1265.9188684346184,1.6,116
-1265.9485320155495,1.6,117
-1265.9784915082398,1.6,118
-1266.00872962362,1.6,119
-1266.0392299386576,1.6,120
-1266.069976886562,1.6,121
-1266.100955742249,1.6,122
-1266.132152610407,1.6,123
-1266.1635544120925,1.6,124
-1266.1951488677068,1.6,125
-1266.2269244844645,1.6,126
-1266.25887053907,1.6,127
-1266.2909770608503,1.6,128
-1266.3232348146635,1.6,129
-1266.3556352833102,1.6,130
-1266.388170649285,1.6,131
-1266.4208337756293,1.6,132
-1266.45361818746,1.6,133
-1266.4865180506317,1.6,134
-1266.5195281556391,1.6,135
-1266.552643890353,1.6,136
-1266.585861229074,1.6,137
-1266.6191767032406,1.6,138
-1266.6525873834369,1.6,139
-1266.6860908601982,1.6,140
-1266.7196852211453,1.6,141
-1266.7533690274213,1.6,142
-1266.78714129524,1.6,143
-1266.8210014747674,1.6,144
-1266.8549494250583,1.6,145
-1266.8889853963615,1.6,146
-1266.9231100063146,1.6,147
-1266.9573242200559,1.6,148
-1266.9916293295378,1.6,149
-1267.0260269303317,1.6,150
-1267.0605189035932,1.6,151
-1267.0951073937451,1.6,152
-1267.1297947896205,1.6,153
-1267.1645837041435,1.6,154
-1267.1994769542596,1.6,155
-1267.2344775425943,1.6,156
-1267.2695886379122,1.6,157
-1267.3048135583128,1.6,158
-1267.3401557506172,1.6,159
-1267.3756187764675,1.6,160
-1267.4112062922886,1.6,161
-1267.4469220340825,1.6,162
-1267.4827698017934,1.6,163
-1267.5187534435242,1.6,164
-1267.5548768404672,1.6,165
-1267.5911438936937,1.6,166
-1267.6275585087974,1.6,167
-1267.6641245842056,1.6,168
-1267.700845998343,1.6,169
-1267.7377265973405,1.6,170
-1267.7747701838614,1.6,171
-1267.8119805069543,1.6,172
-1267.849361250002,1.6,173
-1267.886916026033,1.6,174
-1267.9246483599393,1.6,175
-1267.9625616923968,1.6,176
-1268.000659362406,1.6,177
-1268.0389446032832,1.6,178
-1268.0774205372054,1.6,179
-1268.1160901684038,1.6,180
-1268.1549563775288,1.6,181
-1268.1940219178452,1.6,182
-1268.2332894102592,1.6,183
-1268.2727613391824,1.6,184
-1268.3124400505233,1.6,185
-1268.3523277491245,1.6,186
-1268.392426494841,1.6,187
-1268.4327382019862,1.6,188
-1268.4732646378657,1.6,189
-1268.5140074213905,1.6,190
-1268.5549680240126,1.6,191
-1268.5961477694264,1.6,192
-1268.63754783159,1.6,193
-1268.6791692387496,1.6,194
-1268.7210128715374,1.6,195
-1268.7630794667225,1.6,196
-1268.8053696182956,1.6,197
-1268.8478837766663,1.6,198
-1268.8906222557728,1.6,199
-1268.9335852334561,1.6,200
NA,1.5,1
-1283.876227439065,1.5,2
-1281.1010881910115,1.5,3
-1280.1095554517287,1.5,4
-1277.8768765742502,1.5,5
-1276.9929304920815,1.5,6
-1276.2096964715722,1.5,7
-1275.251051305637,1.5,8
-1274.5069473656529,1.5,9
-1273.8413520446638,1.5,10
-1273.061982459223,1.5,11
-1272.5467793039077,1.5,12
-1272.0907130157566,1.5,13
-1271.6815101439593,1.5,14
-1271.3090956168865,1.5,15
-1270.9659914808253,1.5,16
-1270.6470191428768,1.5,17
-1270.3487489862878,1.5,18
-1270.0689372669897,1.5,19
-1269.8060576282858,1.5,20
-1269.5589593379805,1.5,21
-1269.32664637791,1.5,22
-1269.1081551805319,1.5,23
-1268.902504175465,1.5,24
-1268.7086896864034,1.5,25
-1268.5257070453488,1.5,26
-1268.3525811382365,1.5,27
-1268.188395914033,1.5,28
-1268.0323170158354,1.5,29
-1267.8836052870352,1.5,30
-1267.741621350468,1.5,31
-1267.605822873635,1.5,32
-1267.4757566922726,1.5,33
-1267.351047935832,1.5,34
-1267.2313879387218,1.5,35
-1267.1165222625414,1.5,36
-1267.0062396519843,1.5,37
-1266.9003623827043,1.5,38
-1266.7987381820062,1.5,39
-1266.701233694982,1.5,40
-1266.6077293915405,1.5,41
-1266.5181157244976,1.5,42
-1266.432290350503,1.5,43
-1266.3501562237632,1.5,44
-1266.2716203542507,1.5,45
-1266.1965930922518,1.5,46
-1266.1249877635823,1.5,47
-1266.056720565785,1.5,48
-1265.991710580117,1.5,49
-1265.9298798593888,1.5,50
-1265.871153510317,1.5,51
-1265.8154597298276,1.5,52
-1265.7627297911265,1.5,53
-1265.7128979341667,1.5,54
-1265.6659011941374,1.5,55
-1265.6216791563338,1.5,56
-1265.5801736587089,1.5,57
-1265.5413284600686,1.5,58
-1265.5050888845064,1.5,59
-1265.471401469782,1.5,60
-1265.4402136290937,1.5,61
-1265.4114733384242,1.5,62
-1265.3851288664696,1.5,63
-1265.3611285430127,1.5,64
-1265.3394205782402,1.5,65
-1265.3199529276885,1.5,66
-1265.302673203665,1.5,67
-1265.2875286240965,1.5,68
-1265.27446601445,1.5,69
-1265.2634318168198,1.5,70
-1265.2543721438922,1.5,71
-1265.2472328451258,1.5,72
-1265.2419595913564,1.5,73
-1265.2384979641236,1.5,74
-1265.2367935546222,1.5,75
-1265.2367920686436,1.5,76
-1265.2384394174505,1.5,77
-1265.2416818280394,1.5,78
-1265.2464659275377,1.5,79
-1265.252738834848,1.5,80
-1265.2604482462664,1.5,81
-1265.2695425082488,1.5,82
-1265.2799706941933,1.5,83
-1265.2916826619992,1.5,84
-1265.3046291194885,1.5,85
-1265.3187616736873,1.5,86
-1265.334032880068,1.5,87
-1265.3503962859454,1.5,88
-1265.367806463698,1.5,89
-1265.3862190543366,1.5,90
-1265.4055907865936,1.5,91
-1265.4258795083642,1.5,92
-1265.4470442057793,1.5,93
-1265.4690450253167,1.5,94
-1265.4918432858917,1.5,95
-1265.5154014937134,1.5,96
-1265.5396833470122,1.5,97
-1265.5646537526027,1.5,98
-1265.5902788188375,1.5,99
-1265.6165258676385,1.5,100
-1265.643363425267,1.5,101
-1265.6707612283285,1.5,102
-1265.6986902096291,1.5,103
-1265.7271225022714,1.5,104
-1265.7560314222155,1.5,105
-1265.7853914626075,1.5,106
-1265.8151782800287,1.5,107
-1265.8453686822443,1.5,108
-1265.8759406120441,1.5,109
-1265.9068731317243,1.5,110
-1265.938146404678,1.5,111
-1265.9697416763697,1.5,112
-1266.001641254569,1.5,113
-1266.033828488052,1.5,114
-1266.0662877436328,1.5,115
-1266.09900438363,1.5,116
-1266.131964743442,1.5,117
-1266.1651561035374,1.5,118
-1266.1985666667808,1.5,119
-1266.2321855311727,1.5,120
-1266.2660026639028,1.5,121
-1266.3000088735757,1.5,122
-1266.3341957842783,1.5,123
-1266.368555805906,1.5,124
-1266.4030821060212,1.5,125
-1266.4377685857864,1.5,126
-1266.4726098455062,1.5,127
-1266.5076011594645,1.5,128
-1266.5427384466486,1.5,129
-1266.5780182432368,1.5,130
-1266.6134376720038,1.5,131
-1266.6489944145349,1.5,132
-1266.6846866833398,1.5,133
-1266.7205131945948,1.5,134
-1266.7564731378266,1.5,135
-1266.792566150762,1.5,136
-1266.8287922896309,1.5,137
-1266.8651520046521,1.5,138
-1266.901646112662,1.5,139
-1266.938275766262,1.5,140
-1266.9750424400013,1.5,141
-1267.011947892437,1.5,142
-1267.0489941485719,1.5,143
-1267.0861834740494,1.5,144
-1267.123518351661,1.5,145
-1267.161001458752,1.5,146
-1267.1986356452392,1.5,147
-1267.2364239115414,1.5,148
-1267.2743693883324,1.5,149
-1267.3124753168925,1.5,150
-1267.3507450271718,1.5,151
-1267.3891819231528,1.5,152
-1267.4277894615461,1.5,153
-1267.4665711374062,1.5,154
-1267.505530464957,1.5,155
-1267.5446709640748,1.5,156
-1267.5839961453837,1.5,157
-1267.6235094953518,1.5,158
-1267.663214463861,1.5,159
-1267.7031144509886,1.5,160
-1267.7432127966238,1.5,161
-1267.7835127673795,1.5,162
-1267.8240175503693,1.5,163
-1267.8647302388938,1.5,164
-1267.9056538275793,1.5,165
-1267.9467912032492,1.5,166
-1267.9881451377362,1.5,167
-1268.0297182811798,1.5,168
-1268.0715131564648,1.5,169
-1268.113532154401,1.5,170
-1268.1557775293215,1.5,171
-1268.198251395025,1.5,172
-1268.2409557199844,1.5,173
-1268.2838923286488,1.5,174
-1268.3270628951277,1.5,175
-1268.3704689442682,1.5,176
-1268.414111849699,1.5,177
-1268.4579928333508,1.5,178
-1268.502112965656,1.5,179
-1268.546473166226,1.5,180
-1268.5910742038911,1.5,181
-1268.6359166983088,1.5,182
-1268.681001122118,1.5,183
-1268.7263278014282,1.5,184
-1268.7718969211312,1.5,185
-1268.817708522613,1.5,186
-1268.8637625114663,1.5,187
-1268.910058659056,1.5,188
-1268.95659660425,1.5,189
-1269.0033758581947,1.5,190
-1269.0503958099714,1.5,191
-1269.097655726312,1.5,192
-1269.145154760612,1.5,193
-1269.1928919543213,1.5,194
-1269.2408662397777,1.5,195
-1269.289076449123,1.5,196
-1269.3375213173624,1.5,197
-1269.3861994828842,1.5,198
-1269.4351094979393,1.5,199
-1269.4842498307737,1.5,200
NA,1.4,1
-1283.8953227821296,1.4,2
-1280.1889761545608,1.4,3
-1277.918339129459,1.4,4
-1276.9367180439515,1.4,5
-1275.894095155138,1.4,6
-1275.021932810921,1.4,7
-1274.2345049570115,1.4,8
-1273.354368555558,1.4,9
-1272.7577242119967,1.4,10
-1272.2375390029574,1.4,11
-1271.7772349287056,1.4,12
-1271.3632482235234,1.4,13
-1270.985720731754,1.4,14
-1270.6379826567825,1.4,15
-1270.315671120608,1.4,16
-1270.0158934605818,1.4,17
-1269.736586362108,1.4,18
-1269.4760912859938,1.4,19
-1269.2329114992533,1.4,20
-1269.0056003148945,1.4,21
-1268.7927324763912,1.4,22
-1268.5929201380413,1.4,23
-1268.4048458971995,1.4,24
-1268.2272957159912,1.4,25
-1268.0591827698036,1.4,26
-1267.8995592523179,1.4,27
-1267.7476168867524,1.4,28
-1267.602678758059,1.4,29
-1267.4641856244368,1.4,30
-1267.3316795398152,1.4,31
-1267.2047869880307,1.4,32
-1267.0832029592661,1.4,33
-1266.9666767807746,1.4,34
-1266.8550000435507,1.4,35
-1266.7479966534947,1.4,36
-1266.6455148752555,1.4,37
-1266.5474211301253,1.4,38
-1266.4535952877875,1.4,39
-1266.363927202977,1.4,40
-1266.2783142269448,1.4,41
-1266.1966594912428,1.4,42
-1266.1188707507897,1.4,43
-1266.0448596440308,1.4,44
-1265.9745412030284,1.4,45
-1265.9078335368329,1.4,46
-1265.8446575872729,1.4,47
-1265.7849369092967,1.4,48
-1265.7285974497952,1.4,49
-1265.6755672820605,1.4,50
-1265.6257763281021,1.4,51
-1265.5791560375542,1.4,52
-1265.535639068141,1.4,53
-1265.4951589520479,1.4,54
-1265.4576497861772,1.4,55
-1265.42304594823,1.4,56
-1265.3912818495187,1.4,57
-1265.3622917376044,1.4,58
-1265.3360095438145,1.4,59
-1265.3123687858006,1.4,60
-1265.2913025156618,1.4,61
-1265.272743314668,1.4,62
-1265.2566233247167,1.4,63
-1265.2428743131343,1.4,64
-1265.2314277636535,1.4,65
-1265.2222149871861,1.4,66
-1265.215167244605,1.4,67
-1265.2102158768987,1.4,68
-1265.2072924467734,1.4,69
-1265.2063288667387,1.4,70
-1265.2072575371337,1.4,71
-1265.2100114713924,1.4,72
-1265.2145244202652,1.4,73
-1265.2207309817875,1.4,74
-1265.2285667112576,1.4,75
-1265.2379682140822,1.4,76
-1265.2488732379247,1.4,77
-1265.2612207521838,1.4,78
-1265.2749510180959,1.4,79
-1265.2900056562967,1.4,80
-1265.3063276980815,1.4,81
-1265.323861642451,1.4,82
-1265.342553491354,1.4,83
-1265.3623507902873,1.4,84
-1265.383202656763,1.4,85
-1265.405059805226,1.4,86
-1265.4278745660035,1.4,87
-1265.4516008983157,1.4,88
-1265.4761944008437,1.4,89
-1265.5016123146065,1.4,90
-1265.527813523897,1.4,91
-1265.554758554301,1.4,92
-1265.5824095608725,1.4,93
-1265.6107303204678,1.4,94
-1265.6396862188158,1.4,95
-1265.6692442285905,1.4,96
-1265.699372893555,1.4,97
-1265.73004230186,1.4,98
-1265.7612240656606,1.4,99
-1265.7928912896548,1.4,100
-1265.8250185442955,1.4,101
-1265.8575818326563,1.4,102
-1265.890558559715,1.4,103
-1265.9239274967938,1.4,104
-1265.9576687465392,1.4,105
-1265.9917637050662,1.4,106
-1266.026195027379,1.4,107
-1266.0609465852704,1.4,108
-1266.0960034304142,1.4,109
-1266.1313517536826,1.4,110
-1266.1669788453041,1.4,111
-1266.2028730546242,1.4,112
-1266.2390237482705,1.4,113
-1266.275421270535,1.4,114
-1266.3120569027506,1.4,115
-1266.3489228171684,1.4,116
-1266.3860120479385,1.4,117
-1266.4233184357424,1.4,118
-1266.4608366012737,1.4,119
-1266.4985618964545,1.4,120
-1266.5364903676937,1.4,121
-1266.5746187189918,1.4,122
-1266.6129442709864,1.4,123
-1266.6514649246715,1.4,124
-1266.69017912456,1.4,125
-1266.729085821332,1.4,126
-1266.7681844377073,1.4,127
-1266.8074748330735,1.4,128
-1266.8469572697738,1.4,129
-1266.8866323798416,1.4,130
-1266.926501134014,1.4,131
-1266.9665648081927,1.4,132
-1267.0068249577728,1.4,133
-1267.047283384077,1.4,134
-1267.0879421085542,1.4,135
-1267.1288033453461,1.4,136
-1267.1698694750055,1.4,137
-1267.2111430201371,1.4,138
-1267.2526266211244,1.4,139
-1267.2943230129333,1.4,140
-1267.3362350046352,1.4,141
-1267.3783654573692,1.4,142
-1267.4207172660374,1.4,143
-1267.463293339893,1.4,144
-1267.5060965863395,1.4,145
-1267.5491298932668,1.4,146
-1267.592396114705,1.4,147
-1267.6358980559444,1.4,148
-1267.6796384614017,1.4,149
-1267.7236200009852,1.4,150
-1267.7678452600042,1.4,151
-1267.812316729609,1.4,152
-1267.8570367948237,1.4,153
-1267.902007728599,1.4,154
-1267.9472316843694,1.4,155
-1267.992710687625,1.4,156
-1268.038446631275,1.4,157
-1268.084441271365,1.4,158
-1268.1306962215338,1.4,159
-1268.1772129501917,1.4,160
-1268.223992778311,1.4,161
-1268.271036875048,1.4,162
-1268.3183462603954,1.4,163
-1268.3659218008213,1.4,164
-1268.4137642101946,1.4,165
-1268.4618740507965,1.4,166
-1268.510251733431,1.4,167
-1268.5588975190938,1.4,168
-1268.6078115196694,1.4,169
-1268.6569937032646,1.4,170
-1268.706443892499,1.4,171
-1268.7561617713766,1.4,172
-1268.8061468861665,1.4,173
-1268.8563986491588,1.4,174
-1268.906916344236,1.4,175
-1268.957699129471,1.4,176
-1269.0087460416644,1.4,177
-1269.0600560011183,1.4,178
-1269.1116278168668,1.4,179
-1269.1634601901553,1.4,180
-1269.2155517207839,1.4,181
-1269.2679009113251,1.4,182
-1269.3205061730484,1.4,183
-1269.3733658292633,1.4,184
-1269.4264781233599,1.4,185
-1269.4798412216003,1.4,186
-1269.5334532202553,1.4,187
-1269.5873121495758,1.4,188
-1269.6414159795233,1.4,189
-1269.6957626231876,1.4,190
-1269.750349946173,1.4,191
-1269.8051757673268,1.4,192
-1269.8602378654612,1.4,193
-1269.9155339838526,1.4,194
-1269.9710618364018,1.4,195
-1270.0268191107202,1.4,196
-1270.0828034730152,1.4,197
-1270.1390125720545,1.4,198
-1270.1954440446489,1.4,199
-1270.2520955200382,1.4,200
NA,1.3,1
-1280.31194997398,1.3,2
-1277.8422939134578,1.3,3
-1276.9290153384839,1.3,4
-1275.7389847821848,1.3,5
-1274.7716498980872,1.3,6
-1273.7377956452458,1.3,7
-1273.0196708814265,1.3,8
-1272.407310599292,1.3,9
-1271.87645665988,1.3,10
-1271.407215282063,1.3,11
-1270.9855093463727,1.3,12
-1270.6020861933089,1.3,13
-1270.2509650723098,1.3,14
-1269.928098892158,1.3,15
-1269.6304562903665,1.3,16
-1269.3554885922008,1.3,17
-1269.1008735146888,1.3,18
-1268.8644278699296,1.3,19
-1268.644106590544,1.3,20
-1268.4380334307416,1.3,21
-1268.2445324340654,1.3,22
-1268.0621461245298,1.3,23
-1267.8896372202803,1.3,24
-1267.7259763858533,1.3,25
-1267.5703207396846,1.3,26
-1267.4219878497895,1.3,27
-1267.2804289077567,1.3,28
-1267.145203498109,1.3,29
-1267.0159572629861,1.3,30
-1266.8924029306088,1.3,31
-1266.77430471728,1.3,32
-1266.6614657927246,1.3,33
-1266.5537184483887,1.3,34
-1266.4509165245577,1.3,35
-1266.352929714077,1.3,36
-1266.2596393450442,1.3,37
-1266.1709353339008,1.3,38
-1266.0867140123999,1.3,39
-1266.006876593159,1.3,40
-1265.9313280792146,1.3,41
-1265.8599764670737,1.3,42
-1265.7927321296672,1.3,43
-1265.729507314114,1.3,44
-1265.6702156942752,1.3,45
-1265.6147719581336,1.3,46
-1265.563091431151,1.3,47
-1265.5150897211984,1.3,48
-1265.4706824070015,1.3,49
-1265.4297847716762,1.3,50
-1265.3923115891332,1.3,51
-1265.3581769783436,1.3,52
-1265.3272943088314,1.3,53
-1265.299576178332,1.3,54
-1265.2749344403771,1.3,55
-1265.2532802838696,1.3,56
-1265.2345243570153,1.3,57
-1265.2185769227654,1.3,58
-1265.20534803886,1.3,59
-1265.1947477553917,1.3,60
-1265.1866863263704,1.3,61
-1265.1810744143181,1.3,62
-1265.1778233026505,1.3,63
-1265.176845097286,1.3,64
-1265.1780529206476,1.3,65
-1265.181361092396,1.3,66
-1265.1866852984467,1.3,67
-1265.193942747388,1.3,68
-1265.2030523085373,1.3,69
-1265.2139346397325,1.3,70
-1265.2265122981373,1.3,71
-1265.2407098388524,1.3,72
-1265.2564538974848,1.3,73
-1265.2736732628593,1.3,74
-1265.292298935869,1.3,75
-1265.312264176435,1.3,76
-1265.3335045408332,1.3,77
-1265.3559579081636,1.3,78
-1265.3795644969246,1.3,79
-1265.4042668727438,1.3,80
-1265.430009949942,1.3,81
-1265.456740980326,1.3,82
-1265.4844095415056,1.3,83
-1265.51296751667,1.3,84
-1265.542369063315,1.3,85
-1265.5725705835825,1.3,86
-1265.603530686505,1.3,87
-1265.635210148116,1.3,88
-1265.6675718628112,1.3,89
-1265.7005807976595,1.3,90
-1265.7342039393025,1.3,91
-1265.7684102402984,1.3,92
-1265.8031705625096,1.3,93
-1265.8384576178755,1.3,94
-1265.8742459110574,1.3,95
-1265.9105116762164,1.3,96
-1265.9472328164925,1.3,97
-1265.9843888388616,1.3,98
-1266.0219607961453,1.3,99
-1266.0599312192023,1.3,100
-1266.0982840554773,1.3,101
-1266.137004606758,1.3,102
-1266.176079466288,1.3,103
-1266.215496454925,1.3,104
-1266.2552445618692,1.3,105
-1266.295313885603,1.3,106
-1266.335695569654,1.3,107
-1266.3763817477397,1.3,108
-1266.4173654841168,1.3,109
-1266.4586407190725,1.3,110
-1266.500202212482,1.3,111
-1266.5420454910882,1.3,112
-1266.584166794657,1.3,113
-1266.6265630277123,1.3,114
-1266.66923170686,1.3,115
-1266.712170915828,1.3,116
-1266.7553792578162,1.3,117
-1266.798855810893,1.3,118
-1266.8426000853772,1.3,119
-1266.886611982267,1.3,120
-1266.9308917529859,1.3,121
-1266.9754399622068,1.3,122
-1267.0202574507052,1.3,123
-1267.0653453003981,1.3,124
-1267.110704802862,1.3,125
-1267.1563374254129,1.3,126
-1267.2022447843933,1.3,127
-1267.248428613341,1.3,128
-1267.294890739697,1.3,129
-1267.3416330581504,1.3,130
-1267.388657508018,1.3,131
-1267.4359660517143,1.3,132
-1267.483560652777,1.3,133
-1267.5314432592384,1.3,134
-1267.5796157851958,1.3,135
-1267.6280800942955,1.3,136
-1267.6768379868008,1.3,137
-1267.7258911845342,1.3,138
-1267.7752413211858,1.3,139
-1267.824889929503,1.3,140
-1267.8748384326736,1.3,141
-1267.9250881367982,1.3,142
-1267.975640221646,1.3,143
-1268.026495736916,1.3,144
-1268.0776555957073,1.3,145
-1268.1291205711648,1.3,146
-1268.1808912917966,1.3,147
-1268.2329682408035,1.3,148
-1268.2853517535243,1.3,149
-1268.338042016392,1.3,150
-1268.391039068729,1.3,151
-1268.4443428013442,1.3,152
-1268.4979529581085,1.3,153
-1268.5518691370746,1.3,154
-1268.6060907962772,1.3,155
-1268.6606172525558,1.3,156
-1268.7154476867076,1.3,157
-1268.7705811463147,1.3,158
-1268.8260165504703,1.3,159
-1268.8817526947707,1.3,160
-1268.9377882539718,1.3,161
-1268.9941217885423,1.3,162
-1269.050751749346,1.3,163
-1269.1076764828854,1.3,164
-1269.164894236552,1.3,165
-1269.2224031641906,1.3,166
-1269.2802013316143,1.3,167
-1269.3382867242694,1.3,168
-1269.396657249819,1.3,169
-1269.4553107450326,1.3,170
-1269.514244983543,1.3,171
-1269.5734576794914,1.3,172
-1269.6329464932892,1.3,173
-1269.6927090379618,1.3,174
-1269.752742883919,1.3,175
-1269.8130455667786,1.3,176
-1269.8736145881103,1.3,177
-1269.9344474247337,1.3,178
-1269.9955415335849,1.3,179
-1270.0568943532724,1.3,180
-1270.1185033141242,1.3,181
-1270.1803658362774,1.3,182
-1270.2424793397627,1.3,183
-1270.3048412463925,1.3,184
-1270.3674489840482,1.3,185
-1270.4302999909694,1.3,186
-1270.4933917183919,1.3,187
-1270.556721636604,1.3,188
-1270.620287233158,1.3,189
-1270.6840860230327,1.3,190
-1270.7481155475193,1.3,191
-1270.8123733758014,1.3,192
-1270.8768571103553,1.3,193
-1270.9415643877915,1.3,194
-1271.0064928822148,1.3,195
-1271.0716403062227,1.3,196
-1271.1370044110893,1.3,197
-1271.2025829944039,1.3,198
-1271.26837389364,1.3,199
-1271.3343749924181,1.3,200
NA,1.2,1
-1278.2339134327929,1.2,2
-1276.988029395461,1.2,3
-1275.6079785168733,1.2,4
-1274.3182330694383,1.2,5
-1273.397992458538,1.2,6
-1272.6390597237437,1.2,7
-1272.0022263212115,1.2,8
-1271.4543369552548,1.2,9
-1270.972682881943,1.2,10
-1270.5429020078745,1.2,11
-1270.1558629221981,1.2,12
-1269.8052863583998,1.2,13
-1269.4863312349594,1.2,14
-1269.1948990079413,1.2,15
-1268.9273602249903,1.2,16
-1268.680484118832,1.2,17
-1268.45144006263,1.2,18
-1268.2378055902177,1.2,19
-1268.0375566268758,1.2,20
-1267.849037288378,1.2,21
-1267.6709156553777,1.2,22
-1267.5021336014536,1.2,23
-1267.3418571759835,1.2,24
-1267.1894314801336,1.2,25
-1267.0443418365005,1.2,26
-1266.9061815678974,1.2,27
-1266.7746259767741,1.2,28
-1266.649411710483,1.2,29
-1266.5303207074192,1.2,30
-1266.4171678946411,1.2,31
-1266.309791930694,1.2,32
-1266.2080483338787,1.2,33
-1266.1118044644518,1.2,34
-1266.0209358963737,1.2,35
-1265.935323798823,1.2,36
-1265.8548530298965,1.2,37
-1265.7794107365742,1.2,38
-1265.7088852876534,1.2,39
-1265.6431654491876,1.2,40
-1265.5821397338068,1.2,41
-1265.525695893104,1.2,42
-1265.473720534345,1.2,43
-1265.4260988535323,1.2,44
-1265.382714482075,1.2,45
-1265.3434494401674,1.2,46
-1265.3081841896724,1.2,47
-1265.2767977774306,1.2,48
-1265.2491680532717,1.2,49
-1265.2251719516112,1.2,50
-1265.2046858166298,1.2,51
-1265.1875857586067,1.2,52
-1265.173748029115,1.2,53
-1265.1630494015253,1.2,54
-1265.1553675434589,1.2,55
-1265.150581375729,1.2,56
-1265.1485714200824,1.2,57
-1265.1492201093645,1.2,58
-1265.1524120796237,1.2,59
-1265.15803443291,1.2,60
-1265.1659769665962,1.2,61
-1265.1761323739627,1.2,62
-1265.1883964202343,1.2,63
-1265.2026680838685,1.2,64
-1265.2188496764766,1.2,65
-1265.2368469353555,1.2,66
-1265.2565690925258,1.2,67
-1265.2779289232217,1.2,68
-1265.3008427745258,1.2,69
-1265.325230573102,1.2,70
-1265.3510158199351,1.2,71
-1265.3781255673832,1.2,72
-1265.4064903833967,1.2,73
-1265.4360443056407,1.2,74
-1265.466724781932,1.2,75
-1265.4984726023595,1.2,76
-1265.5312318252763,1.2,77
-1265.5649496938354,1.2,78
-1265.5995765476653,1.2,79
-1265.6350657286323,1.2,80
-1265.6713734875943,1.2,81
-1265.7084588786136,1.2,82
-1265.746283659674,1.2,83
-1265.784812186387,1.2,84
-1265.8240113074664,1.2,85
-1265.8638502595775,1.2,86
-1265.9043005563533,1.2,87
-1265.94533589084,1.2,88
-1265.9869320229,1.2,89
-1266.0290666790447,1.2,90
-1266.0717194508013,1.2,91
-1266.114871691234,1.2,92
-1266.1585064190338,1.2,93
-1266.2026082232483,1.2,94
-1266.2471631647509,1.2,95
-1266.2921586870048,1.2,96
-1266.3375835309982,1.2,97
-1266.3834276414718,1.2,98
-1266.4296820899115,1.2,99
-1266.4763389908708,1.2,100
-1266.5233914231549,1.2,101
-1266.5708333593286,1.2,102
-1266.61865958963,1.2,103
-1266.6668656552438,1.2,104
-1266.7154477806741,1.2,105
-1266.764402813918,1.2,106
-1266.8137281633817,1.2,107
-1266.8634217414508,1.2,108
-1266.913481910974,1.2,109
-1266.9639074346828,1.2,110
-1267.0146974245358,1.2,111
-1267.0658512973823,1.2,112
-1267.1173687320975,1.2,113
-1267.1692496294138,1.2,114
-1267.2214940722956,1.2,115
-1267.274102292665,1.2,116
-1267.3270746397384,1.2,117
-1267.3804115467078,1.2,118
-1267.434113505025,1.2,119
-1267.48818103798,1.2,120
-1267.542614677848,1.2,121
-1267.5974149442397,1.2,122
-1267.6525823243858,1.2,123
-1267.7081172569103,1.2,124
-1267.7640201140212,1.2,125
-1267.8202911921805,1.2,126
-1267.8769306953075,1.2,127
-1267.9339387273783,1.2,128
-1267.9913152821246,1.2,129
-1268.0490602364669,1.2,130
-1268.107173344693,1.2,131
-1268.165654233333,1.2,132
-1268.2245023962878,1.2,133
-1268.2837171939184,1.2,134
-1268.3432978529677,1.2,135
-1268.4032434618705,1.2,136
-1268.4635529751565,1.2,137
-1268.5242252141893,1.2,138
-1268.5852588651412,1.2,139
-1268.6466524877005,1.2,140
-1268.7084045136285,1.2,141
-1268.7705132523613,1.2,142
-1268.8329768954632,1.2,143
-1268.895793520859,1.2,144
-1268.9589610976743,1.2,145
-1269.0224774918224,1.2,146
-1269.0863404717077,1.2,147
-1269.1505477129265,1.2,148
-1269.215096808406,1.2,149
-1269.2799852669816,1.2,150
-1269.3452105287417,1.2,151
-1269.410769961841,1.2,152
-1269.4766608766452,1.2,153
-1269.54288052926,1.2,154
-1269.6094261244853,1.2,155
-1269.6762948274345,1.2,156
-1269.7434837668743,1.2,157
-1269.8109900363515,1.2,158
-1269.8788107130479,1.2,159
-1269.9469428498567,1.2,160
-1270.0153834863672,1.2,161
-1270.0841296561468,1.2,162
-1270.1531783885332,1.2,163
-1270.2225267147855,1.2,164
-1270.2921716716444,1.2,165
-1270.3621103078037,1.2,166
-1270.432339687278,1.2,167
-1270.502856892646,1.2,168
-1270.5736590273173,1.2,169
-1270.6447432254981,1.2,170
-1270.7161066473236,1.2,171
-1270.7877464854387,1.2,172
-1270.859659968983,1.2,173
-1270.9318443640832,1.2,174
-1271.004296975894,1.2,175
-1271.077015153282,1.2,176
-1271.1499962875255,1.2,177
-1271.2232378162198,1.2,178
-1271.296737223888,1.2,179
-1271.3704920395417,1.2,180
-1271.4444998432598,1.2,181
-1271.518758266882,1.2,182
-1271.593264988499,1.2,183
-1271.6680177379421,1.2,184
-1271.7430142947499,1.2,185
-1271.8182524880733,1.2,186
-1271.893730199841,1.2,187
-1271.9694453591128,1.2,188
-1272.0453959443118,1.2,189
-1272.1215799834695,1.2,190
-1272.1979955517472,1.2,191
-1272.2746407711315,1.2,192
-1272.3515138102573,1.2,193
-1272.428612877735,1.2,194
-1272.5059362323648,1.2,195
-1272.5834821700753,1.2,196
-1272.6612490289297,1.2,197
-1272.7392351858032,1.2,198
-1272.8174390532538,1.2,199
-1272.8958590819161,1.2,200
NA,1.1,1
-1277.2295484396673,1.1,2
-1275.3650956384904,1.1,3
-1274.056635707995,1.1,4
-1273.02571753474,1.1,5
-1272.2073709878532,1.1,6
-1271.5351547538567,1.1,7
-1270.9649309133465,1.1,8
-1270.470400785734,1.1,9
-1270.0354962415058,1.1,10
-1269.6493172288451,1.1,11
-1269.3035786767591,1.1,12
-1268.9915336679899,1.1,13
-1268.7075745710747,1.1,14
-1268.4470772307209,1.1,15
-1268.2062989441006,1.1,16
-1267.9822700125617,1.1,17
-1267.7726735330577,1.1,18
-1267.5757245111256,1.1,19
-1267.3900590324072,1.1,20
-1267.2146392615455,1.1,21
-1267.0486755548882,1.1,22
-1266.8915643682926,1.1,23
-1266.7428396965217,1.1,24
-1266.6021356015365,1.1,25
-1266.4691577115634,1.1,26
-1266.343661844678,1.1,27
-1266.225438208448,1.1,28
-1266.1142998976406,1.1,29
-1266.01007461756,1.1,30
-1265.9125987867237,1.1,31
-1265.821713351797,1.1,32
-1265.73726083203,1.1,33
-1265.6590832466554,1.1,34
-1265.5870206906434,1.1,35
-1265.5209104060596,1.1,36
-1265.46058624864,1.1,37
-1265.405878478876,1.1,38
-1265.3566138286253,1.1,39
-1265.3126157898516,1.1,40
-1265.273705081351,1.1,41
-1265.2397002677706,1.1,42
-1265.210418463406,1.1,43
-1265.1856760938413,1.1,44
-1265.1652897039264,1.1,45
-1265.149076732575,1.1,46
-1265.136856282377,1.1,47
-1265.1284498351577,1.1,48
-1265.1236819109872,1.1,49
-1265.1223806609507,1.1,50
-1265.1243783908556,1.1,51
-1265.1295120090883,1.1,52
-1265.1376234097615,1.1,53
-1265.148559779014,1.1,54
-1265.162173843792,1.1,55
-1265.178324056863,1.1,56
-1265.1968747269382,1.1,57
-1265.2176960991226,1.1,58
-1265.240664387765,1.1,59
-1265.265661774452,1.1,60
-1265.2925763652745,1.1,61
-1265.3213021189395,1.1,62
-1265.3517387505751,1.1,63
-1265.3837916084678,1.1,64
-1265.4173715352551,1.1,65
-1265.4523947113394,1.1,66
-1265.4887824878701,1.1,67
-1265.52646120313,1.1,68
-1265.565362002337,1.1,69
-1265.6054206369397,1.1,70
-1265.6465772769911,1.1,71
-1265.6887763063723,1.1,72
-1265.7319661257586,1.1,73
-1265.7760989545804,1.1,74
-1265.8211306359158,1.1,75
-1265.8670204390169,1.1,76
-1265.913730871669,1.1,77
-1265.9612274914325,1.1,78
-1266.0094787272778,1.1,79
-1266.058455698483,1.1,80
-1266.108132047185,1.1,81
-1266.15848377006,1.1,82
-1266.2094890597202,1.1,83
-1266.2611281514558,1.1,84
-1266.3133831734247,1.1,85
-1266.3662380087428,1.1,86
-1266.4196781571159,1.1,87
-1266.4736906075877,1.1,88
-1266.5282637149132,1.1,89
-1266.583387083708,1.1,90
-1266.639051456926,1.1,91
-1266.6952486112023,1.1,92
-1266.7519712580827,1.1,93
-1266.8092129516922,1.1,94
-1266.866967997906,1.1,95
-1266.925231376576,1.1,96
-1266.9839986613172,1.1,97
-1267.0432659482506,1.1,98
-1267.103029789782,1.1,99
-1267.1632871319669,1.1,100
-1267.224035257605,1.1,101
-1267.2852717319788,1.1,102
-1267.34699435627,1.1,103
-1267.409201120232,1.1,104
-1267.4718901633519,1.1,105
-1267.5350597391312,1.1,106
-1267.5987081777073,1.1,107
-1267.6628338604487,1.1,108
-1267.727435189146,1.1,109
-1267.7925105660347,1.1,110
-1267.8580583702335,1.1,111
-1267.924076941542,1.1,112
-1267.9905645622716,1.1,113
-1268.0575194473442,1.1,114
-1268.1249397304466,1.1,115
-1268.192823456991,1.1,116
-1268.2611685753106,1.1,117
-1268.3299729325227,1.1,118
-1268.399234269966,1.1,119
-1268.468950222582,1.1,120
-1268.539118313219,1.1,121
-1268.6097359601213,1.1,122
-1268.6808004709949,1.1,123
-1268.7523090501254,1.1,124
-1268.8242587985583,1.1,125
-1268.8966467189084,1.1,126
-1268.9694697193318,1.1,127
-1269.042724620892,1.1,128
-1269.1164081574084,1.1,129
-1269.1905169866225,1.1,130
-1269.2650476949634,1.1,131
-1269.3399968005963,1.1,132
-1269.415360764544,1.1,133
-1269.4911359950513,1.1,134
-1269.5673188517176,1.1,135
-1269.6439056559936,1.1,136
-1269.7208926981352,1.1,137
-1269.7982762336533,1.1,138
-1269.8760525080904,1.1,139
-1269.9542177461979,1.1,140
-1270.032768163631,1.1,141
-1270.111699976192,1.1,142
-1270.1910094002378,1.1,143
-1270.2706926587084,1.1,144
-1270.3507459888144,1.1,145
-1270.4311656452037,1.1,146
-1270.5119479011396,1.1,147
-1270.5930890559803,1.1,148
-1270.6745854416329,1.1,149
-1270.756433417514,1.1,150
-1270.8386293802885,1.1,151
-1270.9211697641558,1.1,152
-1271.0040510442748,1.1,153
-1271.087269736386,1.1,154
-1271.1708224018012,1.1,155
-1271.254705646303,1.1,156
-1271.3389161244218,1.1,157
-1271.4234505318504,1.1,158
-1271.5083056211008,1.1,159
-1271.593478186402,1.1,160
-1271.6789650735311,1.1,161
-1271.7647631739994,1.1,162
-1271.850869428204,1.1,163
-1271.9372808242563,1.1,164
-1272.0239943959166,1.1,165
-1272.1110072203505,1.1,166
-1272.198316421359,1.1,167
-1272.2859191636328,1.1,168
-1272.3738126529433,1.1,169
-1272.4619941352103,1.1,170
-1272.5504608926542,1.1,171
-1272.6392102435918,1.1,172
-1272.7282395406928,1.1,173
-1272.8175461674077,1.1,174
-1272.90712753592,1.1,175
-1272.9969810873658,1.1,176
-1273.0871042857018,1.1,177
-1273.1774946189107,1.1,178
-1273.2681495955162,1.1,179
-1273.359066740726,1.1,180
-1273.4502435962413,1.1,181
-1273.5416777169248,1.1,182
-1273.6333666687858,1.1,183
-1273.7253080266303,1.1,184
-1273.8174993708133,1.1,185
-1273.9099382873726,1.1,186
-1274.0026223647267,1.1,187
-1274.09554919016,1.1,188
-1274.1887163490428,1.1,189
-1274.2821214238568,1.1,190
-1274.3757619906678,1.1,191
-1274.469635616885,1.1,192
-1274.5637398627393,1.1,193
-1274.6580722759263,1.1,194
-1274.7526303913746,1.1,195
-1274.8474117312544,1.1,196
-1274.9424138025608,1.1,197
-1275.0376340886892,1.1,198
-1275.1330700666724,1.1,199
-1275.2287191858481,1.1,200
NA,1,1
-1275.5095356521235,1,2
-1273.8386425441229,1,3
-1272.6305493620557,1,4
-1271.723919943552,1,5
-1271.0036794618518,1,6
-1270.407851143712,1,7
-1269.9022543664075,1,8
-1269.4654154978227,1,9
-1269.0821384672188,1,10
-1268.741034686685,1,11
-1268.433479159262,1,12
-1268.1530029467735,1,13
-1267.8948211022393,1,14
-1267.6554350246136,1,15
-1267.4323061466177,1,16
-1267.2235993792906,1,17
-1267.0279876147276,1,18
-1266.8445054317162,1,19
-1266.6724407896215,1,20
-1266.5112556081442,1,21
-1266.360528213944,1,22
-1266.2199122262632,1,23
-1266.0891076558394,1,24
-1265.9678409274604,1,25
-1265.8558513020112,1,26
-1265.7528818552823,1,27
-1265.6586736803272,1,28
-1265.5729623984273,1,29
-1265.4954763679807,1,30
-1265.425936112027,1,31
-1265.3640546860186,1,32
-1265.3095387001008,1,33
-1265.2620898033365,1,34
-1265.221406458734,1,35
-1265.187185853961,1,36
-1265.159125840305,1,37
-1265.1369268031394,1,38
-1265.1202934024247,1,39
-1265.1089361373545,1,40
-1265.102572709153,1,41
-1265.1009291777045,1,42
-1265.1037409063802,1,43
-1265.1107533060563,1,44
-1265.1217224004977,1,45
-1265.136415211564,1,46
-1265.1546100031762,1,47
-1265.1760963919066,1,48
-1265.2006753393307,1,49
-1265.2281590517748,1,50
-1265.2583707992449,1,51
-1265.2911446639007,1,52
-1265.3263252395454,1,53
-1265.3637672824098,1,54
-1265.4033353332075,1,55
-1265.4449033165367,1,56
-1265.4883541175652,1,57
-1265.5335791540715,1,58
-1265.5804779407383,1,59
-1265.6289576543436,1,60
-1265.6789327017373,1,61
-1265.730324295081,1,62
-1265.783060034006,1,63
-1265.8370735022725,1,64
-1265.892303874247,1,65
-1265.9486955363,1,66
-1266.0061977218033,1,67
-1266.0647641638006,1,68
-1266.1243527588417,1,69
-1266.1849252505133,1,70
-1266.2464469277384,1,71
-1266.3088863373434,1,72
-1266.3722150138672,1,73
-1266.436407224065,1,74
-1266.5014397246598,1,75
-1266.5672915380428,1,76
-1266.633943738933,1,77
-1266.7013792558942,1,78
-1266.7695826872298,1,79
-1266.8385401284381,1,80
-1266.9082390098824,1,81
-1266.9786679526758,1,82
-1267.0498166283962,1,83
-1267.1216756335764,1,84
-1267.1942363746775,1,85
-1267.2674909615973,1,86
-1267.3414321112323,1,87
-1267.4160530595677,1,88
-1267.4913474800408,1,89
-1267.5673094157007,1,90
-1267.643933210894,1,91
-1267.7212134569827,1,92
-1267.799144938467,1,93
-1267.8777225900335,1,94
-1267.956941456434,1,95
-1268.0367966575118,1,96
-1268.117283359424,1,97
-1268.1983967505905,1,98
-1268.280132016449,1,99
-1268.3624843284929,1,100
-1268.445448823798,1,101
-1268.5290205975937,1,102
-1268.613194693841,1,103
-1268.6979660981942,1,104
-1268.78332973546,1,105
-1268.8692804664615,1,106
-1268.9558130890755,1,107
-1269.0429223374697,1,108
-1269.1306028829067,1,109
-1269.2188493412896,1,110
-1269.307656275404,1,111
-1269.3970181966545,1,112
-1269.4869295733506,1,113
-1269.5773848345993,1,114
-1269.6683783784583,1,115
-1269.7599045754991,1,116
-1269.851957775466,1,117
-1269.9445323131492,1,118
-1270.0376225153293,1,119
-1270.1312227090043,1,120
-1270.225327209727,1,121
-1270.3199303597244,1,122
-1270.4150265030835,1,123
-1270.5106100004082,1,124
-1270.6066752375407,1,125
-1270.7032166215386,1,126
-1270.8002285897187,1,127
-1270.8977056098831,1,128
-1270.9956421817435,1,129
-1271.0940328423897,1,130
-1271.1928721652253,1,131
-1271.292154761719,1,132
-1271.3918752824243,1,133
-1271.4920284181703,1,134
-1271.5926088973215,1,135
-1271.6936114897235,1,136
-1271.7950310022893,1,137
-1271.89686228071,1,138
-1271.9991002062213,1,139
-1272.1017396947593,1,140
-1272.2047756966522,1,141
-1272.3082031930012,1,142
-1272.4120171946777,1,143
-1272.5162127390354,1,144
-1272.620784888577,1,145
-1272.7257287268824,1,146
-1272.8310393604622,1,147
-1272.9367119082058,1,148
-1273.042741507817,1,149
-1273.1491233069976,1,150
-1273.2558524617284,1,151
-1273.362924136207,1,152
-1273.4703334964897,1,153
-1273.5780757121408,1,154
-1273.6861459514157,1,155
-1273.7945393773273,1,156
-1273.9032511467192,1,157
-1274.0122764134117,1,158
-1274.1216103153536,1,159
-1274.231247981959,1,160
-1274.341184527121,1,161
-1274.4514150513457,1,162
-1274.561934635833,1,163
-1274.6727383445177,1,164
-1274.7838212226272,1,165
-1274.8951782939296,1,166
-1275.0068045606927,1,167
-1275.1186950032948,1,168
-1275.2308445788408,1,169
-1275.343248220615,1,170
-1275.4559008401695,1,171
-1275.568797322559,1,172
-1275.6819325309036,1,173
-1275.7953013049537,1,174
-1275.9088984578057,1,175
-1276.0227187836297,1,176
-1276.1367570498644,1,177
-1276.251008005513,1,178
-1276.3654663754683,1,179
-1276.4801268652873,1,180
-1276.5949841603613,1,181
-1276.710032927751,1,182
-1276.8252678168726,1,183
-1276.9406834608121,1,184
-1277.056274476455,1,185
-1277.172035468776,1,186
-1277.287961027887,1,187
-1277.4040457344593,1,188
-1277.5202841587325,1,189
-1277.6366708623768,1,190
-1277.7532004008706,1,191
-1277.8698673265098,1,192
-1277.9866661840194,1,193
-1278.1035915190055,1,194
-1278.2206378766637,1,195
-1278.3377998035287,1,196
-1278.455071846787,1,197
-1278.5724485625367,1,198
-1278.6899245097466,1,199
-1278.807494256682,1,200
NA,0.9,1
-1273.7774126124416,0.9,2
-1272.2433601991365,0.9,3
-1271.1982215144176,0.9,4
-1270.4122482586001,0.9,5
-1269.7855167005096,0.9,6
-1269.2664131931438,0.9,7
-1268.8235059637889,0.9,8
-1268.4362331321768,0.9,9
-1268.0909391485986,0.9,10
-1267.7785720140937,0.9,11
-1267.4931456218876,0.9,12
-1267.2306966944532,0.9,13
-1266.9885849582645,0.9,14
-1266.7650258987796,0.9,15
-1266.558778776251,0.9,16
-1266.3689388312262,0.9,17
-1266.1948001523915,0.9,18
-1266.0357666133134,0.9,19
-1265.8912953231938,0.9,20
-1265.7608619755895,0.9,21
-1265.643940847587,0.9,22
-1265.539994636861,0.9,23
-1265.4484708494638,0.9,24
-1265.3688025118836,0.9,25
-1265.300411543677,0.9,26
-1265.2427136390422,0.9,27
-1265.195123778189,0.9,28
-1265.1570617525967,0.9,29
-1265.1279573037882,0.9,30
-1265.1072546259613,0.9,31
-1265.0944161242958,0.9,32
-1265.088925381534,0.9,33
-1265.0902893870768,0.9,34
-1265.098040074537,0.9,35
-1265.1117352622462,0.9,36
-1265.1309590821593,0.9,37
-1265.1553219854666,0.9,38
-1265.1844604030591,0.9,39
-1265.2180361395313,0.9,40
-1265.255735554983,0.9,41
-1265.2972685964592,0.9,42
-1265.342367716722,0.9,43
-1265.3907867205637,0.9,44
-1265.4422995788727,0.9,45
-1265.496699206857,0.9,46
-1265.5537962674136,0.9,47
-1265.6134179706942,0.9,48
-1265.6754069184985,0.9,49
-1265.739619977142,0.9,50
-1265.805927196428,0.9,51
-1265.874210780912,0.9,52
-1265.944364100205,0.9,53
-1266.0162907750005,0.9,54
-1266.0899037848994,0.9,55
-1266.1651246539257,0.9,56
-1266.2418826764927,0.9,57
-1266.3201141985603,0.9,58
-1266.3997619427025,0.9,59
-1266.480774387994,0.9,60
-1266.5631051905966,0.9,61
-1266.6467126502419,0.9,62
-1266.7315592150587,0.9,63
-1266.8176110328168,0.9,64
-1266.9048375334335,0.9,65
-1266.9932110514828,0.9,66
-1267.0827064776117,0.9,67
-1267.1733009483353,0.9,68
-1267.2649735608768,0.9,69
-1267.357705113613,0.9,70
-1267.4514778796488,0.9,71
-1267.546275397984,0.9,72
-1267.6420822898729,0.9,73
-1267.7388840962396,0.9,74
-1267.8366671308384,0.9,75
-1267.9354183551752,0.9,76
-1268.0351252680307,0.9,77
-1268.1357758059062,0.9,78
-1268.237358262586,0.9,79
-1268.3398612160856,0.9,80
-1268.44327346749,0.9,81
-1268.5475839906649,0.9,82
-1268.6527818871136,0.9,83
-1268.758856355901,0.9,84
-1268.8657966594988,0.9,85
-1268.9735920988603,0.9,86
-1269.0822320074803,0.9,87
-1269.191705722831,0.9,88
-1269.3020025860967,0.9,89
-1269.4131119331662,0.9,90
-1269.5250230871316,0.9,91
-1269.6377253590417,0.9,92
-1269.7512080492993,0.9,93
-1269.8654604373005,0.9,94
-1269.9804718026485,0.9,95
-1270.0962314119922,0.9,96
-1270.2127285133906,0.9,97
-1270.3299523734088,0.9,98
-1270.4478922435628,0.9,99
-1270.56653738314,0.9,100
-1270.6858770567644,0.9,101
-1270.8059005360547,0.9,102
-1270.9265971054958,0.9,103
-1271.0479560589622,0.9,104
-1271.1699667068983,0.9,105
-1271.292618373278,0.9,106
-1271.415900397499,0.9,107
-1271.5398021335482,0.9,108
-1271.6643129536858,0.9,109
-1271.789422241704,0.9,110
-1271.9151193973214,0.9,111
-1272.041393832931,0.9,112
-1272.168234972073,0.9,113
-1272.2956322469995,0.9,114
-1272.4235751000488,0.9,115
-1272.5520529781525,0.9,116
-1272.6810553343894,0.9,117
-1272.8105716213145,0.9,118
-1272.9405912944412,0.9,119
-1273.0711038072611,0.9,120
-1273.2020986089412,0.9,121
-1273.333565146455,0.9,122
-1273.4654928565421,0.9,123
-1273.597871172274,0.9,124
-1273.7306895155186,0.9,125
-1273.8639373009132,0.9,126
-1273.997603929576,0.9,127
-1274.1316787952712,0.9,128
-1274.2661512803368,0.9,129
-1274.4010107560064,0.9,130
-1274.5362465834428,0.9,131
-1274.671848115662,0.9,132
-1274.8078046947392,0.9,133
-1274.9441056582164,0.9,134
-1275.0807403358149,0.9,135
-1275.217698055994,0.9,136
-1275.3549681408174,0.9,137
-1275.4925399148456,0.9,138
-1275.6304027037108,0.9,139
-1275.7685458404035,0.9,140
-1275.9069586624942,0.9,141
-1276.0456305186005,0.9,142
-1276.1845507715877,0.9,143
-1276.3237087993546,0.9,144
-1276.4630939986416,0.9,145
-1276.6026957925096,0.9,146
-1276.7425036268123,0.9,147
-1276.882506978608,0.9,148
-1277.0226953578535,0.9,149
-1277.1630583119957,0.9,150
-1277.303585427436,0.9,151
-1277.4442663350644,0.9,152
-1277.5850907140054,0.9,153
-1277.7260482919496,0.9,154
-1277.8671288534563,0.9,155
-1278.00832223928,0.9,156
-1278.149618349896,0.9,157
-1278.2910071557453,0.9,158
-1278.4324786894888,0.9,159
-1278.5740230560755,0.9,160
-1278.7156304370383,0.9,161
-1278.8572910880778,0.9,162
-1278.9989953455945,0.9,163
-1279.1407336294387,0.9,164
-1279.2824964453532,0.9,165
-1279.424274386158,0.9,166
-1279.5660581377529,0.9,167
-1279.7078384725307,0.9,168
-1279.8496062669005,0.9,169
-1279.991352490426,0.9,170
-1280.1330682136654,0.9,171
-1280.274744607596,0.9,172
-1280.4163729480683,0.9,173
-1280.5579446130866,0.9,174
-1280.699451092481,0.9,175
-1280.8408839799242,0.9,176
-1280.982234983948,0.9,177
-1281.1234959180963,0.9,178
-1281.2646587134466,0.9,179
-1281.4057154117886,0.9,180
-1281.5466581696348,0.9,181
-1281.6874792599924,0.9,182
-1281.8281710704337,0.9,183
-1281.968726107113,0.9,184
-1282.109136991441,0.9,185
-1282.2493964658331,0.9,186
-1282.3894973885822,0.9,187
-1282.5294327376157,0.9,188
-1282.6691956089812,0.9,189
-1282.8087792205044,0.9,190
-1282.9481769067972,0.9,191
-1283.0873821232124,0.9,192
-1283.2263884435627,0.9,193
-1283.3651895617954,0.9,194
-1283.5037792900935,0.9,195
-1283.6421515599727,0.9,196
-1283.780300422905,0.9,197
-1283.9182200451878,0.9,198
-1284.0559047139577,0.9,199
-1284.1933488331601,0.9,200
NA,0.8,1
-1271.9537790939635,0.8,2
-1270.6569140709457,0.8,3
-1269.7667222737227,0.8,4
-1269.0878561346296,0.8,5
-1268.5352540301715,0.8,6
-1268.0653061009275,0.8,7
-1267.6544477281861,0.8,8
-1267.2895514730585,0.8,9
-1266.9630647999716,0.8,10
-1266.670450614728,0.8,11
-1266.4087936185142,0.8,12
-1266.1760230208545,0.8,13
-1265.9704780840107,0.8,14
-1265.7906715170095,0.8,15
-1265.6351690924823,0.8,16
-1265.5025374615543,0.8,17
-1265.3913309110542,0.8,18
-1265.3000988144938,0.8,19
-1265.2274023346176,0.8,20
-1265.171833466093,0.8,21
-1265.1320325564297,0.8,22
-1265.1067024815536,0.8,23
-1265.0946189231613,0.8,24
-1265.094636904295,0.8,25
-1265.1056940963838,0.8,26
-1265.1268115199346,0.8,27
-1265.157092250206,0.8,28
-1265.1957186699026,0.8,29
-1265.241948722909,0.8,30
-1265.2951115216717,0.8,31
-1265.354602591546,0.8,32
-1265.419878954602,0.8,33
-1265.490454210999,0.8,34
-1265.565893722327,0.8,35
-1265.6458099738936,0.8,36
-1265.7298581677653,0.8,37
-1265.8177320689017,0.8,38
-1265.9091601287791,0.8,39
-1266.0039018857042,0.8,40
-1266.1017446454848,0.8,41
-1266.202500426218,0.8,42
-1266.3060031710115,0.8,43
-1266.4121062028214,0.8,44
-1266.5206799186367,0.8,45
-1266.6316096995663,0.8,46
-1266.7447940313207,0.8,47
-1266.8601428178872,0.8,48
-1266.9775758641176,0.8,49
-1267.0970215359341,0.8,50
-1267.218415559563,0.8,51
-1267.341699967455,0.8,52
-1267.4668221680117,0.8,53
-1267.5937341270862,0.8,54
-1267.7223916581115,0.8,55
-1267.8527538030519,0.8,56
-1267.9847822946754,0.8,57
-1268.1184411032764,0.8,58
-1268.2536960361056,0.8,59
-1268.3905144073526,0.8,60
-1268.5288647537277,0.8,61
-1268.668716595832,0.8,62
-1268.8100402428831,0.8,63
-1268.9528066185953,0.8,64
-1269.0969871414118,0.8,65
-1269.2425535986026,0.8,66
-1269.389478067788,0.8,67
-1269.537732836834,0.8,68
-1269.6872903517985,0.8,69
-1269.8381231724995,0.8,70
-1269.9902039304493,0.8,71
-1270.1435053177202,0.8,72
-1270.2980000511454,0.8,73
-1270.453660867702,0.8,74
-1270.6104605110852,0.8,75
-1270.768371726535,0.8,76
-1270.9273672532695,0.8,77
-1271.0874198292556,0.8,78
-1271.2485021851028,0.8,79
-1271.4105870464082,0.8,80
-1271.5736471362045,0.8,81
-1271.7376551785544,0.8,82
-1271.9025839016074,0.8,83
-1272.0684060393626,0.8,84
-1272.235094340357,0.8,85
-1272.4026215697452,0.8,86
-1272.5709605170314,0.8,87
-1272.7400840008584,0.8,88
-1272.909964876875,0.8,89
-1273.0805760448138,0.8,90
-1273.2518904559054,0.8,91
-1273.4238811227062,0.8,92
-1273.5965211260454,0.8,93
-1273.7697836244818,0.8,94
-1273.943641869088,0.8,95
-1274.1180692028504,0.8,96
-1274.2930390856657,0.8,97
-1274.4685250939738,0.8,98
-1274.6445009369252,0.8,99
-1274.8209404691602,0.8,100
-1274.997817696034,0.8,101
-1275.1751067964126,0.8,102
-1275.3527821243638,0.8,103
-1275.5308182271388,0.8,104
-1275.7091898561798,0.8,105
-1275.8878719757445,0.8,106
-1276.066839780307,0.8,107
-1276.246068701734,0.8,108
-1276.4255344195446,0.8,109
-1276.60521287658,0.8,110
-1276.7850802874395,0.8,111
-1276.965113146681,0.8,112
-1277.1452882391682,0.8,113
-1277.325582652729,0.8,114
-1277.5059737825584,0.8,115
-1277.6864393429955,0.8,116
-1277.8669573717773,0.8,117
-1278.0475062408536,0.8,118
-1278.2280646601848,0.8,119
-1278.4086116865515,0.8,120
-1278.5891267278746,0.8,121
-1278.769589546138,0.8,122
-1278.9499802658147,0.8,123
-1279.1302793762313,0.8,124
-1279.3104677338722,0.8,125
-1279.4905265667867,0.8,126
-1279.670437477084,0.8,127
-1279.850182442733,0.8,128
-1280.0297438151774,0.8,129
-1280.2091043290845,0.8,130
-1280.388247094826,0.8,131
-1280.5671556032985,0.8,132
-1280.7458137238593,0.8,133
-1280.9242057020879,0.8,134
-1281.10231616247,0.8,135
-1281.2801301048573,0.8,136
-1281.4576329036242,0.8,137
-1281.6348103065088,0.8,138
-1281.811648428132,0.8,139
-1281.9881337536588,0.8,140
-1282.164253132161,0.8,141
-1282.339993774112,0.8,142
-1282.5153432488944,0.8,143
-1282.6902894808027,0.8,144
-1282.8648207459025,0.8,145
-1283.038925668271,0.8,146
-1283.2125932149506,0.8,147
-1283.385812692422,0.8,148
-1283.5585737449528,0.8,149
-1283.730866344622,0.8,150
-1283.9026807923592,0.8,151
-1284.0740077095472,0.8,152
-1284.2448380365327,0.8,153
-1284.415163025113,0.8,154
-1284.5849742347534,0.8,155
-1284.754263527526,0.8,156
-1284.9230230652247,0.8,157
-1285.0912453011683,0.8,158
-1285.2589229770224,0.8,159
-1285.4260491168507,0.8,160
-1285.5926170252098,0.8,161
-1285.75862027415,0.8,162
-1285.9240527098289,0.8,163
-1286.0889084356836,0.8,164
-1286.2531818170978,0.8,165
-1286.4168674697596,0.8,166
-1286.579960256794,0.8,167
-1286.7424552854284,0.8,168
-1286.9043478972221,0.8,169
-1287.0656336707268,0.8,170
-1287.2263084075987,0.8,171
-1287.3863681368412,0.8,172
-1287.54580909808,0.8,173
-1287.7046277529384,0.8,174
-1287.8628207632842,0.8,175
-1288.020384999216,0.8,176
-1288.1773175283572,0.8,177
-1288.333615610441,0.8,178
-1288.4892766970263,0.8,179
-1288.6442984206344,0.8,180
-1288.7986786011786,0.8,181
-1288.9524152260374,0.8,182
-1289.105506460788,0.8,183
-1289.257950634756,0.8,184
-1289.409746239389,0.8,185
-1289.5608919284998,0.8,186
-1289.7113865070364,0.8,187
-1289.8612289298824,0.8,188
-1290.0104183007984,0.8,189
-1290.158953865808,0.8,190
-1290.3068350071098,0.8,191
-1290.4540612440358,0.8,192
-1290.600632223874,0.8,193
-1290.7465477258668,0.8,194
-1290.891807647443,0.8,195
-1291.0364120093463,0.8,196
-1291.1803609466551,0.8,197
-1291.323654709926,0.8,198
-1291.4662936571465,0.8,199
-1291.6082782541398,0.8,200
NA,0.7,1
-1270.1626829653542,0.7,2
-1269.0571512021688,0.7,3
-1268.2577089165525,0.7,4
-1267.6204804459053,0.7,5
-1267.0916998457283,0.7,6
-1266.6475147514436,0.7,7
-1266.27540108503,0.7,8
-1265.9672931865023,0.7,9
-1265.7168270610027,0.7,10
-1265.5182804377291,0.7,11
-1265.3662455006488,0.7,12
-1265.2555942423228,0.7,13
-1265.1815331758155,0.7,14
-1265.1396620594849,0.7,15
-1265.1260087875537,0.7,16
-1265.1370375622791,0.7,17
-1265.16963622505,0.7,18
-1265.2210899740626,0.7,19
-1265.28904756987,0.7,20
-1265.3714844076374,0.7,21
-1265.466665345471,0.7,22
-1265.5731090305999,0.7,23
-1265.6895547105871,0.7,24
-1265.8149319947038,0.7,25
-1265.948333721517,0.7,26
-1266.088991872817,0.7,27
-1266.2362563950194,0.7,28
-1266.3895767074187,0.7,29
-1266.5484856671512,0.7,30
-1266.7125857438455,0.7,31
-1266.8815371711476,0.7,32
-1267.0550478534356,0.7,33
-1267.2328648151483,0.7,34
-1267.414767001574,0.7,35
-1267.6005592570853,0.7,36
-1267.790067310703,0.7,37
-1267.9831336462873,0.7,38
-1268.1796140995148,0.7,39
-1268.3793750955517,0.7,40
-1268.5822914077544,0.7,41
-1268.7882443631133,0.7,42
-1268.9971203999107,0.7,43
-1269.2088099557038,0.7,44
-1269.4232065615329,0.7,45
-1269.6402061720498,0.7,46
-1269.8597066325106,0.7,47
-1270.0816072947996,0.7,48
-1270.3058087166569,0.7,49
-1270.5322124656698,0.7,50
-1270.760720974084,0.7,51
-1270.9912374443054,0.7,52
-1271.2236658053364,0.7,53
-1271.4579106939022,0.7,54
-1271.6938774600906,0.7,55
-1271.9314721956791,0.7,56
-1272.170601777551,0.7,57
-1272.4111739124382,0.7,58
-1272.6530972108474,0.7,59
-1272.8962812447644,0.7,60
-1273.1406366214803,0.7,61
-1273.3860750572355,0.7,62
-1273.6325094548304,0.7,63
-1273.8798539728784,0.7,64
-1274.1280241041534,0.7,65
-1274.3769367433533,0.7,66
-1274.6265102580724,0.7,67
-1274.8766645496123,0.7,68
-1275.1273211160096,0.7,69
-1275.378403108378,0.7,70
-1275.6298353798138,0.7,71
-1275.8815445311195,0.7,72
-1276.1334589538835,0.7,73
-1276.3855088628477,0.7,74
-1276.6376263226116,0.7,75
-1276.8897452793503,0.7,76
-1277.1418015720085,0.7,77
-1277.393732946891,0.7,78
-1277.6454790672121,0.7,79
-1277.896981516324,0.7,80
-1278.1481837959668,0.7,81
-1278.3990313172724,0.7,82
-1278.64947139904,0.7,83
-1278.899453243328,0.7,84
-1279.148927927633,0.7,85
-1279.3978483796175,0.7,86
-1279.6461693556387,0.7,87
-1279.89384741596,0.7,88
-1280.140840887103,0.7,89
-1280.3871098505808,0.7,90
-1280.632616094118,0.7,91
-1280.8773230856314,0.7,92
-1281.1211959360967,0.7,93
-1281.3642013638728,0.7,94
-1281.6063076585176,0.7,95
-1281.8474846438148,0.7,96
-1282.087703637144,0.7,97
-1282.3269374136225,0.7,98
-1282.5651601661693,0.7,99
-1282.8023474659688,0.7,100
-1283.0384762256845,0.7,101
-1283.2735246576397,0.7,102
-1283.507472239844,0.7,103
-1283.7402996706212,0.7,104
-1283.9719888404009,0.7,105
-1284.202522784555,0.7,106
-1284.4318856538846,0.7,107
-1284.660062670785,0.7,108
-1284.8870401041884,0.7,109
-1285.1128052228266,0.7,110
-1285.3373462683037,0.7,111
-1285.5606524161442,0.7,112
-1285.7827137488973,0.7,113
-1286.0035212172188,0.7,114
-1286.2230666107794,0.7,115
-1286.4413425291566,0.7,116
-1286.6583423480738,0.7,117
-1286.8740601925413,0.7,118
-1287.0884909061872,0.7,119
-1287.3016300241181,0.7,120
-1287.5134737495637,0.7,121
-1287.7240189140052,0.7,122
-1287.9332629709454,0.7,123
-1288.1412039563488,0.7,124
-1288.3478404670145,0.7,125
-1288.553171643548,0.7,126
-1288.7571971346497,0.7,127
-1288.959917092017,0.7,128
-1289.1613321315708,0.7,129
-1289.3614433243463,0.7,130
-1289.5602521713188,0.7,131
-1289.7577605843364,0.7,132
-1289.9539708675456,0.7,133
-1290.1488856991705,0.7,134
-1290.3425081139142,0.7,135
-1290.5348414871946,0.7,136
-1290.7258895097943,0.7,137
-1290.915656188152,0.7,138
-1291.1041458127108,0.7,139
-1291.2913629538061,0.7,140
-1291.4773124399117,0.7,141
-1291.6619993484828,0.7,142
-1291.845428992328,0.7,143
-1292.0276069026747,0.7,144
-1292.2085388235032,0.7,145
-1292.3882306878636,0.7,146
-1292.5666886218517,0.7,147
-1292.7439189225447,0.7,148
-1292.9199280469709,0.7,149
-1293.0947226114554,0.7,150
-1293.2683093685616,0.7,151
-1293.4406952083723,0.7,152
-1293.6118871442156,0.7,153
-1293.78189230406,0.7,154
-1293.9507179207483,0.7,155
-1294.1183713303542,0.7,156
-1294.284859957708,0.7,157
-1294.4501913097097,0.7,158
-1294.6143729712746,0.7,159
-1294.777412597308,0.7,160
-1294.9393179018005,0.7,161
-1295.100096660663,0.7,162
-1295.2597566953962,0.7,163
-1295.4183058766132,0.7,164
-1295.5757521076698,0.7,165
-1295.732103333181,0.7,166
-1295.8873675211846,0.7,167
-1296.0415526654917,0.7,168
-1296.194666779517,0.7,169
-1296.3467178905232,0.7,170
-1296.4977140380156,0.7,171
-1296.6476632668628,0.7,172
-1296.796573623381,0.7,173
-1296.944453158385,0.7,174
-1297.0913099124973,0.7,175
-1297.2371519215567,0.7,176
-1297.381987211216,0.7,177
-1297.5258237927849,0.7,178
-1297.6686696596967,0.7,179
-1297.8105327892224,0.7,180
-1297.951421135466,0.7,181
-1298.091342626705,0.7,182
-1298.2303051678866,0.7,183
-1298.3683166339083,0.7,184
-1298.5053848683785,0.7,185
-1298.6415176853056,0.7,186
-1298.776722861529,0.7,187
-1298.91100813826,0.7,188
-1299.0443812203314,0.7,189
-1299.176849773042,0.7,190
-1299.3084214200796,0.7,191
-1299.4391037446321,0.7,192
-1299.568904287327,0.7,193
-1299.697830542991,0.7,194
-1299.8258899604302,0.7,195
-1299.9530899465826,0.7,196
-1300.0794378558267,0.7,197
-1300.2049409976303,0.7,198
-1300.329606632408,0.7,199
-1300.4534419677072,0.7,200
