"","d","theta","rho","offsets","logsdcounty","logsdyears","dgr","thetagr","rhogr","offsetsgr","logsdcountygr","logsdyearsgr"
"1",10,0.5,0,0.01,0,0,0.000537847351424046,0.0156977659164322,-0.731662013808408,15.2188739501079,-42.9425584042666,25.8985280382553
"2",35,0.5,0,0.01,0,0,2.00426872839561e-09,1.58710481528786e-07,-0.732133652504888,15.2179511771329,-42.9425878987018,25.8982129351075
"3",60,0.5,0,0.01,0,0,7.46921441295938e-15,9.6491963996583e-13,-0.73213365425968,15.2179511736982,-42.9425878988118,25.8982129339326
"4",85,0.5,0,0.01,0,0,2.78351715849914e-20,4.9876794163293e-18,-0.732133654259504,15.217951173698,-42.9425878988118,25.8982129339326
"5",110,0.5,0,0.01,0,0,1.03732030482564e-25,2.37739528423026e-23,-0.732133654259504,15.217951173698,-42.9425878988118,25.8982129339326
"6",135,0.5,0,0.01,0,0,3.86573300444006e-31,1.07925941794816e-28,-0.732133654259504,15.217951173698,-42.9425878988118,25.8982129339326
"7",160,0.5,0,0.01,0,0,1.44062461634055e-36,4.74233784156258e-34,-0.732133654259504,15.217951173698,-42.9425878988118,25.8982129339326
"8",10,0.75,0,0.01,0,0,1.9318228353559e-05,0.000390874583501449,-0.732122378391728,15.2179732370188,-42.9425872016373,25.8982208327336
"9",35,0.75,0,0.01,0,0,1.38977777185219e-13,7.44459364571134e-12,-0.73213365425954,15.2179511736981,-42.9425878988118,25.8982129339327
"10",60,0.75,0,0.01,0,0,9.99824617329391e-22,8.68848842882729e-20,-0.732133654259504,15.217951173698,-42.9425878988118,25.8982129339326
"11",85,0.75,0,0.01,0,0,7.19287130406162e-30,8.64823792696335e-28,-0.732133654259504,15.217951173698,-42.9425878988118,25.8982129339326
"12",110,0.75,0,0.01,0,0,5.17464730314303e-38,7.94653984682897e-36,-0.732133654259504,15.217951173698,-42.9425878988118,25.8982129339326
"13",135,0.75,0,0.01,0,0,3.72271010838252e-46,6.95774984834775e-44,-0.732133654259504,15.217951173698,-42.9425878988118,25.8982129339326
"14",160,0.75,0,0.01,0,0,2.67816717530408e-54,5.89822019184202e-52,-0.732133654259504,15.217951173698,-42.9425878988118,25.8982129339326
"15",10,1,0,0.01,0,0,5.59107962355671e-07,8.63037584412119e-06,-0.732133409932977,15.2179516517741,-42.9425878839474,25.8982131130188
"16",35,1,0,0.01,0,0,7.76485988246517e-18,3.13979670494469e-16,-0.732133654259504,15.217951173698,-42.9425878988118,25.8982129339326
"17",60,1,0,0.01,0,0,1.07837938166985e-28,7.05648049274188e-27,-0.732133654259504,15.217951173698,-42.9425878988118,25.8982129339326
"18",85,1,0,0.01,0,0,1.49764723177659e-39,1.35441185761826e-37,-0.732133654259504,15.217951173698,-42.9425878988118,25.8982129339326
"19",110,1,0,0.01,0,0,2.07992406844318e-50,2.40098060197519e-48,-0.732133654259504,15.217951173698,-42.9425878988118,25.8982129339326
"20",135,1,0,0.01,0,0,2.88858687059264e-61,4.05661509975815e-59,-0.732133654259504,15.217951173698,-42.9425878988118,25.8982129339326
"21",160,1,0,0.01,0,0,4.01165323078635e-72,6.63671758641708e-70,-0.732133654259504,15.217951173698,-42.9425878988118,25.8982129339326
"22",10,1.25,0,0.01,0,0,1.44640768441985e-08,1.80200848036118e-07,-0.73213364921558,15.2179511835695,-42.9425878985113,25.8982129377976
"23",35,1.25,0,0.01,0,0,3.87782459552398e-22,1.25868408956239e-20,-0.732133654259504,15.217951173698,-42.9425878988118,25.8982129339326
"24",60,1.25,0,0.01,0,0,1.03964627391792e-35,5.45382946026804e-34,-0.732133654259504,15.217951173698,-42.9425878988118,25.8982129339326
"25",85,1.25,0,0.01,0,0,2.78729568149883e-49,2.01963292401989e-47,-0.732133654259504,15.217951173698,-42.9425878988118,25.8982129339326
"26",110,1.25,0,0.01,0,0,7.47275050274997e-63,6.9091937813468e-61,-0.732133654259504,15.217951173698,-42.9425878988118,25.8982129339326
"27",135,1.25,0,0.01,0,0,2.00344730008411e-76,2.25304698512128e-74,-0.732133654259504,15.217951173698,-42.9425878988118,25.8982129339326
"28",160,1.25,0,0.01,0,0,5.37124996042251e-90,7.11467767348876e-88,-0.732133654259504,15.217951173698,-42.9425878988118,25.8982129339326
"29",10,1.5,0,0.01,0,0,3.49962594852758e-10,3.65156723921292e-09,-0.732133654160929,15.2179511738934,-42.9425878988059,25.898212934014
"30",35,1.5,0,0.01,0,0,1.81125065962939e-26,4.90863980977051e-25,-0.732133654259504,15.217951173698,-42.9425878988118,25.8982129339326
"31",60,1.5,0,0.01,0,0,9.37422741820676e-43,4.10286477028143e-41,-0.732133654259504,15.217951173698,-42.9425878988118,25.8982129339326
"32",85,1.5,0,0.01,0,0,4.85168296398251e-59,2.93207405732625e-57,-0.732133654259504,15.217951173698,-42.9425878988118,25.8982129339326
"33",110,1.5,0,0.01,0,0,2.51101520508036e-75,1.9360135906577e-73,-0.732133654259504,15.217951173698,-42.9425878988118,25.8982129339326
"34",135,1.5,0,0.01,0,0,1.29958973142983e-91,1.21859277161453e-89,-0.732133654259504,15.217951173698,-42.9425878988118,25.8982129339326
"35",160,1.5,0,0.01,0,0,6.72609813999029e-108,7.42791027582865e-106,-0.732133654259504,15.217951173698,-42.9425878988118,25.8982129339326
"36",10,1.75,0,0.01,0,0,8.10843230955972e-12,7.27319566894864e-11,-0.732133654259409,15.2179511737012,-42.9425878988117,25.8982129339351
"37",35,1.75,0,0.01,0,0,8.10127383541418e-31,1.88400229140794e-29,-0.732133654259504,15.217951173698,-42.9425878988118,25.8982129339326
"38",60,1.75,0,0.01,0,0,8.094121681079e-50,3.03864211013541e-48,-0.732133654259504,15.217951173698,-42.9425878988118,25.8982129339326
"39",85,1.75,0,0.01,0,0,8.08697584097447e-69,4.19124172867575e-67,-0.732133654259504,15.217951173698,-42.9425878988118,25.8982129339326
"40",110,1.75,0,0.01,0,0,8.07983630952598e-88,5.34180384944232e-86,-0.732133654259504,15.217951173698,-42.9425878988118,25.8982129339326
"41",135,1.75,0,0.01,0,0,8.07270308116423e-107,6.49033117166703e-105,-0.732133654259504,15.217951173698,-42.9425878988118,25.8982129339326
"42",160,1.75,0,0.01,0,0,8.0655761503246e-126,7.63682639140409e-124,-0.732133654259504,15.217951173698,-42.9425878988118,25.8982129339326
"43",10,2,0,0.01,0,0,1.82389331506139e-13,1.43399918694447e-12,-0.732133654259564,15.2179511736984,-42.9425878988118,25.8982129339326
"44",35,2,0,0.01,0,0,3.51783395412706e-35,7.16311815645839e-34,-0.732133654259504,15.217951173698,-42.9425878988118,25.8982129339326
"45",60,2,0,0.01,0,0,6.78502170418486e-57,2.22971401854477e-55,-0.732133654259504,15.217951173698,-42.9425878988118,25.8982129339326
"46",85,2,0,0.01,0,0,1.30866095803783e-78,5.9363867718184e-77,-0.732133654259504,15.217951173698,-42.9425878988118,25.8982129339326
"47",110,2,0,0.01,0,0,2.5240796238518e-100,1.46049046134148e-98,-0.732133654259504,15.217951173698,-42.9425878988118,25.8982129339326
"48",135,2,0,0.01,0,0,4.86831819075300e-122,3.42546052910923e-120,-0.732133654259504,15.217951173698,-42.9425878988118,25.8982129339326
"49",160,2,0,0.01,0,0,9.38976797025476e-144,7.78057747100763e-142,-0.732133654259504,15.217951173698,-42.9425878988118,25.8982129339326
"50",10,2.25,0,0.01,0,0,4.01746939044251e-15,2.81044989704169e-14,-0.732133654259512,15.217951173698,-42.9425878988118,25.8982129339326
"51",35,2.25,0,0.01,0,0,1.49584973711349e-39,2.70848781367666e-38,-0.732133654259504,15.217951173698,-42.9425878988118,25.8982129339326
"52",60,2.25,0,0.01,0,0,5.56959174684862e-64,1.62731189154305e-62,-0.732133654259504,15.217951173698,-42.9425878988118,25.8982129339326
"53",85,2.25,0,0.01,0,0,2.07376125134224e-88,8.36325225271544e-87,-0.732133654259504,15.217951173698,-42.9425878988118,25.8982129339326
"54",110,2.25,0,0.01,0,0,7.7213661665628e-113,3.9718720756283e-111,-0.732133654259504,15.217951173698,-42.9425878988118,25.8982129339326
"55",135,2.25,0,0.01,0,0,2.87494500341122e-137,1.79831053478288e-135,-0.732133654259504,15.217951173698,-42.9425878988118,25.8982129339326
"56",160,2.25,0,0.01,0,0,1.07044642027622e-161,7.88514803808397e-160,-0.732133654259504,15.217951173698,-42.9425878988118,25.8982129339326
"57",10,2.5,0,0.01,0,0,8.71526237047243e-17,5.4898411979954e-16,-0.732133654259504,15.217951173698,-42.9425878988118,25.8982129339326
"58",35,2.5,0,0.01,0,0,6.26434037176074e-44,1.02103184030902e-42,-0.732133654259504,15.217951173698,-42.9425878988118,25.8982129339326
"59",60,2.5,0,0.01,0,0,4.50267113314046e-71,1.18416251499135e-69,-0.732133654259504,15.217951173698,-42.9425878988118,25.8982129339326
"60",85,2.5,0,0.01,0,0,3.23642173477834e-98,1.17479234361138e-96,-0.732133654259504,15.217951173698,-42.9425878988118,25.8982129339326
"61",110,2.5,0,0.01,0,0,2.32626930451399e-125,1.07704202591126e-123,-0.732133654259504,15.217951173698,-42.9425878988118,25.8982129339326
"62",135,2.5,0,0.01,0,0,1.67207160271238e-152,9.41361460875869e-151,-0.732133654259504,15.217951173698,-42.9425878988118,25.8982129339326
"63",160,2.5,0,0.01,0,0,1.20184857323786e-179,7.96814929157723e-178,-0.732133654259504,15.217951173698,-42.9425878988118,25.8982129339326
"64",10,0.5,0.25,0.01,0,0,0.000478322002679985,0.0139598031923883,-0.671385323119508,15.1687343596828,-42.8779740292814,26.2136887199777
"65",35,0.5,0.25,0.01,0,0,1.78244891954433e-09,1.41143026304005e-07,-0.671863649515704,15.167901775869,-42.8779997702661,26.2134089060732
"66",60,0.5,0.25,0.01,0,0,6.64256891882001e-15,8.58119552531828e-13,-0.671863651299919,15.1679017727648,-42.8779997703621,26.2134089050306
"67",85,0.5,0.25,0.01,0,0,2.47545505320723e-20,4.43564147906918e-18,-0.671863651300242,15.1679017727647,-42.877999770362,26.2134089050304
"68",110,0.5,0.25,0.01,0,0,9.22516242637285e-26,2.11426786013626e-23,-0.671863651300242,15.1679017727647,-42.877999770362,26.2134089050304
"69",135,0.5,0.25,0.01,0,0,3.43789808191829e-31,9.59809206856014e-29,-0.671863651300242,15.1679017727647,-42.877999770362,26.2134089050304
"70",160,0.5,0.25,0.01,0,0,1.28118537922642e-36,4.21746871493346e-34,-0.671863651300242,15.1679017727647,-42.877999770362,26.2134089050304
"71",10,0.75,0.25,0.01,0,0,1.71832579068031e-05,0.000347659571870614,-0.671852211841541,15.1679216871718,-42.8779991608487,26.2134159205908
"72",35,0.75,0.25,0.01,0,0,1.23618528658356e-13,6.6217244238289e-12,-0.671863651299645,15.1679017727647,-42.877999770362,26.2134089050305
"73",60,0.75,0.25,0.01,0,0,8.89328140181279e-22,7.72818377345554e-20,-0.671863651300242,15.1679017727647,-42.877999770362,26.2134089050304
"74",85,0.75,0.25,0.01,0,0,6.39794494807605e-30,7.69240653092931e-28,-0.671863651300242,15.1679017727647,-42.877999770362,26.2134089050304
"75",110,0.75,0.25,0.01,0,0,4.60276670771567e-38,7.06827515992364e-36,-0.671863651300242,15.1679017727647,-42.877999770362,26.2134089050304
"76",135,0.75,0.25,0.01,0,0,3.31129160028598e-46,6.18877504630545e-44,-0.671863651300242,15.1679017727647,-42.877999770362,26.2134089050304
"77",160,0.75,0.25,0.01,0,0,2.38218722746559e-54,5.24634950694315e-52,-0.671863651300242,15.1679017727647,-42.877999770362,26.2134089050304
"78",10,1,0.25,0.01,0,0,4.97415446354594e-07,7.67768286339939e-06,-0.671863403336473,15.1679022044589,-42.8779997573465,26.2134090641266
"79",35,1,0.25,0.01,0,0,6.90807769442962e-18,2.79329169336134e-16,-0.671863651300242,15.1679017727647,-42.877999770362,26.2134089050304
"80",60,1,0.25,0.01,0,0,9.5938995235049e-29,6.27778270446352e-27,-0.671863651300242,15.1679017727647,-42.877999770362,26.2134089050304
"81",85,1,0.25,0.01,0,0,1.33239538028545e-39,1.20495378303167e-37,-0.671863651300242,15.1679017727647,-42.877999770362,26.2134089050304
"82",110,1,0.25,0.01,0,0,1.85042322473409e-50,2.13603885604547e-48,-0.671863651300242,15.1679017727647,-42.877999770362,26.2134089050304
"83",135,1,0.25,0.01,0,0,2.56985738715331e-61,3.60898311940244e-59,-0.671863651300242,15.1679017727647,-42.877999770362,26.2134089050304
"84",160,1,0.25,0.01,0,0,3.56900351337484e-72,5.90438637553021e-70,-0.671863651300242,15.1679017727647,-42.877999770362,26.2134089050304
"85",10,1.25,0.25,0.01,0,0,1.28708514998729e-08,1.60342470454246e-07,-0.671863646174339,15.1679017816871,-42.8779997700986,26.2134089084644
"86",35,1.25,0.25,0.01,0,0,3.45068026455911e-22,1.12001483627437e-20,-0.671863651300242,15.1679017727647,-42.877999770362,26.2134089050304
"87",60,1.25,0.25,0.01,0,0,9.25128713576136e-36,4.85302153517682e-34,-0.671863651300242,15.1679017727647,-42.877999770362,26.2134089050304
"88",85,1.25,0.25,0.01,0,0,2.48027365929363e-49,1.79715168248244e-47,-0.671863651300242,15.1679017727647,-42.877999770362,26.2134089050304
"89",110,1.25,0.25,0.01,0,0,6.64962327372352e-63,6.14809526647073e-61,-0.671863651300242,15.1679017727647,-42.877999770362,26.2134089050304
"90",135,1.25,0.25,0.01,0,0,1.78276657161445e-76,2.00486003321278e-74,-0.671863651300242,15.1679017727647,-42.877999770362,26.2134089050304
"91",160,1.25,0.25,0.01,0,0,4.77960407385039e-90,6.3309583181747e-88,-0.671863651300242,15.1679017727647,-42.877999770362,26.2134089050304
"92",10,1.5,0.25,0.01,0,0,3.11485898689108e-10,3.24989662233343e-09,-0.671863651195067,15.1679017729448,-42.8779997703569,26.213408905102
"93",35,1.5,0.25,0.01,0,0,1.61211240219322e-26,4.36885587685647e-25,-0.671863651300242,15.1679017727647,-42.877999770362,26.2134089050304
"94",60,1.5,0.25,0.01,0,0,8.34357641308634e-43,3.65172145915691e-41,-0.671863651300242,15.1679017727647,-42.877999770362,26.2134089050304
"95",85,1.5,0.25,0.01,0,0,4.31826386710392e-59,2.60967917229073e-57,-0.671863651300242,15.1679017727647,-42.877999770362,26.2134089050304
"96",110,1.5,0.25,0.01,0,0,2.23494121737635e-75,1.72314401326461e-73,-0.671863651300242,15.1679017727647,-42.877999770362,26.2134089050304
"97",135,1.5,0.25,0.01,0,0,1.15670612052648e-91,1.08460701577801e-89,-0.671863651300242,15.1679017727647,-42.877999770362,26.2134089050304
"98",160,1.5,0.25,0.01,0,0,5.98659615233269e-108,6.61120929522661e-106,-0.671863651300242,15.1679017727647,-42.877999770362,26.2134089050304
"99",10,1.75,0.25,0.01,0,0,7.21873223495633e-12,6.4747212928522e-11,-0.671863651297233,15.1679017727684,-42.877999770362,26.2134089050318
"100",35,1.75,0.25,0.01,0,0,7.21235922645189e-31,1.67723754528345e-29,-0.671863651300242,15.1679017727647,-42.877999770362,26.2134089050304
"101",60,1.75,0.25,0.01,0,0,7.20599184431466e-50,2.7051842138901e-48,-0.671863651300242,15.1679017727647,-42.877999770362,26.2134089050304
"102",85,1.75,0.25,0.01,0,0,7.19963008357732e-69,3.73131454383095e-67,-0.671863651300242,15.1679017727647,-42.877999770362,26.2134089050304
"103",110,1.75,0.25,0.01,0,0,7.19327393927687e-88,4.75563094099641e-86,-0.671863651300242,15.1679017727647,-42.877999770362,26.2134089050304
"104",135,1.75,0.25,0.01,0,0,7.18692340645489e-107,5.77813580844434e-105,-0.671863651300242,15.1679017727647,-42.877999770362,26.2134089050304
"105",160,1.75,0.25,0.01,0,0,7.18057848015794e-126,6.79883154640354e-124,-0.671863651300242,15.1679017727647,-42.877999770362,26.2134089050304
"106",10,2,0.25,0.01,0,0,1.6241933720317e-13,1.27690108440899e-12,-0.671863651299717,15.1679017727647,-42.877999770362,26.2134089050305
"107",35,2,0.25,0.01,0,0,3.13266271937018e-35,6.37865117163158e-34,-0.671863651300242,15.1679017727647,-42.877999770362,26.2134089050304
"108",60,2,0.25,0.01,0,0,6.04212274370747e-57,1.98554759071334e-55,-0.671863651300242,15.1679017727647,-42.877999770362,26.2134089050304
"109",85,2,0.25,0.01,0,0,1.16537433233051e-78,5.28634252912665e-77,-0.671863651300242,15.1679017727647,-42.877999770362,26.2134089050304
"110",110,2,0.25,0.01,0,0,2.24771556630353e-100,1.30056768072176e-98,-0.671863651300242,15.1679017727647,-42.877999770362,26.2134089050304
"111",135,2,0.25,0.01,0,0,4.33528105677399e-122,3.05037984855556e-120,-0.671863651300242,15.1679017727647,-42.877999770362,26.2134089050304
"112",160,2,0.25,0.01,0,0,8.36167267913384e-144,6.92862875402553e-142,-0.671863651300242,15.1679017727647,-42.877999770362,26.2134089050304
"113",10,2.25,0.25,0.01,0,0,3.5785910762736e-15,2.50324679950614e-14,-0.671863651300236,15.1679017727642,-42.877999770362,26.2134089050304
"114",35,2.25,0.25,0.01,0,0,1.33243940412228e-39,2.41253790859475e-38,-0.671863651300242,15.1679017727647,-42.877999770362,26.2134089050304
"115",60,2.25,0.25,0.01,0,0,4.96115573927608e-64,1.4495149944549e-62,-0.671863651300242,15.1679017727647,-42.877999770362,26.2134089050304
"116",85,2.25,0.25,0.01,0,0,1.84721843208819e-88,7.44953559932015e-87,-0.671863651300242,15.1679017727647,-42.877999770362,26.2134089050304
"117",110,2.25,0.25,0.01,0,0,6.87786498785489e-113,3.53793983334038e-111,-0.671863651300242,15.1679017727647,-42.877999770362,26.2134089050304
"118",135,2.25,0.25,0.01,0,0,2.5608788852158e-137,1.60184556860048e-135,-0.671863651300242,15.1679017727647,-42.877999770362,26.2134089050304
"119",160,2.25,0.25,0.01,0,0,9.5350820004818e-162,7.0237062724757e-160,-0.671863651300242,15.1679017727647,-42.877999770362,26.2134089050304
"120",10,2.5,0.25,0.01,0,0,7.76547498086335e-17,4.89118338720879e-16,-0.671863651300242,15.1679017727647,-42.877999770362,26.2134089050304
"121",35,2.5,0.25,0.01,0,0,5.5816539262585e-44,9.09732978955608e-43,-0.671863651300242,15.1679017727647,-42.877999770362,26.2134089050304
"122",60,2.5,0.25,0.01,0,0,4.01197101649186e-71,1.05509331100504e-69,-0.671863651300242,15.1679017727647,-42.877999770362,26.2134089050304
"123",85,2.5,0.25,0.01,0,0,2.88371720099823e-98,1.04674976348457e-96,-0.671863651300242,15.1679017727647,-42.877999770362,26.2134089050304
"124",110,2.5,0.25,0.01,0,0,2.07275298379509e-125,9.59656181913588e-124,-0.671863651300242,15.1679017727647,-42.877999770362,26.2134089050304
"125",135,2.5,0.25,0.01,0,0,1.48984960465068e-152,8.38764878478613e-151,-0.671863651300242,15.1679017727647,-42.877999770362,26.2134089050304
"126",160,2.5,0.25,0.01,0,0,1.07087137822552e-179,7.0997302551199e-178,-0.671863651300242,15.1679017727647,-42.877999770362,26.2134089050304
"127",10,0.5,0.5,0.01,0,0,0.000418871985716735,0.0122241887239117,-0.591763505044407,15.0971733849725,-42.8322392933909,26.5269216825856
"128",35,0.5,0.5,0.01,0,0,1.56091001733985e-09,1.23598372527174e-07,-0.59223394982012,15.0964336443044,-42.8322613852868,26.5266770133691
"129",60,0.5,0.5,0.01,0,0,5.81697026632956e-15,7.51456780268787e-13,-0.592233951571166,15.0964336415471,-42.8322613853691,26.5266770124568
"130",85,0.5,0.5,0.01,0,0,2.16778306949044e-20,3.8843103286139e-18,-0.59223395157114,15.0964336415471,-42.8322613853691,26.5266770124569
"131",110,0.5,0.5,0.01,0,0,8.07857565229498e-26,1.8514765233614e-23,-0.59223395157114,15.0964336415471,-42.8322613853691,26.5266770124569
"132",135,0.5,0.5,0.01,0,0,3.01060495805021e-31,8.40511333783913e-29,-0.59223395157114,15.0964336415471,-42.8322613853691,26.5266770124569
"133",160,0.5,0.5,0.01,0,0,1.12194805167936e-36,3.69326825405357e-34,-0.59223395157114,15.0964336415471,-42.8322613853691,26.5266770124569
"134",10,0.75,0.5,0.01,0,0,1.5050288106765e-05,0.000304488989008153,-0.592222696840389,15.0964513420352,-42.8322608612971,26.5266831480707
"135",35,0.75,0.5,0.01,0,0,1.08273673338172e-13,5.79965460779844e-12,-0.592233951571091,15.0964336415472,-42.8322613853691,26.5266770124569
"136",60,0.75,0.5,0.01,0,0,7.78935209676804e-22,6.76879937676674e-20,-0.59223395157114,15.0964336415471,-42.8322613853691,26.5266770124569
"137",85,0.75,0.5,0.01,0,0,5.60376352041935e-30,6.73748549067734e-28,-0.59223395157114,15.0964336415471,-42.8322613853691,26.5266770124569
"138",110,0.75,0.5,0.01,0,0,4.03142202363814e-38,6.19084403219481e-36,-0.59223395157114,15.0964336415471,-42.8322613853691,26.5266770124569
"139",135,0.75,0.5,0.01,0,0,2.90025863394356e-46,5.42052843174173e-44,-0.59223395157114,15.0964336415471,-42.8322613853691,26.5266770124569
"140",160,0.75,0.5,0.01,0,0,2.08648464349398e-54,4.59509514442581e-52,-0.59223395157114,15.0964336415471,-42.8322613853691,26.5266770124569
"141",10,1,0.5,0.01,0,0,4.35758497676416e-07,6.72563179801618e-06,-0.592233707525724,15.0964340254082,-42.8322613741599,26.5266771516302
"142",35,1,0.5,0.01,0,0,6.05178946372473e-18,2.44699932000609e-16,-0.59223395157114,15.0964336415471,-42.8322613853691,26.5266770124569
"143",60,1,0.5,0.01,0,0,8.40469123547882e-29,5.49955172825479e-27,-0.59223395157114,15.0964336415471,-42.8322613853691,26.5266770124569
"144",85,1,0.5,0.01,0,0,1.16723880080688e-39,1.05558435704639e-37,-0.59223395157114,15.0964336415471,-42.8322613853691,26.5266770124569
"145",110,1,0.5,0.01,0,0,1.62105469426136e-50,1.87125330310481e-48,-0.59223395157114,15.0964336415471,-42.8322613853691,26.5266770124569
"146",135,1,0.5,0.01,0,0,2.25131165959388e-61,3.16161399796319e-59,-0.59223395157114,15.0964336415471,-42.8322613853691,26.5266770124569
"147",160,1,0.5,0.01,0,0,3.12660899509787e-72,5.17248402141431e-70,-0.59223395157114,15.0964336415471,-42.8322613853691,26.5266770124569
"148",10,1.25,0.5,0.01,0,0,1.12779230932293e-08,1.40489857553848e-07,-0.592233946528151,15.0964336494832,-42.8322613851419,26.5266770154617
"149",35,1.25,0.5,0.01,0,0,3.02361554270515e-22,9.81376959942286e-21,-0.59223395157114,15.0964336415471,-42.8322613853691,26.5266770124569
"150",60,1.25,0.5,0.01,0,0,8.10632496467771e-36,4.25234041829276e-34,-0.59223395157114,15.0964336415471,-42.8322613853691,26.5266770124569
"151",85,1.25,0.5,0.01,0,0,2.17330885837966e-49,1.57471588253273e-47,-0.59223395157114,15.0964336415471,-42.8322613853691,26.5266770124569
"152",110,1.25,0.5,0.01,0,0,5.82664945520038e-63,5.38714926276785e-61,-0.59223395157114,15.0964336415471,-42.8322613853691,26.5266770124569
"153",135,1.25,0.5,0.01,0,0,1.56212697256009e-76,1.75672219549183e-74,-0.59223395157114,15.0964336415471,-42.8322613853691,26.5266770124569
"154",160,1.25,0.5,0.01,0,0,4.18806845539999e-90,5.54739269181177e-88,-0.59223395157114,15.0964336415471,-42.8322613853691,26.5266770124569
"155",10,1.5,0.5,0.01,0,0,2.73000236469594e-10,2.84817694765103e-09,-0.592233951471722,15.0964336417069,-42.8322613853646,26.5266770125203
"156",35,1.5,0.5,0.01,0,0,1.41292774044178e-26,3.8289692132815e-25,-0.59223395157114,15.0964336415471,-42.8322613853691,26.5266770124569
"157",60,1.5,0.5,0.01,0,0,7.31268523987986e-43,3.20048495119936e-41,-0.59223395157114,15.0964336415471,-42.8322613853691,26.5266770124569
"158",85,1.5,0.5,0.01,0,0,3.78472046991134e-59,2.28721533600255e-57,-0.59223395157114,15.0964336415471,-42.8322613853691,26.5266770124569
"159",110,1.5,0.5,0.01,0,0,1.95880289736108e-75,1.51022802771965e-73,-0.59223395157114,15.0964336415471,-42.8322613853691,26.5266770124569
"160",135,1.5,0.5,0.01,0,0,1.01378921408162e-91,9.50591691890286e-90,-0.59223395157114,15.0964336415471,-42.8322613853691,26.5266770124569
"161",160,1.5,0.5,0.01,0,0,5.24692184176801e-108,5.79432656306432e-106,-0.59223395157114,15.0964336415471,-42.8322613853691,26.5266770124569
"162",10,1.75,0.5,0.01,0,0,6.32842536536162e-12,5.67579669519599e-11,-0.592233951569277,15.0964336415498,-42.832261385369,26.5266770124583
"163",35,1.75,0.5,0.01,0,0,6.32283835820297e-31,1.47034120828107e-29,-0.59223395157114,15.0964336415471,-42.8322613853691,26.5266770124569
"164",60,1.75,0.5,0.01,0,0,6.31725628349547e-50,2.37150831093311e-48,-0.59223395157114,15.0964336415471,-42.8322613853691,26.5266770124569
"165",85,1.75,0.5,0.01,0,0,6.31167913688454e-69,3.27108308912667e-67,-0.59223395157114,15.0964336415471,-42.8322613853691,26.5266770124569
"166",110,1.75,0.5,0.01,0,0,6.30610691401963e-88,4.16906765202661e-86,-0.59223395157114,15.0964336415471,-42.8322613853691,26.5266770124569
"167",135,1.75,0.5,0.01,0,0,6.30053961055336e-107,5.06546410631508e-105,-0.59223395157114,15.0964336415471,-42.8322613853691,26.5266770124569
"168",160,1.75,0.5,0.01,0,0,6.29497722214309e-126,5.96027455619357e-124,-0.59223395157114,15.0964336415471,-42.8322613853691,26.5266770124569
"169",10,2,0.5,0.01,0,0,1.42426153805186e-13,1.11964030908787e-12,-0.592233951571087,15.0964336415471,-42.8322613853691,26.526677012457
"170",35,2,0.5,0.01,0,0,2.74704422497841e-35,5.59331135715047e-34,-0.59223395157114,15.0964336415471,-42.8322613853691,26.5266770124569
"171",60,2,0.5,0.01,0,0,5.29836113127731e-57,1.74110498438153e-55,-0.59223395157114,15.0964336415471,-42.8322613853691,26.5266770124569
"172",85,2,0.5,0.01,0,0,1.02192132264089e-78,4.63555762721634e-77,-0.59223395157114,15.0964336415471,-42.8322613853691,26.5266770124569
"173",110,2,0.5,0.01,0,0,1.97103059567473e-100,1.14046193133147e-98,-0.59223395157114,15.0964336415471,-42.8322613853691,26.5266770124569
"174",135,2,0.5,0.01,0,0,3.80162496173978e-122,2.67486889688171e-120,-0.59223395157114,15.0964336415471,-42.8322613853691,26.5266770124569
"175",160,2,0.5,0.01,0,0,7.33238356697148e-144,6.07570092405541e-142,-0.59223395157114,15.0964336415471,-42.8322613853691,26.5266770124569
"176",10,2.25,0.5,0.01,0,0,3.13897933291931e-15,2.19557132310905e-14,-0.592233951571139,15.0964336415471,-42.8322613853691,26.5266770124569
"177",35,2.25,0.5,0.01,0,0,1.16875598881286e-39,2.11610869491138e-38,-0.59223395157114,15.0964336415471,-42.8322613853691,26.5266770124569
"178",60,2.25,0.5,0.01,0,0,4.35170294707093e-64,1.2714266572994e-62,-0.59223395157114,15.0964336415471,-42.8322613853691,26.5266770124569
"179",85,2.25,0.5,0.01,0,0,1.62029702699366e-88,6.53431315779198e-87,-0.59223395157114,15.0964336415471,-42.8322613853691,26.5266770124569
"180",110,2.25,0.5,0.01,0,0,6.0329541965902e-113,3.1032903078348e-111,-0.59223395157114,15.0964336415471,-42.8322613853691,26.5266770124569
"181",135,2.25,0.5,0.01,0,0,2.24628791707938e-137,1.40505521516993e-135,-0.59223395157114,15.0964336415471,-42.8322613853691,26.5266770124569
"182",160,2.25,0.5,0.01,0,0,8.36374559128734e-162,6.16083583788563e-160,-0.59223395157114,15.0964336415471,-42.8322613853691,26.5266770124569
"183",10,2.5,0.5,0.01,0,0,6.81358630765008e-17,4.29128576864732e-16,-0.59223395157114,15.0964336415471,-42.8322613853691,26.5266770124569
"184",35,2.5,0.5,0.01,0,0,4.89745712396437e-44,7.98193967246186e-43,-0.59223395157114,15.0964336415471,-42.8322613853691,26.5266770124569
"185",60,2.5,0.5,0.01,0,0,3.52018528834653e-71,9.25742931034722e-70,-0.59223395157114,15.0964336415471,-42.8322613853691,26.5266770124569
"186",85,2.5,0.5,0.01,0,0,2.53023235336877e-98,9.18427048812501e-97,-0.59223395157114,15.0964336415471,-42.8322613853691,26.5266770124569
"187",110,2.5,0.5,0.01,0,0,1.81867579051256e-125,8.42012896062666e-124,-0.59223395157114,15.0964336415471,-42.8322613853691,26.5266770124569
"188",135,2.5,0.5,0.01,0,0,1.30722446363186e-152,7.35942938200491e-151,-0.59223395157114,15.0964336415471,-42.8322613853691,26.5266770124569
"189",160,2.5,0.5,0.01,0,0,9.39604412854693e-180,6.22940162504308e-178,-0.59223395157114,15.0964336415471,-42.8322613853691,26.5266770124569
"190",10,0.5,0.75,0.01,0,0,0.000361277997811538,0.0105429063687855,-0.501912586156637,15.0066765392607,-42.8061009296493,26.8290452036615
"191",35,0.5,0.75,0.01,0,0,1.34628773373119e-09,1.06602021624218e-07,-0.502361509340683,15.0060294568062,-42.8061195890919,26.8288344844073
"192",60,0.5,0.75,0.01,0,0,5.01714745246699e-15,6.48126134581141e-13,-0.502361511014138,15.0060294543914,-42.8061195891614,26.8288344836225
"193",85,0.5,0.75,0.01,0,0,1.86971684685226e-20,3.35019973877008e-18,-0.502361511014218,15.0060294543912,-42.8061195891614,26.8288344836226
"194",110,0.5,0.75,0.01,0,0,6.96778621821084e-26,1.59689255926899e-23,-0.502361511014218,15.0060294543912,-42.8061195891614,26.8288344836226
"195",135,0.5,0.75,0.01,0,0,2.59665226124616e-31,7.24939085209175e-29,-0.502361511014218,15.0060294543912,-42.8061195891614,26.8288344836226
"196",160,0.5,0.75,0.01,0,0,9.67682238615834e-37,3.18543766076649e-34,-0.502361511014218,15.0060294543912,-42.8061195891614,26.8288344836226
"197",10,0.75,0.75,0.01,0,0,1.29832175728542e-05,0.000262656077223384,-0.502350767553684,15.0060449436116,-42.806119145676,26.8288397688856
"198",35,0.75,0.75,0.01,0,0,9.3402905983572e-14,5.00301110484957e-12,-0.502361511014319,15.0060294543914,-42.8061195891614,26.8288344836226
"199",60,0.75,0.75,0.01,0,0,6.71952931064797e-22,5.8390758475977e-20,-0.502361511014218,15.0060294543912,-42.8061195891614,26.8288344836226
"200",85,0.75,0.75,0.01,0,0,4.83411877619732e-30,5.81208176757681e-28,-0.502361511014218,15.0060294543912,-42.8061195891614,26.8288344836226
"201",110,0.75,0.75,0.01,0,0,3.47772935603568e-38,5.34053206058616e-36,-0.502361511014218,15.0060294543912,-42.8061195891614,26.8288344836226
"202",135,0.75,0.75,0.01,0,0,2.50192476307888e-46,4.67602473068374e-44,-0.502361511014218,15.0060294543912,-42.8061195891614,26.8288344836226
"203",160,0.75,0.75,0.01,0,0,1.79991795774544e-54,3.96396704914483e-52,-0.502361511014218,15.0060294543912,-42.8061195891614,26.8288344836226
"204",10,1,0.75,0.01,0,0,3.75984400544533e-07,5.80274615585509e-06,-0.502361277966241,15.0060297904406,-42.8061195796602,26.8288346035339
"205",35,1,0.75,0.01,0,0,5.22165016958697e-18,2.11129465839315e-16,-0.502361511014218,15.0060294543912,-42.8061195891614,26.8288344836226
"206",60,1,0.75,0.01,0,0,7.2517984437704e-29,4.74510378075893e-27,-0.502361511014218,15.0060294543912,-42.8061195891614,26.8288344836226
"207",85,1,0.75,0.01,0,0,1.00712569707116e-39,9.10778773673866e-38,-0.502361511014218,15.0060294543912,-42.8061195891614,26.8288344836226
"208",110,1,0.75,0.01,0,0,1.39869051458873e-50,1.61455707686554e-48,-0.502361511014218,15.0060294543912,-42.8061195891614,26.8288344836226
"209",135,1,0.75,0.01,0,0,1.94249353510655e-61,2.72791118880556e-59,-0.502361511014218,15.0060294543912,-42.8061195891614,26.8288344836226
"210",160,1,0.75,0.01,0,0,2.6977241173615e-72,4.46293877521423e-70,-0.502361511014218,15.0060294543912,-42.8061195891614,26.8288344836226
"211",10,1.25,0.75,0.01,0,0,9.73301973586876e-09,1.21237836616148e-07,-0.502361506194013,15.0060294613458,-42.8061195889685,26.8288344862113
"212",35,1.25,0.75,0.01,0,0,2.60942635514006e-22,8.46924379843019e-21,-0.502361511014218,15.0060294543912,-42.8061195891614,26.8288344836226
"213",60,1.25,0.75,0.01,0,0,6.99588215082221e-36,3.66978396824236e-34,-0.502361511014218,15.0060294543912,-42.8061195891614,26.8288344836226
"214",85,1.25,0.75,0.01,0,0,1.87559871049007e-49,1.35899024337614e-47,-0.502361511014218,15.0060294543912,-42.8061195891614,26.8288344836226
"215",110,1.25,0.75,0.01,0,0,5.02848739723034e-63,4.64915557821524e-61,-0.502361511014218,15.0060294543912,-42.8061195891614,26.8288344836226
"216",135,1.25,0.75,0.01,0,0,1.34813941610667e-76,1.51606829193277e-74,-0.502361511014218,15.0060294543912,-42.8061195891614,26.8288344836226
"217",160,1.25,0.75,0.01,0,0,3.61436698889099e-90,4.78745835227125e-88,-0.502361511014218,15.0060294543912,-42.8061195891614,26.8288344836226
"218",10,1.5,0.75,0.01,0,0,2.35658767803803e-10,2.45844503584156e-09,-0.502361510916592,15.0060294545353,-42.8061195891576,26.8288344836763
"219",35,1.5,0.75,0.01,0,0,1.21966491536502e-26,3.30515661011199e-25,-0.502361511014218,15.0060294543912,-42.8061195891614,26.8288344836226
"220",60,1.5,0.75,0.01,0,0,6.31244285811822e-43,2.76267579352872e-41,-0.502361511014218,15.0060294543912,-42.8061195891614,26.8288344836226
"221",85,1.5,0.75,0.01,0,0,3.2670395233172e-59,1.97434464048009e-57,-0.502361511014218,15.0060294543912,-42.8061195891614,26.8288344836226
"222",110,1.5,0.75,0.01,0,0,1.69087427590567e-75,1.30364530803911e-73,-0.502361511014218,15.0060294543912,-42.8061195891614,26.8288344836226
"223",135,1.5,0.75,0.01,0,0,8.7512128228452e-92,8.20562347028592e-90,-0.502361511014218,15.0060294543912,-42.8061195891614,26.8288344836226
"224",160,1.5,0.75,0.01,0,0,4.52923833321137e-108,5.00173861827166e-106,-0.502361511014218,15.0060294543912,-42.8061195891614,26.8288344836226
"225",10,1.75,0.75,0.01,0,0,5.46418844129126e-12,4.9003604979964e-11,-0.502361511012231,15.0060294543936,-42.8061195891614,26.8288344836235
"226",35,1.75,0.75,0.01,0,0,5.45936441980485e-31,1.26951262764558e-29,-0.502361511014218,15.0060294543912,-42.8061195891614,26.8288344836226
"227",60,1.75,0.75,0.01,0,0,5.45454465717287e-50,2.04761251239381e-48,-0.502361511014218,15.0060294543912,-42.8061195891614,26.8288344836226
"228",85,1.75,0.75,0.01,0,0,5.44972914963565e-69,2.8243375273192e-67,-0.502361511014218,15.0060294543912,-42.8061195891614,26.8288344836226
"229",110,1.75,0.75,0.01,0,0,5.44491789343619e-88,3.59968949354997e-86,-0.502361511014218,15.0060294543912,-42.8061195891614,26.8288344836226
"230",135,1.75,0.75,0.01,0,0,5.44011088482144e-107,4.37367023007083e-105,-0.502361511014218,15.0060294543912,-42.8061195891614,26.8288344836226
"231",160,1.75,0.75,0.01,0,0,5.43530812004158e-126,5.14628155372466e-124,-0.502361511014218,15.0060294543912,-42.8061195891614,26.8288344836226
"232",10,2,0.75,0.01,0,0,1.23008842095673e-13,9.66928923187989e-13,-0.502361511014352,15.0060294543913,-42.8061195891614,26.8288344836225
"233",35,2,0.75,0.01,0,0,2.37253285490243e-35,4.83063008221877e-34,-0.502361511014218,15.0060294543912,-42.8061195891614,26.8288344836226
"234",60,2,0.75,0.01,0,0,4.57602238318259e-57,1.50371050156278e-55,-0.502361511014218,15.0060294543912,-42.8061195891614,26.8288344836226
"235",85,2,0.75,0.01,0,0,8.82600247584281e-79,4.00353171075133e-77,-0.502361511014218,15.0060294543912,-42.8061195891614,26.8288344836226
"236",110,2,0.75,0.01,0,0,1.70231509334114e-100,9.8497050451068e-99,-0.502361511014218,15.0060294543912,-42.8061195891614,26.8288344836226
"237",135,2,0.75,0.01,0,0,3.28333997746838e-122,2.31017920800746e-120,-0.502361511014218,15.0060294543912,-42.8061195891614,26.8288344836226
"238",160,2,0.75,0.01,0,0,6.33274148235591e-144,5.24735048150826e-142,-0.502361511014218,15.0060294543912,-42.8061195891614,26.8288344836226
"239",10,2.25,0.75,0.01,0,0,2.71180610847892e-15,1.89664230267427e-14,-0.502361511014513,15.0060294543915,-42.8061195891614,26.8288344836225
"240",35,2.25,0.75,0.01,0,0,1.00970388576483e-39,1.8280820068983e-38,-0.502361511014218,15.0060294543912,-42.8061195891614,26.8288344836226
"241",60,2.25,0.75,0.01,0,0,3.75949421214492e-64,1.09838289192931e-62,-0.502361511014218,15.0060294543912,-42.8061195891614,26.8288344836226
"242",85,2.25,0.75,0.01,0,0,1.3997962105935e-88,5.64500747625287e-87,-0.502361511014218,15.0060294543912,-42.8061195891614,26.8288344836226
"243",110,2.25,0.75,0.01,0,0,5.21194958848997e-113,2.6809467757409e-111,-0.502361511014218,15.0060294543912,-42.8061195891614,26.8288344836226
"244",135,2.25,0.75,0.01,0,0,1.94059808902059e-137,1.21383584550811e-135,-0.502361511014218,15.0060294543912,-42.8061195891614,26.8288344836226
"245",160,2.25,0.75,0.01,0,0,7.22555135879883e-162,5.32239066289031e-160,-0.502361511014218,15.0060294543912,-42.8061195891614,26.8288344836226
"246",10,2.5,0.75,0.01,0,0,5.88811681583786e-17,3.7081225728706e-16,-0.502361511014218,15.0060294543912,-42.8061195891614,26.8288344836226
"247",35,2.5,0.75,0.01,0,0,4.23224985263365e-44,6.89756742418159e-43,-0.502361511014218,15.0060294543912,-42.8061195891614,26.8288344836226
"248",60,2.5,0.75,0.01,0,0,3.04204882059042e-71,7.99986973813804e-70,-0.502361511014218,15.0060294543912,-42.8061195891614,26.8288344836226
"249",85,2.5,0.75,0.01,0,0,2.18655829619719e-98,7.93669005806264e-97,-0.502361511014218,15.0060294543912,-42.8061195891614,26.8288344836226
"250",110,2.5,0.75,0.01,0,0,1.57165037927985e-125,7.27636996607277e-124,-0.502361511014218,15.0060294543912,-42.8061195891614,26.8288344836226
"251",135,2.5,0.75,0.01,0,0,1.12966798963759e-152,6.35976390651658e-151,-0.502361511014218,15.0060294543912,-42.8061195891614,26.8288344836226
"252",160,2.5,0.75,0.01,0,0,8.1198069471189e-180,5.38324018191166e-178,-0.502361511014218,15.0060294543912,-42.8061195891614,26.8288344836226
"253",10,0.5,1,0.01,0,0,0.000307106451809961,0.0089616667443498,-0.410946663075229,14.9018203373786,-42.7981008072834,27.1121352044482
"254",35,0.5,1,0.01,0,0,1.14441923627449e-09,9.06161702198842e-08,-0.411362854143707,14.9012629115949,-42.7981163377634,27.1119563287002
"255",60,0.5,1,0.01,0,0,4.26485357621684e-15,5.50937716935525e-13,-0.411362855693676,14.9012629095161,-42.7981163378213,27.1119563280334
"256",85,0.5,1,0.01,0,0,1.58936301082595e-20,2.84783529584853e-18,-0.411362855693682,14.9012629095159,-42.7981163378213,27.1119563280333
"257",110,0.5,1,0.01,0,0,5.92300470587903e-26,1.35743967917709e-23,-0.411362855693682,14.9012629095159,-42.7981163378213,27.1119563280333
"258",135,0.5,1,0.01,0,0,2.20729842754014e-31,6.16235610008086e-29,-0.411362855693682,14.9012629095159,-42.7981163378213,27.1119563280333
"259",160,0.5,1,0.01,0,0,8.22583568671661e-37,2.70778817512026e-34,-0.411362855693682,14.9012629095159,-42.7981163378213,27.1119563280333
"260",10,0.75,1,0.01,0,0,1.10383389906252e-05,0.000223299673362799,-0.411352892336429,14.9012762574429,-42.7981159680031,27.1119608154206
"261",35,0.75,1,0.01,0,0,7.9411203269416e-14,4.25348607299729e-12,-0.411362855693616,14.901262909516,-42.7981163378213,27.1119563280333
"262",60,0.75,1,0.01,0,0,5.71294760418385e-22,4.96433033323903e-20,-0.411362855693682,14.9012629095159,-42.7981163378213,27.1119563280333
"263",85,0.75,1,0.01,0,0,4.10997050597769e-30,4.94139545103931e-28,-0.411362855693682,14.9012629095159,-42.7981163378213,27.1119563280333
"264",110,0.75,1,0.01,0,0,2.95676745707176e-38,4.54049477537942e-36,-0.411362855693682,14.9012629095159,-42.7981163378213,27.1119563280333
"265",135,0.75,1,0.01,0,0,2.12713784259111e-46,3.97553829128807e-44,-0.411362855693682,14.9012629095159,-42.7981163378213,27.1119563280333
"266",160,0.75,1,0.01,0,0,1.53029126134396e-54,3.37015222058257e-52,-0.411362855693682,14.9012629095159,-42.7981163378213,27.1119563280333
"267",10,1,1,0.01,0,0,3.19723214817455e-07,4.9341842316882e-06,-0.411362639491492,14.9012631992212,-42.7981163298853,27.1119564298652
"268",35,1,1,0.01,0,0,4.44029799147153e-18,1.79533122318445e-16,-0.411362855693682,14.9012629095159,-42.7981163378213,27.1119563280333
"269",60,1,1,0.01,0,0,6.16666092492687e-29,4.03501115589186e-27,-0.411362855693682,14.9012629095159,-42.7981163378213,27.1119563280333
"270",85,1,1,0.01,0,0,8.56422407596517e-40,7.74485686174443e-38,-0.411362855693682,14.9012629095159,-42.7981163378213,27.1119563280333
"271",110,1,1,0.01,0,0,1.18939463213978e-50,1.37295003141583e-48,-0.411362855693682,14.9012629095159,-42.7981163378213,27.1119563280333
"272",135,1,1,0.01,0,0,1.65182458844473e-61,2.31970144368149e-59,-0.411362855693682,14.9012629095159,-42.7981163378213,27.1119563280333
"273",160,1,1,0.01,0,0,2.29404471590871e-72,3.79509952230953e-70,-0.411362855693682,14.9012629095159,-42.7981163378213,27.1119563280333
"274",10,1.25,1,0.01,0,0,8.27833170912558e-09,1.03111970096167e-07,-0.411362851221697,14.9012629155118,-42.7981163376599,27.1119563302332
"275",35,1.25,1,0.01,0,0,2.21942393260518e-22,7.20328377099184e-21,-0.411362855693682,14.9012629095159,-42.7981163378213,27.1119563280333
"276",60,1.25,1,0.01,0,0,5.95028414756205e-36,3.12125999458822e-34,-0.411362855693682,14.9012629095159,-42.7981163378213,27.1119563280333
"277",85,1.25,1,0.01,0,0,1.59527348140143e-49,1.15586570806466e-47,-0.411362855693682,14.9012629095159,-42.7981163378213,27.1119563280333
"278",110,1.25,1,0.01,0,0,4.27693437380693e-63,3.95426730871913e-61,-0.411362855693682,14.9012629095159,-42.7981163378213,27.1119563280333
"279",135,1.25,1,0.01,0,0,1.14664775984254e-76,1.2894701468604e-74,-0.411362855693682,14.9012629095159,-42.7981163378213,27.1119563280333
"280",160,1.25,1,0.01,0,0,3.0741670791212e-90,4.07190786694613e-88,-0.411362855693682,14.9012629095159,-42.7981163378213,27.1119563280333
"281",10,1.5,1,0.01,0,0,2.00482792415193e-10,2.09135598189857e-09,-0.411362855604566,14.9012629096375,-42.7981163378181,27.1119563280801
"282",35,1.5,1,0.01,0,0,1.03760971985886e-26,2.81174232519782e-25,-0.411362855693682,14.9012629095159,-42.7981163378213,27.1119563280333
"283",60,1.5,1,0.01,0,0,5.37020617968422e-43,2.350267069901e-41,-0.411362855693682,14.9012629095159,-42.7981163378213,27.1119563280333
"284",85,1.5,1,0.01,0,0,2.77937974754527e-59,1.67962360778394e-57,-0.411362855693682,14.9012629095159,-42.7981163378213,27.1119563280333
"285",110,1.5,1,0.01,0,0,1.43848327654321e-75,1.10904564987012e-73,-0.411362855693682,14.9012629095159,-42.7981163378213,27.1119563280333
"286",135,1.5,1,0.01,0,0,7.44494932267544e-92,6.98075165196085e-90,-0.411362855693682,14.9012629095159,-42.7981163378213,27.1119563280333
"287",160,1.5,1,0.01,0,0,3.85317447349149e-108,4.25512216123836e-106,-0.411362855693682,14.9012629095159,-42.7981163378213,27.1119563280333
"288",10,1.75,1,0.01,0,0,4.64969587365466e-12,4.16964580135722e-11,-0.411362855692384,14.9012629095189,-42.7981163378213,27.1119563280353
"289",35,1.75,1,0.01,0,0,4.64559092137471e-31,1.08025231171152e-29,-0.411362855693682,14.9012629095159,-42.7981163378213,27.1119563280333
"290",60,1.75,1,0.01,0,0,4.64148959312393e-50,1.74236856020292e-48,-0.411362855693682,14.9012629095159,-42.7981163378213,27.1119563280333
"291",85,1.75,1,0.01,0,0,4.63739188570286e-69,2.40331487710715e-67,-0.411362855693682,14.9012629095159,-42.7981163378213,27.1119563280333
"292",110,1.75,1,0.01,0,0,4.63329779591488e-88,3.06309281209502e-86,-0.411362855693682,14.9012629095159,-42.7981163378213,27.1119563280333
"293",135,1.75,1,0.01,0,0,4.62920732056606e-107,3.72170391301298e-105,-0.411362855693682,14.9012629095159,-42.7981163378213,27.1119563280333
"294",160,1.75,1,0.01,0,0,4.6251204564655e-126,4.37914972588526e-124,-0.411362855693682,14.9012629095159,-42.7981163378213,27.1119563280333
"295",10,2,1,0.01,0,0,1.04700193440831e-13,8.22955353702185e-13,-0.411362855693613,14.9012629095161,-42.7981163378213,27.1119563280333
"296",35,2,1,0.01,0,0,2.01940482180797e-35,4.1115310405942e-34,-0.411362855693682,14.9012629095159,-42.7981163378213,27.1119563280333
"297",60,2,1,0.01,0,0,3.89492674303974e-57,1.27987732982445e-55,-0.411362855693682,14.9012629095159,-42.7981163378213,27.1119563280333
"298",85,2,1,0.01,0,0,7.51233936346846e-79,3.40760562574497e-77,-0.411362855693682,14.9012629095159,-42.7981163378213,27.1119563280333
"299",110,2,1,0.01,0,0,1.44894234051435e-100,8.38359675821958e-99,-0.411362855693682,14.9012629095159,-42.7981163378213,27.1119563280333
"300",135,2,1,0.01,0,0,2.79464731897552e-122,1.96631701215261e-120,-0.411362855693682,14.9012629095159,-42.7981163378213,27.1119563280333
"301",160,2,1,0.01,0,0,5.39017559158681e-144,4.46630558718657e-142,-0.411362855693682,14.9012629095159,-42.7981163378213,27.1119563280333
"302",10,2.25,1,0.01,0,0,2.30881317698188e-15,1.61467268448255e-14,-0.411362855693683,14.9012629095159,-42.7981163378213,27.1119563280333
"303",35,2.25,1,0.01,0,0,8.59654983818613e-40,1.55637347695295e-38,-0.411362855693682,14.9012629095159,-42.7981163378213,27.1119563280333
"304",60,2.25,1,0.01,0,0,3.20080766417927e-64,9.35139656795621e-63,-0.411362855693682,14.9012629095159,-42.7981163378213,27.1119563280333
"305",85,2.25,1,0.01,0,0,1.19177692166214e-88,4.80606109142384e-87,-0.411362855693682,14.9012629095159,-42.7981163378213,27.1119563280333
"306",110,2.25,1,0.01,0,0,4.43741823947014e-113,2.28251753392107e-111,-0.411362855693682,14.9012629095159,-42.7981163378213,27.1119563280333
"307",135,2.25,1,0.01,0,0,1.65221194286262e-137,1.03344326581756e-135,-0.411362855693682,14.9012629095159,-42.7981163378213,27.1119563280333
"308",160,2.25,1,0.01,0,0,6.15178501737055e-162,4.53141621296323e-160,-0.411362855693682,14.9012629095159,-42.7981163378213,27.1119563280333
"309",10,2.5,1,0.01,0,0,5.0145521383182e-17,3.15774523428387e-16,-0.411362855693682,14.9012629095159,-42.7981163378213,27.1119563280333
"310",35,2.5,1,0.01,0,0,3.60435062893727e-44,5.87406898209647e-43,-0.411362855693682,14.9012629095159,-42.7981163378213,27.1119563280333
"311",60,2.5,1,0.01,0,0,2.59072856318483e-71,6.81288113953472e-70,-0.411362855693682,14.9012629095159,-42.7981163378213,27.1119563280333
"312",85,2.5,1,0.01,0,0,1.86215914573238e-98,6.75910941024635e-97,-0.411362855693682,14.9012629095159,-42.7981163378213,27.1119563280333
"313",110,2.5,1,0.01,0,0,1.33847935029207e-125,6.1967796694205e-124,-0.411362855693682,14.9012629095159,-42.7981163378213,27.1119563280333
"314",135,2.5,1,0.01,0,0,9.62069743213949e-153,5.4161797180984e-151,-0.411362855693682,14.9012629095159,-42.7981163378213,27.1119563280333
"315",160,2.5,1,0.01,0,0,6.91514733197619e-180,4.58454650051971e-178,-0.411362855693682,14.9012629095159,-42.7981163378213,27.1119563280333
"316",10,0.5,0,1.01,0,0,0.000218943618496868,0.00638911096843848,-0.653916209582454,24.2644127804194,-79.7646915361149,21.7839527090933
"317",35,0.5,0,1.01,0,0,8.15883400903235e-10,6.46028541634092e-08,-0.654123675577189,24.2640050937931,-79.7647131243332,21.7838245159183
"318",60,0.5,0,1.01,0,0,3.04051446341784e-15,3.92778154515785e-13,-0.654123676349371,24.2640050922739,-79.7647131244137,21.7838245154404
"319",85,0.5,0,1.01,0,0,1.13309428698471e-20,2.0302950989418e-18,-0.654123676349372,24.2640050922739,-79.7647131244137,21.7838245154404
"320",110,0.5,0,1.01,0,0,4.22264941885581e-26,9.67753038015516e-24,-0.654123676349372,24.2640050922739,-79.7647131244137,21.7838245154404
"321",135,0.5,0,1.01,0,0,1.57363498513553e-31,4.39329742147707e-29,-0.654123676349372,24.2640050922739,-79.7647131244137,21.7838245154404
"322",160,0.5,0,1.01,0,0,5.86439180904932e-37,1.93044916761574e-34,-0.654123676349372,24.2640050922739,-79.7647131244137,21.7838245154404
"323",10,0.75,0,1.01,0,0,7.86941802939703e-06,0.000159192270469262,-0.654118707848163,24.2640148592521,-79.76471262174,21.7838277326666
"324",35,0.75,0,1.01,0,0,5.66135848836799e-14,3.03236870800876e-12,-0.654123676349307,24.2640050922741,-79.7647131244137,21.7838245154404
"325",60,0.75,0,1.01,0,0,4.07285660976809e-22,3.53914525816379e-20,-0.654123676349372,24.2640050922739,-79.7647131244137,21.7838245154404
"326",85,0.75,0,1.01,0,0,2.93006722641112e-30,3.52279725555794e-28,-0.654123676349372,24.2640050922739,-79.7647131244137,21.7838245154404
"327",110,0.75,0,1.01,0,0,2.1079293414598e-38,3.23699032335482e-36,-0.654123676349372,24.2640050922739,-79.7647131244137,21.7838245154404
"328",135,0.75,0,1.01,0,0,1.51647241009882e-46,2.8342247037753e-44,-0.654123676349372,24.2640050922739,-79.7647131244137,21.7838245154404
"329",160,0.75,0,1.01,0,0,1.09097042550691e-54,2.40263576418172e-52,-0.654123676349372,24.2640050922739,-79.7647131244137,21.7838245154404
"330",10,1,0,1.01,0,0,2.27955303172819e-07,3.51785062638311e-06,-0.654123568480266,24.2640053043853,-79.7647131138321,21.7838245884836
"331",35,1,0,1.01,0,0,3.16583040405668e-18,1.28001471320832e-16,-0.654123676349372,24.2640050922739,-79.7647131244137,21.7838245154404
"332",60,1,0,1.01,0,0,4.39668749375347e-29,2.87684912177487e-27,-0.654123676349372,24.2640050922739,-79.7647131244137,21.7838245154404
"333",85,1,0,1.01,0,0,6.10609491050371e-40,5.52187563874398e-38,-0.654123676349372,24.2640050922739,-79.7647131244137,21.7838245154404
"334",110,1,0,1.01,0,0,8.48011033512194e-51,9.78877747379951e-49,-0.654123676349372,24.2640050922739,-79.7647131244137,21.7838245154404
"335",135,1,0,1.01,0,0,1.17771296302875e-61,1.65388816138469e-59,-0.654123676349372,24.2640050922739,-79.7647131244137,21.7838245154404
"336",160,1,0,1.01,0,0,1.63560115195837e-72,2.70581088241354e-70,-0.654123676349372,24.2640050922739,-79.7647131244137,21.7838245154404
"337",10,1.25,0,1.01,0,0,5.90312495499761e-09,7.35240364193965e-08,-0.654123674117315,24.2640050966661,-79.7647131242021,21.7838245170188
"338",35,1.25,0,1.01,0,0,1.58263008326982e-22,5.13644242621496e-21,-0.654123676349372,24.2640050922739,-79.7647131244137,21.7838245154404
"339",60,1.25,0,1.01,0,0,4.24303737451421e-36,2.22568967603493e-34,-0.654123676349372,24.2640050922739,-79.7647131244137,21.7838245154404
"340",85,1.25,0,1.01,0,0,1.13755996122154e-49,8.24220255237461e-48,-0.654123676349372,24.2640050922739,-79.7647131244137,21.7838245154404
"341",110,1.25,0,1.01,0,0,3.04980265586864e-63,2.81969822336952e-61,-0.654123676349372,24.2640050922739,-79.7647131244137,21.7838245154404
"342",135,1.25,0,1.01,0,0,8.17653271635513e-77,9.19492838610211e-75,-0.654123676349372,24.2640050922739,-79.7647131244137,21.7838245154404
"343",160,1.25,0,1.01,0,0,2.19213158375924e-90,2.90359017346351e-88,-0.654123676349372,24.2640050922739,-79.7647131244137,21.7838245154404
"344",10,1.5,0,1.01,0,0,1.42987125670047e-10,1.49150821391329e-09,-0.6541236763053,24.2640050923632,-79.7647131244096,21.7838245154737
"345",35,1.5,0,1.01,0,0,7.40037734024729e-27,2.00533450364352e-25,-0.654123676349372,24.2640050922739,-79.7647131244137,21.7838245154404
"346",60,1.5,0,1.01,0,0,3.830105998814e-43,1.67622290266627e-41,-0.654123676349372,24.2640050922739,-79.7647131244137,21.7838245154404
"347",85,1.5,0,1.01,0,0,1.98229242749132e-59,1.19792045472198e-57,-0.654123676349372,24.2640050922739,-79.7647131244137,21.7838245154404
"348",110,1.5,0,1.01,0,0,1.02594634960662e-75,7.90981378866642e-74,-0.654123676349372,24.2640050922739,-79.7647131244137,21.7838245154404
"349",135,1.5,0,1.01,0,0,5.30984176539054e-92,4.97874126245446e-90,-0.654123676349372,24.2640050922739,-79.7647131244137,21.7838245154404
"350",160,1.5,0,1.01,0,0,2.74813781288829e-108,3.03479789516357e-106,-0.654123676349372,24.2640050922739,-79.7647131244137,21.7838245154404
"351",10,1.75,0,1.01,0,0,3.31691949628522e-12,2.97430630115116e-11,-0.654123676348904,24.2640050922756,-79.7647131244136,21.7838245154411
"352",35,1.75,0,1.01,0,0,3.31399117653738e-31,7.70595356446407e-30,-0.654123676349372,24.2640050922739,-79.7647131244137,21.7838245154404
"353",60,1.75,0,1.01,0,0,3.31106544203658e-50,1.24292439045567e-48,-0.654123676349372,24.2640050922739,-79.7647131244137,21.7838245154404
"354",85,1.75,0,1.01,0,0,3.30814229050051e-69,1.71441883892314e-67,-0.654123676349372,24.2640050922739,-79.7647131244137,21.7838245154404
"355",110,1.75,0,1.01,0,0,3.30522171964898e-88,2.18507980732612e-86,-0.654123676349372,24.2640050922739,-79.7647131244137,21.7838245154404
"356",135,1.75,0,1.01,0,0,3.30230372720338e-107,2.65490839984046e-105,-0.654123676349372,24.2640050922739,-79.7647131244137,21.7838245154404
"357",160,1.75,0,1.01,0,0,3.29938831088755e-126,3.12390571934236e-124,-0.654123676349372,24.2640050922739,-79.7647131244137,21.7838245154404
"358",10,2,0,1.01,0,0,7.47055719450994e-14,5.87161210540549e-13,-0.654123676349342,24.264005092274,-79.7647131244137,21.7838245154404
"359",35,2,0,1.01,0,0,1.44088360531169e-35,2.93359160220003e-34,-0.654123676349372,24.2640050922739,-79.7647131244137,21.7838245154404
"360",60,2,0,1.01,0,0,2.77910403467862e-57,9.13204440007979e-56,-0.654123676349372,24.2640050922739,-79.7647131244137,21.7838245154404
"361",85,2,0,1.01,0,0,5.3601964843624e-79,2.43136748537065e-77,-0.654123676349372,24.2640050922739,-79.7647131244137,21.7838245154404
"362",110,2,0,1.01,0,0,1.03384781542706e-100,5.9818094370369e-99,-0.654123676349372,24.2640050922739,-79.7647131244137,21.7838245154404
"363",135,2,0,1.01,0,0,1.99403381682276e-122,1.40299563132627e-120,-0.654123676349372,24.2640050922739,-79.7647131244137,21.7838245154404
"364",160,2,0,1.01,0,0,3.84599242103182e-144,3.18677666324348e-142,-0.654123676349372,24.2640050922739,-79.7647131244137,21.7838245154404
"365",10,2.25,0,1.01,0,0,1.64774510666892e-15,1.15228948950009e-14,-0.654123676349373,24.2640050922739,-79.7647131244137,21.7838245154404
"366",35,2.25,0,1.01,0,0,6.13515336421587e-40,1.11072292621365e-38,-0.654123676349372,24.2640050922739,-79.7647131244137,21.7838245154404
"367",60,2.25,0,1.01,0,0,2.28434037826052e-64,6.67378075779166e-63,-0.654123676349372,24.2640050922739,-79.7647131244137,21.7838245154404
"368",85,2.25,0,1.01,0,0,8.50542872194076e-89,3.42993855139225e-87,-0.654123676349372,24.2640050922739,-79.7647131244137,21.7838245154404
"369",110,2.25,0,1.01,0,0,3.16687996379521e-113,1.6289662227452e-111,-0.654123676349372,24.2640050922739,-79.7647131244137,21.7838245154404
"370",135,2.25,0,1.01,0,0,1.17914440682057e-137,7.37539321236954e-136,-0.654123676349372,24.2640050922739,-79.7647131244137,21.7838245154404
"371",160,2.25,0,1.01,0,0,4.39038279957405e-162,3.23394702059836e-160,-0.654123676349372,24.2640050922739,-79.7647131244137,21.7838245154404
"372",10,2.5,0,1.01,0,0,3.57953532875448e-17,2.25397150718789e-16,-0.654123676349372,24.2640050922739,-79.7647131244137,21.7838245154404
"373",35,2.5,0,1.01,0,0,2.57289186703445e-44,4.19299739100737e-43,-0.654123676349372,24.2640050922739,-79.7647131244137,21.7838245154404
"374",60,2.5,0,1.01,0,0,1.84933851784487e-71,4.86317352574618e-70,-0.654123676349372,24.2640050922739,-79.7647131244137,21.7838245154404
"375",85,2.5,0,1.01,0,0,1.32926416279079e-98,4.82480714901511e-97,-0.654123676349372,24.2640050922739,-79.7647131244137,21.7838245154404
"376",110,2.5,0,1.01,0,0,9.55446067569567e-126,4.42341213958779e-124,-0.654123676349372,24.2640050922739,-79.7647131244137,21.7838245154404
"377",135,2.5,0,1.01,0,0,6.86753779713423e-153,3.86620587984038e-151,-0.654123676349372,24.2640050922739,-79.7647131244137,21.7838245154404
"378",160,2.5,0,1.01,0,0,4.93623627705517e-180,3.2725680299622e-178,-0.654123676349372,24.2640050922739,-79.7647131244137,21.7838245154404
"379",10,0.5,0.25,1.01,0,0,0.000192977842707095,0.00563129133985138,-0.638115630137569,24.319335580823,-79.5974630990646,21.9317966353081
"380",35,0.5,0.25,1.01,0,0,7.19122991757954e-10,5.69408550909067e-08,-0.638322528156195,24.3189739525337,-79.5974820788775,21.9316837004075
"381",60,0.5,0.25,1.01,0,0,2.67992197781476e-15,3.4619491709324e-13,-0.638322528926833,24.3189739511824,-79.5974820789481,21.9316836999865
"382",85,0.5,0.25,1.01,0,0,9.98713973954677e-21,1.78950537292036e-18,-0.638322528926838,24.3189739511825,-79.5974820789481,21.9316836999865
"383",110,0.5,0.25,1.01,0,0,3.72186059903744e-26,8.52979617396411e-24,-0.638322528926838,24.3189739511825,-79.5974820789481,21.9316836999865
"384",135,0.5,0.25,1.01,0,0,1.38700836074377e-31,3.87226337726073e-29,-0.638322528926838,24.3189739511825,-79.5974820789481,21.9316836999865
"385",160,0.5,0.25,1.01,0,0,5.16889910726542e-37,1.70150321516252e-34,-0.638322528926838,24.3189739511825,-79.5974820789481,21.9316836999865
"386",10,0.75,0.25,1.01,0,0,6.93662136486616e-06,0.000140319721712027,-0.638317573372948,24.3189826159903,-79.5974816368331,21.9316865344928
"387",35,0.75,0.25,1.01,0,0,4.99029279336579e-14,2.67290864979771e-12,-0.638322528926817,24.3189739511825,-79.5974820789481,21.9316836999865
"388",60,0.75,0.25,1.01,0,0,3.59008302157469e-22,3.11962038098007e-20,-0.638322528926838,24.3189739511825,-79.5974820789481,21.9316836999865
"389",85,0.75,0.25,1.01,0,0,2.58275348471203e-30,3.10521423072585e-28,-0.638322528926838,24.3189739511825,-79.5974820789481,21.9316836999865
"390",110,0.75,0.25,1.01,0,0,1.85806721535555e-38,2.85328816480197e-36,-0.638322528926838,24.3189739511825,-79.5974820789481,21.9316836999865
"391",135,0.75,0.25,1.01,0,0,1.33671827265537e-46,2.4982662206956e-44,-0.638322528926838,24.3189739511825,-79.5974820789481,21.9316836999865
"392",160,0.75,0.25,1.01,0,0,9.61652907754953e-55,2.11783692293692e-52,-0.638322528926838,24.3189739511825,-79.5974820789481,21.9316836999865
"393",10,1,0.25,1.01,0,0,2.00950943843836e-07,3.10104540718846e-06,-0.638322421321894,24.318974139392,-79.5974820696377,21.9316837643466
"394",35,1,0.25,1.01,0,0,2.79079538328281e-18,1.12837028406315e-16,-0.638322528926838,24.3189739511825,-79.5974820789481,21.9316836999865
"395",60,1,0.25,1.01,0,0,3.87584096216327e-29,2.53603455693701e-27,-0.638322528926838,24.3189739511825,-79.5974820789481,21.9316836999865
"396",85,1,0.25,1.01,0,0,5.38274617120518e-40,4.86771709943634e-38,-0.638322528926838,24.3189739511825,-79.5974820789481,21.9316836999865
"397",110,1,0.25,1.01,0,0,7.4755276665047e-51,8.6291400993759e-49,-0.638322528926838,24.3189739511825,-79.5974820789481,21.9316836999865
"398",135,1,0.25,1.01,0,0,1.03819708593404e-61,1.45795940451395e-59,-0.638322528926838,24.3189739511825,-79.5974820789481,21.9316836999865
"399",160,1,0.25,1.01,0,0,1.4418422850221e-72,2.38526640798412e-70,-0.638322528926838,24.3189739511825,-79.5974820789481,21.9316836999865
"400",10,1.25,0.25,1.01,0,0,5.20428923131029e-09,6.48183914410522e-08,-0.638322526699247,24.3189739550834,-79.597482078762,21.9316837013777
"401",35,1.25,0.25,1.01,0,0,1.39527195549572e-22,4.52832749213549e-21,-0.638322528926838,24.3189739511825,-79.5974820789481,21.9316836999865
"402",60,1.25,0.25,1.01,0,0,3.74072950929148e-36,1.96219225395806e-34,-0.638322528926838,24.3189739511825,-79.5974820789481,21.9316836999865
"403",85,1.25,0.25,1.01,0,0,1.0028910282736e-49,7.26642707874039e-48,-0.638322528926838,24.3189739511825,-79.5974820789481,21.9316836999865
"404",110,1.25,0.25,1.01,0,0,2.6887547257652e-63,2.48588285545875e-61,-0.638322528926838,24.3189739511825,-79.5974820789481,21.9316836999865
"405",135,1.25,0.25,1.01,0,0,7.20856181929295e-77,8.10637391419603e-75,-0.638322528926838,24.3189739511825,-79.5974820789481,21.9316836999865
"406",160,1.25,0.25,1.01,0,0,1.93261821186685e-90,2.55984562413786e-88,-0.638322528926838,24.3189739511825,-79.5974820789481,21.9316836999865
"407",10,1.5,0.25,1.01,0,0,1.26072174723057e-10,1.31503266812978e-09,-0.638322528882306,24.318973951264,-79.5974820789446,21.9316837000162
"408",35,1.5,0.25,1.01,0,0,6.52493474978368e-27,1.76809151579504e-25,-0.638322528926838,24.3189739511825,-79.5974820789481,21.9316836999865
"409",60,1.5,0.25,1.01,0,0,3.37701587067735e-43,1.47792146797509e-41,-0.638322528926838,24.3189739511825,-79.5974820789481,21.9316836999865
"410",85,1.5,0.25,1.01,0,0,1.74779313941565e-59,1.05620524174535e-57,-0.638322528926838,24.3189739511825,-79.5974820789481,21.9316836999865
"411",110,1.5,0.25,1.01,0,0,9.04579953180879e-76,6.9740815813708e-74,-0.638322528926838,24.3189739511825,-79.5974820789481,21.9316836999865
"412",135,1.5,0.25,1.01,0,0,4.68170330483342e-92,4.38975816807229e-90,-0.638322528926838,24.3189739511825,-79.5974820789481,21.9316836999865
"413",160,1.5,0.25,1.01,0,0,2.42304129750091e-108,2.67578370235273e-106,-0.638322528926838,24.3189739511825,-79.5974820789481,21.9316836999865
"414",10,1.75,0.25,1.01,0,0,2.92485017492894e-12,2.62266081080331e-11,-0.638322528926085,24.3189739511847,-79.5974820789481,21.9316836999871
"415",35,1.75,0.25,1.01,0,0,2.92226799090651e-31,6.7950139710371e-30,-0.638322528926838,24.3189739511825,-79.5974820789481,21.9316836999865
"416",60,1.75,0.25,1.01,0,0,2.91968808654765e-50,1.09599980200937e-48,-0.638322528926838,24.3189739511825,-79.5974820789481,21.9316836999865
"417",85,1.75,0.25,1.01,0,0,2.91711045983979e-69,1.51176227175295e-67,-0.638322528926838,24.3189739511825,-79.5974820789481,21.9316836999865
"418",110,1.75,0.25,1.01,0,0,2.91453510877214e-88,1.92678978114123e-86,-0.638322528926838,24.3189739511825,-79.5974820789481,21.9316836999865
"419",135,1.75,0.25,1.01,0,0,2.91196203133552e-107,2.34108330383343e-105,-0.638322528926838,24.3189739511825,-79.5974820789481,21.9316836999865
"420",160,1.75,0.25,1.01,0,0,2.90939122552287e-126,2.75464381234229e-124,-0.638322528926838,24.3189739511825,-79.5974820789481,21.9316836999865
"421",10,2,0.25,1.01,0,0,6.58827059019415e-14,5.17800801263028e-13,-0.638322528926815,24.3189739511825,-79.5974820789481,21.9316836999865
"422",35,2,0.25,1.01,0,0,1.2707125899182e-35,2.58709895410941e-34,-0.638322528926838,24.3189739511825,-79.5974820789481,21.9316836999865
"423",60,2,0.25,1.01,0,0,2.45088671461056e-57,8.05347510766941e-56,-0.638322528926838,24.3189739511825,-79.5974820789481,21.9316836999865
"424",85,2,0.25,1.01,0,0,4.72714737818197e-79,2.14420731122259e-77,-0.638322528926838,24.3189739511825,-79.5974820789481,21.9316836999865
"425",110,2,0.25,1.01,0,0,9.11748478697118e-101,5.27532512389507e-99,-0.638322528926838,24.3189739511825,-79.5974820789481,21.9316836999865
"426",135,2,0.25,1.01,0,0,1.75853473966843e-122,1.23729509552585e-120,-0.638322528926838,24.3189739511825,-79.5974820789481,21.9316836999865
"427",160,2,0.25,1.01,0,0,3.3917736117747e-144,2.81040442885384e-142,-0.638322528926838,24.3189739511825,-79.5974820789481,21.9316836999865
"428",10,2.25,0.25,1.01,0,0,1.45332057551577e-15,1.01629345800962e-14,-0.63832252892684,24.3189739511825,-79.5974820789481,21.9316836999865
"429",35,2.25,0.25,1.01,0,0,5.41124023495674e-40,9.79651873238126e-39,-0.638322528926838,24.3189739511825,-79.5974820789481,21.9316836999865
"430",60,2.25,0.25,1.01,0,0,2.01480123337705e-64,5.88626769405409e-63,-0.638322528926838,24.3189739511825,-79.5974820789481,21.9316836999865
"431",85,2.25,0.25,1.01,0,0,7.50183661001359e-89,3.0252086067919e-87,-0.638322528926838,24.3189739511825,-79.5974820789481,21.9316836999865
"432",110,2.25,0.25,1.01,0,0,2.79320617791226e-113,1.43675125820337e-111,-0.638322528926838,24.3189739511825,-79.5974820789481,21.9316836999865
"433",135,2.25,0.25,1.01,0,0,1.0400120874284e-137,6.50511563595457e-136,-0.638322528926838,24.3189739511825,-79.5974820789481,21.9316836999865
"434",160,2.25,0.25,1.01,0,0,3.87234265250573e-162,2.85235106088648e-160,-0.638322528926838,24.3189739511825,-79.5974820789481,21.9316836999865
"435",10,2.5,0.25,1.01,0,0,3.15757811664715e-17,1.98820537322197e-16,-0.638322528926838,24.3189739511825,-79.5974820789481,21.9316836999865
"436",35,2.5,0.25,1.01,0,0,2.26959823264945e-44,3.6986768601643e-43,-0.638322528926838,24.3189739511825,-79.5974820789481,21.9316836999865
"437",60,2.5,0.25,1.01,0,0,1.63133767316425e-71,4.28986587258199e-70,-0.638322528926838,24.3189739511825,-79.5974820789481,21.9316836999865
"438",85,2.5,0.25,1.01,0,0,1.17256991374127e-98,4.25603187193775e-97,-0.638322528926838,24.3189739511825,-79.5974820789481,21.9316836999865
"439",110,2.5,0.25,1.01,0,0,8.42817661376186e-126,3.90196047837373e-124,-0.638322528926838,24.3189739511825,-79.5974820789481,21.9316836999865
"440",135,2.5,0.25,1.01,0,0,6.05798939579768e-153,3.41044296687906e-151,-0.638322528926838,24.3189739511825,-79.5974820789481,21.9316836999865
"441",160,2.5,0.25,1.01,0,0,4.35435055545398e-180,2.88678702348958e-178,-0.638322528926838,24.3189739511825,-79.5974820789481,21.9316836999865
"442",10,0.5,0.5,1.01,0,0,0.000167480203105652,0.00488715918000358,-0.603788507521961,24.3690459705438,-79.4367495977076,22.0768063114275
"443",35,0.5,0.5,1.01,0,0,6.24107107363963e-10,4.94170889608328e-08,-0.603988559947958,24.3687301513969,-79.436766027281,22.076708345647
"444",60,0.5,0.5,1.01,0,0,2.32583073090921e-15,3.00451887838888e-13,-0.603988560693002,24.3687301502218,-79.4367660273423,22.0767083452821
"445",85,0.5,0.5,1.01,0,0,8.6675644710609e-21,1.55305820442486e-18,-0.60398856069299,24.368730150222,-79.4367660273423,22.0767083452821
"446",110,0.5,0.5,1.01,0,0,3.23010066302755e-26,7.40275961545661e-24,-0.60398856069299,24.368730150222,-79.4367660273423,22.0767083452821
"447",135,0.5,0.5,1.01,0,0,1.20374648820049e-31,3.36062500440787e-29,-0.60398856069299,24.368730150222,-79.4367660273423,22.0767083452821
"448",160,0.5,0.5,1.01,0,0,4.48594566863093e-37,1.4766856667159e-34,-0.60398856069299,24.368730150222,-79.4367660273423,22.0767083452821
"449",10,0.75,0.5,1.01,0,0,6.02052105160921e-06,0.000121785675468561,-0.603983768467739,24.3687377185029,-79.43676564448,22.0767108042662
"450",35,0.75,0.5,1.01,0,0,4.33123866971391e-14,2.31988767954875e-12,-0.603988560693024,24.3687301502211,-79.4367660273423,22.0767083452821
"451",60,0.75,0.5,1.01,0,0,3.11595071760123e-22,2.70760829740905e-20,-0.60398856069299,24.368730150222,-79.4367660273423,22.0767083452821
"452",85,0.75,0.5,1.01,0,0,2.24165639783607e-30,2.69510822783607e-28,-0.60398856069299,24.368730150222,-79.4367660273423,22.0767083452821
"453",110,0.75,0.5,1.01,0,0,1.61267743343131e-38,2.47645585669478e-36,-0.60398856069299,24.368730150222,-79.4367660273423,22.0767083452821
"454",135,0.75,0.5,1.01,0,0,1.16018159911086e-46,2.16832248738269e-44,-0.60398856069299,24.368730150222,-79.4367660273423,22.0767083452821
"455",160,0.75,0.5,1.01,0,0,8.34650076333918e-55,1.83813673479903e-52,-0.60398856069299,24.368730150222,-79.4367660273423,22.0767083452821
"456",10,1,0.5,1.01,0,0,1.74425899665753e-07,2.69165543327305e-06,-0.603988456618773,24.3687303146371,-79.4367660192764,22.0767084011207
"457",35,1,0.5,1.01,0,0,2.42241706438097e-18,9.79419855481382e-17,-0.60398856069299,24.368730150222,-79.4367660273423,22.0767083452821
"458",60,1,0.5,1.01,0,0,3.3642392207654e-29,2.20127260250702e-27,-0.60398856069299,24.368730150222,-79.4367660273423,22.0767083452821
"459",85,1,0.5,1.01,0,0,4.67223654463004e-40,4.22517416966763e-38,-0.60398856069299,24.368730150222,-79.4367660273423,22.0767083452821
"460",110,1,0.5,1.01,0,0,6.48877588556553e-51,7.49009214019546e-49,-0.60398856069299,24.368730150222,-79.4367660273423,22.0767083452821
"461",135,1,0.5,1.01,0,0,9.01157552510654e-62,1.26550917999208e-59,-0.60398856069299,24.368730150222,-79.4367660273423,22.0767083452821
"462",160,1,0.5,1.01,0,0,1.25152255027565e-72,2.07041268280154e-70,-0.60398856069299,24.368730150222,-79.4367660273423,22.0767083452821
"463",10,1.25,0.5,1.01,0,0,4.51774073738809e-09,5.62662049300668e-08,-0.603988558538259,24.3687301536262,-79.4367660271808,22.076708346489
"464",35,1.25,0.5,1.01,0,0,1.21120803877396e-22,3.93091520760606e-21,-0.60398856069299,24.368730150222,-79.4367660273423,22.0767083452821
"465",60,1.25,0.5,1.01,0,0,3.24725343664138e-36,1.70333057487974e-34,-0.60398856069299,24.368730150222,-79.4367660273423,22.0767083452821
"466",85,1.25,0.5,1.01,0,0,8.70589902330334e-50,6.30781566402409e-48,-0.60398856069299,24.368730150222,-79.4367660273423,22.0767083452821
"467",110,1.25,0.5,1.01,0,0,2.3340548953994e-63,2.15793879833026e-61,-0.60398856069299,24.368730150222,-79.4367660273423,22.0767083452821
"468",135,1.25,0.5,1.01,0,0,6.25761020218084e-77,7.036964305196e-75,-0.60398856069299,24.368730150222,-79.4367660273423,22.0767083452821
"469",160,1.25,0.5,1.01,0,0,1.6776677155118e-90,2.22214639506963e-88,-0.60398856069299,24.368730150222,-79.4367660273423,22.0767083452821
"470",10,1.5,0.5,1.01,0,0,1.09451531063468e-10,1.14163627417988e-09,-0.603988560649984,24.3687301502882,-79.4367660273391,22.0767083453074
"471",35,1.5,0.5,1.01,0,0,5.66472419486582e-27,1.53498083250607e-25,-0.60398856069299,24.368730150222,-79.4367660273423,22.0767083452821
"472",60,1.5,0.5,1.01,0,0,2.93180916632246e-43,1.28307263420243e-41,-0.60398856069299,24.368730150222,-79.4367660273423,22.0767083452821
"473",85,1.5,0.5,1.01,0,0,1.51737396068158e-59,9.16956959588981e-58,-0.60398856069299,24.368730150222,-79.4367660273423,22.0767083452821
"474",110,1.5,0.5,1.01,0,0,7.85325239787893e-76,6.05463658195203e-74,-0.60398856069299,24.368730150222,-79.4367660273423,22.0767083452821
"475",135,1.5,0.5,1.01,0,0,4.06449397596681e-92,3.81102612966443e-90,-0.60398856069299,24.368730150222,-79.4367660273423,22.0767083452821
"476",160,1.5,0.5,1.01,0,0,2.10360121433665e-108,2.32301773865211e-106,-0.60398856069299,24.368730150222,-79.4367660273423,22.0767083452821
"477",10,1.75,0.5,1.01,0,0,2.53952476996652e-12,2.277082358038e-11,-0.603988560692441,24.3687301502226,-79.4367660273422,22.0767083452824
"478",35,1.75,0.5,1.01,0,0,2.53728276784903e-31,5.89976171976913e-30,-0.60398856069299,24.368730150222,-79.4367660273423,22.0767083452821
"479",60,1.75,0.5,1.01,0,0,2.53504274506788e-50,9.51604279119668e-49,-0.60398856069299,24.368730150222,-79.4367660273423,22.0767083452821
"480",85,1.75,0.5,1.01,0,0,2.53280469987553e-69,1.31259340461347e-67,-0.60398856069299,24.368730150222,-79.4367660273423,22.0767083452821
"481",110,1.75,0.5,1.01,0,0,2.53056863052608e-88,1.67294439484214e-86,-0.60398856069299,24.368730150222,-79.4367660273423,22.0767083452821
"482",135,1.75,0.5,1.01,0,0,2.52833453527522e-107,2.03265809519316e-105,-0.60398856069299,24.368730150222,-79.4367660273423,22.0767083452821
"483",160,1.75,0.5,1.01,0,0,2.5261024123802e-126,2.39173535005866e-124,-0.60398856069299,24.368730150222,-79.4367660273423,22.0767083452821
"484",10,2,0.5,1.01,0,0,5.72097206743947e-14,4.49622556641429e-13,-0.603988560692965,24.3687301502212,-79.4367660273423,22.0767083452821
"485",35,2,0.5,1.01,0,0,1.103432400528e-35,2.2464999384233e-34,-0.60398856069299,24.368730150222,-79.4367660273423,22.0767083452821
"486",60,2,0.5,1.01,0,0,2.12824507475683e-57,6.99324275813105e-56,-0.60398856069299,24.368730150222,-79.4367660273423,22.0767083452821
"487",85,2,0.5,1.01,0,0,4.10485236436715e-79,1.86192813619792e-77,-0.60398856069299,24.368730150222,-79.4367660273423,22.0767083452821
"488",110,2,0.5,1.01,0,0,7.9172333736877e-101,4.58084778132237e-99,-0.60398856069299,24.368730150222,-79.4367660273423,22.0767083452821
"489",135,2,0.5,1.01,0,0,1.52703626657947e-122,1.07441047949955e-120,-0.60398856069299,24.368730150222,-79.4367660273423,22.0767083452821
"490",160,2,0.5,1.01,0,0,2.94527096700059e-144,2.44042791986071e-142,-0.60398856069299,24.368730150222,-79.4367660273423,22.0767083452821
"491",10,2.25,0.5,1.01,0,0,1.26215469956166e-15,8.82584885771824e-15,-0.603988560692992,24.368730150222,-79.4367660273423,22.0767083452821
"492",35,2.25,0.5,1.01,0,0,4.69946026229196e-40,8.50780652915492e-39,-0.60398856069299,24.368730150222,-79.4367660273423,22.0767083452821
"493",60,2.25,0.5,1.01,0,0,1.749779703275e-64,5.11196497806984e-63,-0.60398856069299,24.368730150222,-79.4367660273423,22.0767083452821
"494",85,2.25,0.5,1.01,0,0,6.51506521836165e-89,2.62726632327611e-87,-0.60398856069299,24.368730150222,-79.4367660273423,22.0767083452821
"495",110,2.25,0.5,1.01,0,0,2.42579535698473e-113,1.24775947135306e-111,-0.60398856069299,24.368730150222,-79.4367660273423,22.0767083452821
"496",135,2.25,0.5,1.01,0,0,9.03211697311061e-138,5.6494301530187e-136,-0.60398856069299,24.368730150222,-79.4367660273423,22.0767083452821
"497",160,2.25,0.5,1.01,0,0,3.36298512490167e-162,2.47715300294351e-160,-0.60398856069299,24.368730150222,-79.4367660273423,22.0767083452821
"498",10,2.5,0.5,1.01,0,0,2.74259140323592e-17,1.72684628184565e-16,-0.60398856069299,24.368730150222,-79.4367660273423,22.0767083452821
"499",35,2.5,0.5,1.01,0,0,1.97131484058853e-44,3.21253425767008e-43,-0.60398856069299,24.368730150222,-79.4367660273423,22.0767083452821
"500",60,2.5,0.5,1.01,0,0,1.41693808131221e-71,3.72603758865111e-70,-0.60398856069299,24.368730150222,-79.4367660273423,22.0767083452821
"501",85,2.5,0.5,1.01,0,0,1.0184641666236e-98,3.69665866049976e-97,-0.60398856069299,24.368730150222,-79.4367660273423,22.0767083452821
"502",110,2.5,0.5,1.01,0,0,7.3204981387451e-126,3.38912737542268e-124,-0.60398856069299,24.368730150222,-79.4367660273423,22.0767083452821
"503",135,2.5,0.5,1.01,0,0,5.26181428425018e-153,2.96221221446652e-151,-0.60398856069299,24.368730150222,-79.4367660273423,22.0767083452821
"504",160,2.5,0.5,1.01,0,0,3.7820772626664e-180,2.50738121250321e-178,-0.60398856069299,24.368730150222,-79.4367660273423,22.0767083452821
"505",10,0.5,0.75,1.01,0,0,0.000143191972217062,0.00417834609533572,-0.554873333013017,24.4124719836612,-79.2869075749682,22.2147928385627
"506",35,0.5,0.75,1.01,0,0,5.33598065357909e-10,4.22502806752244e-08,-0.555061068909442,24.4122003441732,-79.2869215861118,22.2147091187287
"507",60,0.5,0.75,1.01,0,0,1.98853492248181e-15,2.56878888591593e-13,-0.555061069609911,24.4122003431621,-79.2869215861639,22.2147091184166
"508",85,0.5,0.75,1.01,0,0,7.41057997665617e-21,1.32782752384268e-18,-0.555061069609906,24.4122003431621,-79.2869215861639,22.2147091184165
"509",110,0.5,0.75,1.01,0,0,2.76166613769481e-26,6.32918572254919e-24,-0.555061069609906,24.4122003431621,-79.2869215861639,22.2147091184165
"510",135,0.5,0.75,1.01,0,0,1.02917718722627e-31,2.87325659857442e-29,-0.555061069609906,24.4122003431621,-79.2869215861639,22.2147091184165
"511",160,0.5,0.75,1.01,0,0,3.83538642940774e-37,1.26253240319771e-34,-0.555061069609906,24.4122003431621,-79.2869215861639,22.2147091184165
"512",10,0.75,0.75,1.01,0,0,5.14775952831482e-06,0.00010412909368147,-0.555056571845068,24.4122068536304,-79.2869212595337,22.2147112199693
"513",35,0.75,0.75,1.01,0,0,3.70336302340951e-14,1.98357212589555e-12,-0.555061069609871,24.4122003431623,-79.2869215861639,22.2147091184165
"514",60,0.75,0.75,1.01,0,0,2.66424862499962e-22,2.31509104989368e-20,-0.555061069609906,24.4122003431621,-79.2869215861639,22.2147091184165
"515",85,0.75,0.75,1.01,0,0,1.91669590341083e-30,2.30440593349535e-28,-0.555061069609906,24.4122003431621,-79.2869215861639,22.2147091184165
"516",110,0.75,0.75,1.01,0,0,1.37889653078172e-38,2.11745246107092e-36,-0.555061069609906,24.4122003431621,-79.2869215861639,22.2147091184165
"517",135,0.75,0.75,1.01,0,0,9.919965077498e-47,1.85398897161669e-44,-0.555061069609906,24.4122003431621,-79.2869215861639,22.2147091184165
"518",160,0.75,0.75,1.01,0,0,7.13655484237015e-55,1.57166949126899e-52,-0.555061069609906,24.4122003431621,-79.2869215861639,22.2147091184165
"519",10,1,0.75,1.01,0,0,1.49151890378629e-07,2.30159020872339e-06,-0.555060971914786,24.4122004846201,-79.2869215792802,22.2147091661427
"520",35,1,0.75,1.01,0,0,2.07141304760948e-18,8.37496812742339e-17,-0.555061069609906,24.4122003431621,-79.2869215861639,22.2147091184165
"521",60,1,0.75,1.01,0,0,2.87676681263551e-29,1.88230257540409e-27,-0.555061069609906,24.4122003431621,-79.2869215861639,22.2147091184165
"522",85,1,0.75,1.01,0,0,3.99523760064739e-40,3.61294065057071e-38,-0.555061069609906,24.4122003431621,-79.2869215861639,22.2147091184165
"523",110,1,0.75,1.01,0,0,5.54856355249837e-51,6.40477258238192e-49,-0.555061069609906,24.4122003431621,-79.2869215861639,22.2147091184165
"524",135,1,0.75,1.01,0,0,7.7058139148284e-62,1.08213656879051e-59,-0.555061069609906,24.4122003431621,-79.2869215861639,22.2147091184165
"525",160,1,0.75,1.01,0,0,1.07017911082994e-72,1.77040996986622e-70,-0.555061069609906,24.4122003431621,-79.2869215861639,22.2147091184165
"526",10,1.25,0.75,1.01,0,0,3.86346265180117e-09,4.81163738538733e-08,-0.555061067585627,24.4122003460927,-79.2869215860262,22.2147091194483
"527",35,1.25,0.75,1.01,0,0,1.03579583100701e-22,3.36159350575353e-21,-0.555061069609906,24.4122003431621,-79.2869215861639,22.2147091184165
"528",60,1.25,0.75,1.01,0,0,2.77697262916205e-36,1.45663904491594e-34,-0.555061069609906,24.4122003431621,-79.2869215861639,22.2147091184165
"529",85,1.25,0.75,1.01,0,0,7.44507435950773e-50,5.39426978528321e-48,-0.555061069609906,24.4122003431621,-79.2869215861639,22.2147091184165
"530",110,1.25,0.75,1.01,0,0,1.99602731537633e-63,1.84541127889554e-61,-0.555061069609906,24.4122003431621,-79.2869215861639,22.2147091184165
"531",135,1.25,0.75,1.01,0,0,5.35135695272206e-77,6.01782616691154e-75,-0.555061069609906,24.4122003431621,-79.2869215861639,22.2147091184165
"532",160,1.25,0.75,1.01,0,0,1.43470086881288e-90,1.90032169667541e-88,-0.555061069609906,24.4122003431621,-79.2869215861639,22.2147091184165
"533",10,1.5,0.75,1.01,0,0,9.36091970309166e-11,9.76367794088655e-10,-0.555061069568239,24.4122003432208,-79.2869215861613,22.2147091184381
"534",35,1.5,0.75,1.01,0,0,4.84479548281043e-27,1.31279043622008e-25,-0.555061069609906,24.4122003431621,-79.2869215861639,22.2147091184165
"535",60,1.5,0.75,1.01,0,0,2.50745055131453e-43,1.09735033659386e-41,-0.555061069609906,24.4122003431621,-79.2869215861639,22.2147091184165
"536",85,1.5,0.75,1.01,0,0,1.29774482526567e-59,7.84230506978604e-58,-0.555061069609906,24.4122003431621,-79.2869215861639,22.2147091184165
"537",110,1.5,0.75,1.01,0,0,6.71654972665726e-76,5.17825308053847e-74,-0.555061069609906,24.4122003431621,-79.2869215861639,22.2147091184165
"538",135,1.5,0.75,1.01,0,0,3.47618725595183e-92,3.25939790788767e-90,-0.555061069609906,24.4122003431621,-79.2869215861639,22.2147091184165
"539",160,1.5,0.75,1.01,0,0,1.79911983536459e-108,1.98677262170091e-106,-0.555061069609906,24.4122003431621,-79.2869215861639,22.2147091184165
"540",10,1.75,0.75,1.01,0,0,2.17216991410605e-12,1.94763816999386e-11,-0.555061069608606,24.4122003431642,-79.2869215861639,22.2147091184175
"541",35,1.75,0.75,1.01,0,0,2.17025222871674e-31,5.04627903766135e-30,-0.555061069609906,24.4122003431621,-79.2869215861639,22.2147091184165
"542",60,1.75,0.75,1.01,0,0,2.16833623634305e-50,8.1394471594166e-49,-0.555061069609906,24.4122003431621,-79.2869215861639,22.2147091184165
"543",85,1.75,0.75,1.01,0,0,2.16642193549008e-69,1.12271497832943e-67,-0.555061069609906,24.4122003431621,-79.2869215861639,22.2147091184165
"544",110,1.75,0.75,1.01,0,0,2.16450932466461e-88,1.43093941487969e-86,-0.555061069609906,24.4122003431621,-79.2869215861639,22.2147091184165
"545",135,1.75,0.75,1.01,0,0,2.16259840237452e-107,1.73861874869034e-105,-0.555061069609906,24.4122003431621,-79.2869215861639,22.2147091184165
"546",160,1.75,0.75,1.01,0,0,2.1606891671291e-126,2.04575370200813e-124,-0.555061069609906,24.4122003431621,-79.2869215861639,22.2147091184165
"547",10,2,0.75,1.01,0,0,4.89394461771325e-14,3.84613683773341e-13,-0.555061069609885,24.4122003431624,-79.2869215861639,22.2147091184166
"548",35,2,0.75,1.01,0,0,9.43919493735844e-36,1.92172295127245e-34,-0.555061069609906,24.4122003431621,-79.2869215861639,22.2147091184165
"549",60,2,0.75,1.01,0,0,1.82058458003313e-57,5.98225357513682e-56,-0.555061069609906,24.4122003431621,-79.2869215861639,22.2147091184165
"550",85,2,0.75,1.01,0,0,3.51145223194445e-79,1.59275859634574e-77,-0.555061069609906,24.4122003431621,-79.2869215861639,22.2147091184165
"551",110,2,0.75,1.01,0,0,6.77271295849527e-101,3.91862202035703e-99,-0.555061069609906,24.4122003431621,-79.2869215861639,22.2147091184165
"552",135,2,0.75,1.01,0,0,1.3062869089001e-122,9.19090026211653e-121,-0.555061069609906,24.4122003431621,-79.2869215861639,22.2147091184165
"553",160,2,0.75,1.01,0,0,2.51950067693827e-144,2.08763233293823e-142,-0.555061069609906,24.4122003431621,-79.2869215861639,22.2147091184165
"554",10,2.25,0.75,1.01,0,0,1.07982349145359e-15,7.55063248548573e-15,-0.555061069609906,24.4122003431621,-79.2869215861639,22.2147091184165
"555",35,2.25,0.75,1.01,0,0,4.0205749660782e-40,7.2786801720996e-39,-0.555061069609906,24.4122003431621,-79.2869215861639,22.2147091184165
"556",60,2.25,0.75,1.01,0,0,1.49700605569286e-64,4.37345699466217e-63,-0.555061069609906,24.4122003431621,-79.2869215861639,22.2147091184165
"557",85,2.25,0.75,1.01,0,0,5.57389714080397e-89,2.24771875338249e-87,-0.555061069609906,24.4122003431621,-79.2869215861639,22.2147091184165
"558",110,2.25,0.75,1.01,0,0,2.07536430585004e-113,1.06750334542448e-111,-0.555061069609906,24.4122003431621,-79.2869215861639,22.2147091184165
"559",135,2.25,0.75,1.01,0,0,7.72733492059929e-138,4.83329535765427e-136,-0.555061069609906,24.4122003431621,-79.2869215861639,22.2147091184165
"560",160,2.25,0.75,1.01,0,0,2.8771673872774e-162,2.11929663437478e-160,-0.555061069609906,24.4122003431621,-79.2869215861639,22.2147091184165
"561",10,2.5,0.75,1.01,0,0,2.34668720510143e-17,1.47752116071894e-16,-0.555061069609906,24.4122003431621,-79.2869215861639,22.2147091184165
"562",35,2.5,0.75,1.01,0,0,1.68674754401164e-44,2.74875750582071e-43,-0.555061069609906,24.4122003431621,-79.2869215861639,22.2147091184165
"563",60,2.5,0.75,1.01,0,0,1.21239731952527e-71,3.18814422006977e-70,-0.555061069609906,24.4122003431621,-79.2869215861639,22.2147091184165
"564",85,2.5,0.75,1.01,0,0,8.71444731377016e-99,3.16301321202808e-97,-0.555061069609906,24.4122003431621,-79.2869215861639,22.2147091184165
"565",110,2.5,0.75,1.01,0,0,6.26375452679261e-126,2.89988031326164e-124,-0.555061069609906,24.4122003431621,-79.2869215861639,22.2147091184165
"566",135,2.5,0.75,1.01,0,0,4.50225004056408e-153,2.53459568016888e-151,-0.555061069609906,24.4122003431621,-79.2869215861639,22.2147091184165
"567",160,2.5,0.75,1.01,0,0,3.23611906262527e-180,2.14542396084459e-178,-0.555061069609906,24.4122003431621,-79.2869215861639,22.2147091184165
"568",10,0.5,1,1.01,0,0,0.000120716827613537,0.00352246560053453,-0.49643034019865,24.4492086057241,-79.1510943572155,22.3423617040286
"569",35,0.5,1,1.01,0,0,4.49845438405767e-10,3.56185445734381e-08,-0.496601639655367,24.4489783266877,-79.1511061403875,22.3422911551257
"570",60,0.5,1,1.01,0,0,1.67641792964233e-15,2.16558858574451e-13,-0.496601640293656,24.4489783258315,-79.1511061404314,22.3422911548627
"571",85,0.5,1,1.01,0,0,6.24742819523108e-21,1.1194111670098e-18,-0.496601640293653,24.4489783258313,-79.1511061404314,22.3422911548627
"572",110,0.5,1,1.01,0,0,2.32819981010916e-26,5.33575708145188e-24,-0.496601640293653,24.4489783258313,-79.1511061404314,22.3422911548627
"573",135,0.5,1,1.01,0,0,8.67639320757642e-32,2.42227126568217e-29,-0.496601640293653,24.4489783258313,-79.1511061404314,22.3422911548627
"574",160,0.5,1,1.01,0,0,3.23339082692156e-37,1.06436603093504e-34,-0.496601640293653,24.4489783258313,-79.1511061404314,22.3422911548627
"575",10,0.75,1,1.01,0,0,4.34004774118885e-06,8.77890967951097e-05,-0.496597535815337,24.4489838457207,-79.1511058656413,22.3422929259126
"576",35,0.75,1,1.01,0,0,3.1222849820341e-14,1.67232745225442e-12,-0.496601640293629,24.4489783258314,-79.1511061404314,22.3422911548627
"577",60,0.75,1,1.01,0,0,2.24621335193408e-22,1.95183240015635e-20,-0.496601640293653,24.4489783258313,-79.1511061404314,22.3422911548627
"578",85,0.75,1,1.01,0,0,1.61595576683063e-30,1.9428261162393e-28,-0.496601640293653,24.4489783258313,-79.1511061404314,22.3422911548627
"579",110,0.75,1,1.01,0,0,1.16254007577012e-38,1.78520831209156e-36,-0.496601640293653,24.4489783258313,-79.1511061404314,22.3422911548627
"580",135,0.75,1,1.01,0,0,8.3634679581749e-47,1.56308487367546e-44,-0.496601640293653,24.4489783258313,-79.1511061404314,22.3422911548627
"581",160,0.75,1,1.01,0,0,6.01679010859743e-55,1.32506372217767e-52,-0.496601640293653,24.4489783258313,-79.1511061404314,22.3422911548627
"582",10,1,1,1.01,0,0,1.25758255222566e-07,1.94055999329096e-06,-0.496601551129357,24.4489784457834,-79.1511061346381,22.3422911950866
"583",35,1,1,1.01,0,0,1.74652356086063e-18,7.06134768219034e-17,-0.496601640293653,24.4489783258313,-79.1511061404314,22.3422911548627
"584",60,1,1,1.01,0,0,2.42556211720689e-29,1.58706653151424e-27,-0.496601640293653,24.4489783258313,-79.1511061404314,22.3422911548627
"585",85,1,1,1.01,0,0,3.36860705247536e-40,3.04626085308212e-38,-0.496601640293653,24.4489783258313,-79.1511061404314,22.3422911548627
"586",110,1,1,1.01,0,0,4.67830256478996e-51,5.4002056137617e-49,-0.496601640293653,24.4489783258313,-79.1511061404314,22.3422911548627
"587",135,1,1,1.01,0,0,6.49720034031194e-62,9.12407532739666e-60,-0.496601640293653,24.4489783258313,-79.1511061404314,22.3422911548627
"588",160,1,1,1.01,0,0,9.02327536056779e-73,1.49272834368006e-70,-0.496601640293653,24.4489783258313,-79.1511061404314,22.3422911548627
"589",10,1.25,1,1.01,0,0,3.25776472120003e-09,4.05719963576571e-08,-0.496601638446683,24.448978328315,-79.1511061403154,22.3422911557326
"590",35,1.25,1,1.01,0,0,8.73407981579103e-23,2.83455275447253e-21,-0.496601640293653,24.4489783258313,-79.1511061404314,22.3422911548627
"591",60,1.25,1,1.01,0,0,2.34161017676512e-36,1.22826672517025e-34,-0.496601640293653,24.4489783258313,-79.1511061404314,22.3422911548627
"592",85,1.25,1,1.01,0,0,6.27786594074421e-50,4.54856102899805e-48,-0.496601640293653,24.4489783258313,-79.1511061404314,22.3422911548627
"593",110,1.25,1,1.01,0,0,1.68309828685514e-63,1.55609062852952e-61,-0.496601640293653,24.4489783258313,-79.1511061404314,22.3422911548627
"594",135,1.25,1,1.01,0,0,4.51239301691551e-77,5.07436359708978e-75,-0.496601640293653,24.4489783258313,-79.1511061404314,22.3422911548627
"595",160,1.25,1,1.01,0,0,1.20977431313021e-90,1.60239370565894e-88,-0.496601640293653,24.4489783258313,-79.1511061404314,22.3422911548627
"596",10,1.5,1,1.01,0,0,7.89405586691866e-11,8.23350619886801e-10,-0.496601640256413,24.4489783258811,-79.1511061404292,22.3422911548814
"597",35,1.5,1,1.01,0,0,4.08561203579893e-27,1.10706498152697e-25,-0.496601640293653,24.4489783258313,-79.1511061404314,22.3422911548627
"598",60,1.5,1,1.01,0,0,2.11453098236435e-43,9.25389401083054e-42,-0.496601640293653,24.4489783258313,-79.1511061404314,22.3422911548627
"599",85,1.5,1,1.01,0,0,1.09438714106991e-59,6.61338231554118e-58,-0.496601640293653,24.4489783258313,-79.1511061404314,22.3422911548627
"600",110,1.5,1,1.01,0,0,5.66406084624952e-76,4.36680253588967e-74,-0.496601640293653,24.4489783258313,-79.1511061404314,22.3422911548627
"601",135,1.5,1,1.01,0,0,2.93146584659728e-92,2.74864031349678e-90,-0.496601640293653,24.4489783258313,-79.1511061404314,22.3422911548627
"602",160,1.5,1,1.01,0,0,1.51719627366936e-108,1.67543995897829e-106,-0.496601640293653,24.4489783258313,-79.1511061404314,22.3422911548627
"603",10,1.75,1,1.01,0,0,1.83196568326801e-12,1.64255815362479e-11,-0.496601640293314,24.4489783258327,-79.1511061404314,22.3422911548632
"604",35,1.75,1,1.01,0,0,1.83034834486295e-31,4.25589138216931e-30,-0.496601640293653,24.4489783258313,-79.1511061404314,22.3422911548627
"605",60,1.75,1,1.01,0,0,1.82873243431409e-50,6.86460900366117e-49,-0.496601640293653,24.4489783258313,-79.1511061404314,22.3422911548627
"606",85,1.75,1,1.01,0,0,1.82711795036087e-69,9.46871713095088e-68,-0.496601640293653,24.4489783258313,-79.1511061404314,22.3422911548627
"607",110,1.75,1,1.01,0,0,1.82550489174378e-88,1.2068221869694e-86,-0.496601640293653,24.4489783258313,-79.1511061404314,22.3422911548627
"608",135,1.75,1,1.01,0,0,1.82389325720444e-107,1.4663129318357e-105,-0.496601640293653,24.4489783258313,-79.1511061404314,22.3422911548627
"609",160,1.75,1,1.01,0,0,1.8222830454857e-126,1.7253445568228e-124,-0.496601640293653,24.4489783258313,-79.1511061404314,22.3422911548627
"610",10,2,1,1.01,0,0,4.12788385015331e-14,3.24400382365753e-13,-0.496601640293623,24.4489783258313,-79.1511061404314,22.3422911548627
"611",35,2,1,1.01,0,0,7.96165534839583e-36,1.62089410671687e-34,-0.496601640293653,24.4489783258313,-79.1511061404314,22.3422911548627
"612",60,2,1,1.01,0,0,1.53560415427596e-57,5.04580445474073e-56,-0.496601640293653,24.4489783258313,-79.1511061404314,22.3422911548627
"613",85,2,1,1.01,0,0,2.96179627909251e-79,1.34343399238025e-77,-0.496601640293653,24.4489783258313,-79.1511061404314,22.3422911548627
"614",110,2,1,1.01,0,0,5.71256412299969e-101,3.30521862392796e-99,-0.496601640293653,24.4489783258313,-79.1511061404314,22.3422911548627
"615",135,2,1,1.01,0,0,1.10181071837201e-122,7.75220331635353e-121,-0.496601640293653,24.4489783258313,-79.1511061404314,22.3422911548627
"616",160,2,1,1.01,0,0,2.12511725554495e-144,1.76084575372336e-142,-0.496601640293653,24.4489783258313,-79.1511061404314,22.3422911548627
"617",10,2.25,1,1.01,0,0,9.10896311153503e-16,6.36923111556666e-15,-0.49660164029366,24.4489783258313,-79.1511061404314,22.3422911548627
"618",35,2.25,1,1.01,0,0,3.39159773268757e-40,6.13993795016906e-39,-0.496601640293653,24.4489783258313,-79.1511061404314,22.3422911548627
"619",60,2.25,1,1.01,0,0,1.26281499217018e-64,3.68924962242755e-63,-0.496601640293653,24.4489783258313,-79.1511061404314,22.3422911548627
"620",85,2.25,1,1.01,0,0,4.70191877143999e-89,1.89607701815675e-87,-0.496601640293653,24.4489783258313,-79.1511061404314,22.3422911548627
"621",110,2.25,1,1.01,0,0,1.75069509550463e-113,9.00500001818631e-112,-0.496601640293653,24.4489783258313,-79.1511061404314,22.3422911548627
"622",135,2.25,1,1.01,0,0,6.5184735560313e-138,4.07716333746683e-136,-0.496601640293653,24.4489783258313,-79.1511061404314,22.3422911548627
"623",160,2.25,1,1.01,0,0,2.42706440486331e-162,1.78774978397032e-160,-0.496601640293653,24.4489783258313,-79.1511061404314,22.3422911548627
"624",10,2.5,1,1.01,0,0,1.97980257766848e-17,1.24648545081602e-16,-0.496601640293653,24.4489783258313,-79.1511061404314,22.3422911548627
"625",35,2.5,1,1.01,0,0,1.42303888147118e-44,2.31898541760925e-43,-0.496601640293653,24.4489783258313,-79.1511061404314,22.3422911548627
"626",60,2.5,1,1.01,0,0,1.02284928862122e-71,2.68968539240529e-70,-0.496601640293653,24.4489783258313,-79.1511061404314,22.3422911548627
"627",85,2.5,1,1.01,0,0,7.35201743856311e-99,2.66848889859124e-97,-0.496601640293653,24.4489783258313,-79.1511061404314,22.3422911548627
"628",110,2.5,1,1.01,0,0,5.28446966901618e-126,2.44649854451976e-124,-0.496601640293653,24.4489783258313,-79.1511061404314,22.3422911548627
"629",135,2.5,1,1.01,0,0,3.79836145875758e-153,2.13832590216964e-151,-0.496601640293653,24.4489783258313,-79.1511061404314,22.3422911548627
"630",160,2.5,1,1.01,0,0,2.73017931316111e-180,1.80999991849367e-178,-0.496601640293653,24.4489783258313,-79.1511061404314,22.3422911548627
