"","2006","2007","2008","2009","2010","2011","2012","2013","2014","2015","2016","2017","2018"
"St. Louis-Minnesota",0,0,0,0,0,0,0,7.473683224099e-81,1.03446821126155e-25,1.09644581962162e-25,1.42035003558713e-05,1.42035003558713e-05,1
"Lake-Minnesota",0,0,0,0,0,0,0,1.06145859644479e-51,1.65832233578664e-12,1,1,1,1
"Becker-Minnesota",0,0,0,0,0,0,0,0,0,3.28401003538383e-38,1,1,1
"Douglas-Wisconsin",0,0,0,0,0,0,0,7.60800110555938e-57,7.60800110555942e-57,5.28492480632792e-26,1,1,1
"Iron-Wisconsin",0,0,0,0,0,0,0,1.55528423611263e-17,1.55528423611276e-17,1,1,1,1
"Piscataquis-Maine",0,2.70029692987131e-82,1.09353594372629e-70,9.29235551691461e-33,0.999980241678835,0.999999999945564,0.999999999945564,0.999999999945564,0.999999999945564,0.999999999945564,0.999999999945564,1,1
"Pine-Minnesota",0,0,0,0,0,0,0,7.49947369073549e-87,7.49947370284196e-87,0.986276628792893,1,1,1
"Oxford-Maine",4.93698113296407e-125,9.95391246214123e-41,1.41335092373601e-25,1,1,1,1,1,1,1,1,1,1
"Coos-New Hampshire",6.72046740519059e-117,3.69214481686678e-29,5.98221148800062e-20,1.49386858356621e-19,1,1,1,1,1,1,1,1,1
"Washington-Minnesota",0,0,0,0,0,0,0,5.15185177901879e-117,6.62110474674698e-98,7.86136632840001e-10,1,1,1
"Hennepin-Minnesota",0,0,0,0,0,0,0,4.5401396773412e-129,1.14087126944623e-110,3.75395282798367e-08,1,1,1
"Ramsey-Minnesota",0,0,0,0,0,0,0,2.89180400121672e-121,2.11716208884386e-102,0.499960110323054,1,1,1
"Clinton-New York",2.85146025256213e-83,7.32551060837321e-10,0.0319968813735799,0.0319968813735808,0.0319968813735808,0.0319968813735808,0.0319968813735808,1,1,1,1,1,1
"Franklin-New York",2.91708676397729e-74,2.06070418696995e-07,0.992676920321639,0.992676920321639,0.992676920321639,0.992676920321639,0.992676920321639,1,1,1,1,1,1
"Dakota-Minnesota",0,0,0,0,0,0,0,4.69457000835851e-104,9.44739448476591e-86,0.0100898426479657,1,1,1
"Pierce-Wisconsin",0,0,0,0,0,0,0,4.28141431366114e-93,7.33511718248046e-74,1.05415987051224e-07,0.778897067875783,1,1
"Lamoille-Vermont",4.8076527360425e-92,4.26535494222567e-15,1,1,1,1,1,1,1,1,1,1,1
"Goodhue-Minnesota",0,0,0,0,0,0,0,4.97562329609641e-86,8.57268954409758e-68,0.145533244678364,0.857709758636276,1,1
"Essex-New York",3.01999432760749e-47,0.997384285612242,1,1,1,1,1,1,1,1,1,1,1
"Washington-Vermont",5.07375197146632e-79,0.817059105154643,0.817059105154643,1,1,1,1,1,1,1,1,1,1
"Hancock-Maine",0,1.78500666402725e-90,4.23311521470243e-73,2.37856847462761e-48,2.70553652341658e-30,0.999999883458944,1,1,1,1,1,1,1
"Grafton-New Hampshire",9.87695221482144e-81,0.999999999997004,1,1,1,1,1,1,1,1,1,1,1
"Orange-Vermont",2.79725615901738e-73,4.22119618738063e-16,0.999999999999999,1,1,1,1,1,1,1,1,1,1
"Hamilton-New York",2.90257191621409e-29,0.99999999997819,1,1,1,1,1,1,1,1,1,1,1
"Windsor-Vermont",5.91054138786798e-53,0.999999999999891,1,1,1,1,1,1,1,1,1,1,1
"Rutland-Vermont",1.14054554924379e-42,2.39799182488783e-11,1,1,1,1,1,1,1,1,1,1,1
"Fillmore-Minnesota",0,0,0,0,0,0,0,1.57240297591815e-44,4.60282723370186e-28,4.66591489483004e-28,0.154532552919818,1,1
"Washington-New York",3.36949440336356e-22,0.999999999998809,1,1,1,1,1,1,1,1,1,1,1
"Warren-New York",2.10089977778309e-28,9.10307356233122e-09,1,1,1,1,1,1,1,1,1,1,1
"Merrimack-New Hampshire",7.00871751528249e-64,9.15209388570666e-18,3.04040578317503e-07,3.04040578317503e-07,1,1,1,1,1,1,1,1,1
"Richland-Wisconsin",0,0,0,0,0,0,3.71326453276431e-96,4.08981273102881e-10,0.0194665270923713,0.0195607484722477,1,1,1
"Crawford-Wisconsin",0,0,0,0,0,0,2.19065432513338e-100,0.00463670671916408,0.0387616269243646,0.0387618012227402,1,1,1
"Bennington-Vermont",1.02956068747796e-24,1.73501130012903e-13,1,1,1,1,1,1,1,1,1,1,1
"Rockingham-New Hampshire",1.34957437213839e-78,2.91702959725205e-31,1,1,1,1,1,1,1,1,1,1,1
"Windham-Vermont",1.31546482597552e-35,0.999999999999999,1,1,1,1,1,1,1,1,1,1,1
"Iowa-Wisconsin",0,0,0,0,0,0,1.26425913792767e-75,1.80366029550796e-05,0.999993049766806,0.999993057778997,1,1,1
"Grant-Wisconsin",0,0,0,0,0,0,2.02781326381405e-79,2.02781326381405e-79,0.801082009857923,1,1,1,1
"Clayton-Iowa",0,0,0,0,0,0,4.55710874848317e-92,0.942107011733593,0.984449293364106,1,1,1,1
"Montgomery-New York",1,1,1,1,1,1,1,1,1,1,8.95330354699801e-08,1,1
"Schoharie-New York",0.0245511991785803,1,1,1,1,1,1,1,1,1,1,1,1
"Lafayette-Wisconsin",0,0,0,0,0,0,1.10643575536177e-63,3.83754244040907e-09,3.83754418560342e-09,1,1,1,1
"Albany-New York",0.999920734714993,1,1,1,1,1,1,1,1,1,7.92652850067236e-05,1,1
"Berkshire-Massachusetts",7.49133385939125e-14,1,1,1,1,1,1,1,1,1,1,1,1
"Franklin-Massachusetts",6.25996347712068e-30,0.0357742988111041,1,1,1,1,1,1,1,1,1,1,1
"Middlesex-Massachusetts",7.19700229249592e-76,1.39764734293214e-26,0.999999998774805,0.999999998774805,1,1,1,1,1,1,1,1,1
"Dubuque-Iowa",0,0,0,0,0,0,1.69332996422896e-72,0.0086479908794837,0.00864799094256347,1,1,1,1
"Webster-Iowa",0,0,0,0,0,0,0,1.96442446174892e-72,5.87094527876796e-61,1,1,1,1
"Jo Daviess-Illinois",0,0,0,3.44199648617256e-136,3.44199648617256e-136,3.44199648617256e-136,9.55261487578462e-55,2.87272158848901e-16,0.968231098613185,1,1,1,1
"Columbia-New York",4.47083694430213e-05,1,1,1,1,1,1,1,1,1,1,1,1
"Jackson-Iowa",0,0,0,5.76619103083748e-123,5.76619103083748e-123,5.76619103083748e-123,1.98797493758629e-57,1.00937330689887e-18,4.12046791171636e-08,1,1,1,1
"Hampden-Massachusetts",2.12525616631249e-37,4.69327702937109e-06,1,1,1,1,1,1,1,1,1,1,1
"Norfolk-Massachusetts",4.87304493292281e-84,6.23584336515991e-34,0.999999999999997,0.999999999999997,0.999999999999997,0.999999999999997,0.999999999999997,0.999999999999997,0.999999999999997,1,1,1,1
"Ulster-New York",5.79660862991278e-15,0.999697702813684,0.999697704331791,1,1,1,1,1,1,1,0.999999999999994,1,1
"Barnstable-Massachusetts",4.41841996458653e-126,5.30615515275841e-74,3.86443020258329e-27,3.86443020258329e-27,3.86443020258329e-27,3.86443020258329e-27,3.86443020258329e-27,3.86443020258329e-27,3.86443020258329e-27,0.999999985366411,1,1,1
"Litchfield-Connecticut",4.66035225755674e-29,3.27549886454775e-08,0.999999933123126,0.999999933123126,1,1,1,1,1,1,1,1,1
"Hartford-Connecticut",4.71577166226853e-43,0.999999999996163,0.999999999996163,0.999999999996163,1,1,1,1,1,1,1,1,1
"Sullivan-New York",3.41233119932032e-24,0.997393079690788,0.997393079690848,1,1,1,1,1,1,1,1,1,1
"Jasper-Iowa",0,0,0,5.78112512885693e-79,5.78112512885693e-79,5.78112512885693e-79,5.78112512885693e-79,2.99117930187429e-48,6.60795725362986e-07,1,1,1,1
"Geauga-Ohio",0,0,9.81418398422944e-110,1.4203311776892e-23,1.4203311776892e-23,1,1,1,1,1,1,1,1
"New London-Connecticut",3.56855444073309e-59,8.0115717581666e-10,0.999999999998718,0.999999999998718,1,1,1,1,1,1,1,1,1
"Newport-Rhode Island",3.14224322978185e-116,8.4522524741973e-64,3.71456583286747e-19,3.71456583286747e-19,3.71456583286747e-19,3.71456583286747e-19,0.997391682990253,0.997391682990253,0.997391682990253,0.997391682990253,1,1,1
"Fairfield-Connecticut",7.43901555702663e-53,4.19504505105743e-11,0.999999999999534,0.999999999999534,1,1,1,1,1,1,1,1,1
"Lackawanna-Pennsylvania",1.00928980036162e-51,2.18205278623976e-15,0.991432001333363,1,1,1,1,1,1,1,1,1,1
"LaSalle-Illinois",0,0,0,2.76910288131318e-77,2.76910288714114e-77,2.76938150420413e-77,2.76938150420413e-77,6.43070603581631e-38,1,1,1,1,1
"Orange-New York",7.83902941217853e-38,0.00569176818611317,0.999999999999985,0.999999999999985,1,1,1,1,1,1,1,1,1
"Cuyahoga-Ohio",0,0,4.54138712076722e-127,1.07029061243447e-37,1.07029061243447e-37,0.99106147736977,1,1,1,1,1,1,1
"Forest-Pennsylvania",0,0,6.29660408568063e-45,2.82289138990734e-33,2.82289138991822e-33,1,1,1,1,1,1,1,1
"Lycoming-Pennsylvania",3.71821828796387e-92,2.5661118837213e-65,2.01941161614324e-14,0.871425634237583,0.871425634237583,1,1,1,1,1,1,1,1
"Sullivan-Pennsylvania",7.23511448396402e-74,1.23156214045104e-45,0.000355304142195458,1,1,1,1,1,1,1,1,1,1
"Putnam-New York",1.62794953325936e-42,6.97811537279431e-11,6.97811537279433e-11,7.10665332325855e-06,1,1,1,1,1,1,1,1,1
"Sandusky-Ohio",0,0,0,4.21716159755579e-64,4.21716159755579e-64,1.11884643568784e-14,1,1,1,1,1,1,1
"Clinton-Pennsylvania",7.48563398434699e-117,5.42829419845615e-91,0.999990563904076,1,1,1,1,1,1,1,1,1,1
"Dukes-Massachusetts",2.10263243383621e-118,1.81947577616646e-65,7.11947096836587e-28,7.11947096836587e-28,7.11947096869539e-28,7.11947096869539e-28,5.59569198718121e-06,5.59569198718121e-06,5.59569198718121e-06,1,1,1,1
"Clarion-Pennsylvania",0,0,6.66462177643571e-45,1.08385307840652e-19,1.08385309114138e-19,1,1,1,1,1,1,1,1
"Luzerne-Pennsylvania",8.02835472801921e-73,3.62518226688283e-36,0.00203675189176397,1,1,1,1,1,1,1,1,1,1
"Jefferson-Pennsylvania",0,0,3.75877438412961e-29,2.98290514835702e-24,2.98324645302605e-24,1,1,1,1,1,1,1,1
"Summit-Ohio",0,0,3.62724482195984e-123,1.77300578144522e-31,1.77300578144522e-31,0.768014553201712,1,1,1,1,1,1,1
"Portage-Ohio",0,0,3.65487350860204e-111,6.51555858972836e-20,6.51555858972836e-20,0.999999999999774,1,1,1,1,1,1,1
"Columbia-Pennsylvania",5.91598888751025e-89,6.63757927956305e-54,0.0127233941823818,1,1,1,1,1,1,1,1,1,1
"Medina-Ohio",0,0,3.27840940929922e-136,2.04098703055847e-44,2.04098703055847e-44,0.671488296624228,1,1,1,1,1,1,1
"Centre-Pennsylvania",7.22420964775535e-131,4.90032741443154e-102,0.461745482411492,0.461745484405995,0.461745484405995,1,1,1,1,1,1,1,1
"Clearfield-Pennsylvania",0,1.52767274213145e-119,0.000122299431481047,0.000130827001251148,0.000130827001251148,1,1,1,1,1,1,1,1
"Monroe-Pennsylvania",3.67443347841866e-66,1.56975481627326e-23,0.0916091177810867,1,1,1,1,1,1,1,1,1,1
"Sarpy-Nebraska",0,0,0,0,0,0,0,2.32612246860656e-108,1.45970099354366e-94,1.47822583001681e-72,1,1,1
"Northumberland-Pennsylvania",1.85938110121907e-103,3.11342159576729e-68,8.37176088603996e-17,1,1,1,1,1,1,1,1,1,1
"Butler-Pennsylvania",0,0,1.98823381621823e-61,0.912425113671233,0.912425113671233,1,1,1,1,1,1,1,1
"Armstrong-Pennsylvania",0,0,2.14154059598869e-44,1.27713987291408e-16,3.44320646076892e-08,1,1,1,1,1,1,1,1
"Carbon-Pennsylvania",2.6280726316939e-78,3.60119405931372e-37,0.0892681027937328,1,1,1,1,1,1,1,1,1,1
"Lawrence-Pennsylvania",0,0,9.29719914497372e-78,1.92163230667628e-43,1.2780117544749e-31,1,1,1,1,1,1,1,1
"Warren-New Jersey",5.03293245210933e-71,1.64871046831795e-27,0.238008184771264,1,1,1,1,1,1,1,1,1,1
"Morris-New Jersey",8.45000089920521e-68,1.35952370566534e-26,0.999999999989914,1,1,1,1,1,1,1,1,1,1
"Des Moines-Iowa",0,0,0,1.68015247195621e-47,1.68015247195621e-47,1.68015247195622e-47,1.68015247208723e-47,1.19631088912029e-27,1,1,1,1,1
"Cass-Nebraska",0,0,0,0,0,0,0,4.13830089994387e-101,1.1110154390696e-87,0.999999980562693,1,1,1
"Ashland-Ohio",0,0,0,1.42615603773728e-57,1.42615603773728e-57,4.74818718898737e-17,1,1,1,1,1,1,1
"Wayne-Ohio",0,0,4.69365417886733e-127,3.71727954698283e-44,3.71727954698283e-44,1.58170933283243e-06,1,1,1,1,1,1,1
"Schuylkill-Pennsylvania",3.01060238489702e-94,6.96557912568437e-55,3.84614970913723e-07,1,1,1,1,1,1,1,1,1,1
"Van Buren-Iowa",0,0,0,3.40046391536714e-45,3.40046391536714e-45,3.40046391536714e-45,3.40046391536714e-45,1.24600414655199e-18,1,1,1,1,1
"Beaver-Pennsylvania",0,0,4.78121827748774e-79,0.999956173184908,0.999956173184908,0.999998827122117,1,1,1,1,1,1,1
"Mifflin-Pennsylvania",5.15654652735519e-134,2.61372777883684e-101,0.381413643001863,0.999999998761956,0.999999998761956,0.999999998761974,1,1,1,1,1,1,1
"Suffolk-New York",1.09327550982814e-65,1.11869658892267e-19,1.05671137376722e-15,1.05671137376722e-15,1,1,1,1,1,1,1,1,1
"Blair-Pennsylvania",0,9.74289771457549e-131,9.51173236864217e-15,0.342523427529215,0.342523427529216,1,1,1,1,1,1,1,1
"Huntingdon-Pennsylvania",0,7.72444030589582e-120,0.0033637064185504,0.999999999948065,0.999999999999918,0.999999999999999,1,1,1,1,1,1,1
"Cambria-Pennsylvania",0,0,7.28362851048523e-26,0.999999999993166,0.999999999993177,1,1,1,1,1,1,1,1
"Westmoreland-Pennsylvania",0,0,5.57348787414294e-48,0.999121629461698,0.999954851255169,1,1,1,1,1,1,1,1
"Bucks-Pennsylvania",5.13445837321649e-87,1.54752373065171e-43,0.999999999962317,1,1,1,1,1,1,1,1,1,1
"Jefferson-Ohio",0,0,2.48326127781071e-77,4.22103081443079e-13,4.22103081443081e-13,1,1,1,1,1,1,1,1
"Union-Ohio",0,0,0,2.21764014442138e-97,7.33333132460891e-69,1.61503850836469e-35,0.940753108041206,1,1,1,1,1,1
"Bedford-Pennsylvania",0,0,1.21467351676197e-29,2.59193325979494e-06,0.999999999948598,1,1,1,1,1,1,1,1
"Cumberland-Pennsylvania",0,1.81137877190791e-95,0.0184763760536492,0.0184787537227458,0.0184787538238569,0.0184787538238569,1,1,1,1,1,1,1
"Somerset-Pennsylvania",0,0,2.80534263901277e-41,0.132758145721125,0.134317850970502,1,1,1,1,1,1,1,1
"York-Pennsylvania",0,7.99586636921595e-90,2.70996691974398e-24,1.47755027593804e-19,1.58899822996517e-19,1.71958634265285e-19,1,1,1,1,1,1,1
"Adams-Illinois",0,0,0,1.64532032921484e-13,1.64532032921484e-13,1.64532032921485e-13,1.64532032921485e-13,0.99748382495519,1,1,1,1,1
"Vermillion-Indiana",0,0,0,2.57218835000757e-97,2.15552554120512e-05,1,1,1,1,1,1,1,1
"Fulton-Pennsylvania",0,3.43446621043915e-136,4.39887009122285e-24,2.163167652366e-10,2.53851542382165e-05,1,1,1,1,1,1,1,1
"Franklin-Ohio",0,0,0,7.04665558297677e-96,4.26670875575826e-54,1.83928097716019e-47,0.999999999999999,1,1,1,1,1,1
"Fayette-Pennsylvania",0,0,1.1804190761587e-41,3.52778673636958e-19,0.685115114291025,1,1,1,1,1,1,1,1
"Madison-Ohio",0,0,0,1.77437939378576e-110,4.43037200066642e-56,1.61342617116781e-32,2.32822290915261e-05,1,1,1,1,1,1
"Marion-Missouri",0,0,0,1.00826326286501e-14,1.00826326286501e-14,1.00826326286501e-14,1.00826326286501e-14,1.00826326286501e-14,1,1,1,1,1
"Preble-Ohio",0,0,0,0,1.83225944933311e-53,2.75929284067905e-32,1,1,1,1,1,1,1
"Pike-Illinois",0,0,0,0.999855700850872,0.999855700850872,0.999855700896992,0.999855700896992,0.999855700899266,1,1,1,1,1
"New Castle-Delaware",0,2.49823529886219e-67,5.87185186290492e-25,0.988616902584389,0.988616902584389,0.988616902584389,1,1,1,1,1,1,1
"Buchanan-Missouri",0,0,0,2.59791395955449e-115,2.59791395955449e-115,2.59791395973554e-115,2.59791395973554e-115,1.72100938069595e-14,1,1,1,1,1
"Washington-Maryland",0,0,1.70607208809214e-35,0.999979766519122,1,1,1,1,1,1,1,1,1
"Allegany-Maryland",0,0,1.04982785943531e-38,2.82547320291498e-17,5.15967837156594e-08,1,1,1,1,1,1,1,1
"Garrett-Maryland",0,0,3.43583836005616e-28,3.11413556815137e-09,8.45479639950716e-08,1,1,1,1,1,1,1,1
"Monongalia-West Virginia",0,0,1.97949568169211e-37,6.24151363478015e-05,6.241513640126e-05,0.999998459354817,0.999998459354817,0.999998459354817,0.999998459354817,1,1,1,1
"Preston-West Virginia",0,0,2.0571221156117e-25,2.4622702669057e-07,0.896087663859121,1,1,1,1,1,1,1,1
"Wetzel-West Virginia",0,0,1.58229097823122e-44,1.51789103431035e-18,1.51789121876044e-18,1,1,1,1,1,1,1,1
"Ralls-Missouri",0,0,0,0.0115152923760042,0.0115152923760042,0.0115152923760042,0.0115152923760042,0.999999999937152,1,1,1,1,1
"Hocking-Ohio",0,0,2.83150418659027e-106,2.94661249894676e-89,4.28142124653663e-26,4.28142124653663e-26,0.99999999999945,1,1,1,1,1,1
"Mineral-West Virginia",0,0,4.9573694491442e-26,0.439211954061377,0.999999999999993,1,1,1,1,1,1,1,1
"Pike-Missouri",0,0,0,4.30613484168734e-91,4.30613484168734e-91,0.454823499031532,0.454823499031532,0.454823499031978,0.999999999999641,1,1,1,1
"Warren-Ohio",0,0,0,9.58241072747165e-126,2.64530502678706e-50,0.999999999999822,1,1,1,1,1,1,1
"Athens-Ohio",0,0,1.40914772716857e-88,1.51946165691246e-72,6.50102329425633e-23,6.50102329425633e-23,2.92429914107625e-09,1,1,1,1,1,1
"Jefferson-West Virginia",0,0,2.22512253724313e-40,5.60271111311605e-21,1,1,1,1,1,1,1,1,1
"Frederick-Virginia",0,0,1.25647272154562e-25,0.999999999837928,0.999999999998202,1,1,1,1,1,1,1,1
"Clay-Missouri",0,0,0,1.16414969918107e-107,1.16414969918107e-107,1.16414970176285e-107,1.16414970176581e-107,0.999999940462309,0.999999940462309,1,1,1,1
"Monroe-Indiana",0,0,0,0,8.90970579241296e-17,1,1,1,1,1,1,1,1
"Grant-West Virginia",0,0,1.37165574863445e-08,0.663480149809492,0.999926073628752,1,1,1,1,1,1,1,1
"Tucker-West Virginia",0,0,4.1011146405294e-09,4.10116752841049e-09,0.99979632900318,1,1,1,1,1,1,1,1
"Boone-Missouri",0,0,0,1.51063165317309e-30,1.51063165317309e-30,1.51065843552384e-30,1.5106584423282e-30,5.7197799264464e-08,1,1,1,1,1
"Hardy-West Virginia",0,0,6.23145228445716e-11,6.23145542288429e-11,0.999999422320594,1,1,1,1,1,1,1,1
"Jackson-Missouri",0,0,0,4.04272204784626e-106,4.04272204784626e-106,4.04272243185366e-106,4.0427554233266e-106,5.10045259613496e-62,1,1,1,1,1
"Lincoln-Missouri",0,0,0,0.559397193945334,0.559397193945334,0.559397193945334,0.559397193945334,0.559397193945334,0.559397193947454,1,1,1,1
"Jackson-Ohio",0,0,4.09460475495122e-87,1.1306909933342e-76,0.999347216404412,0.999347216404412,0.999348122106091,1,1,1,1,1,1
"Jennings-Indiana",0,0,0,0,4.49165909389213e-14,1,1,1,1,1,1,1,1
"Greene-Indiana",0,0,0,0,0.247840971200463,1,1,1,1,1,1,1,1
"Randolph-West Virginia",0,0,0.345067425894557,0.356303125567746,0.999999999999996,1,1,1,1,1,1,1,1
"Callaway-Missouri",0,0,0,6.16960495157855e-22,6.16960495157855e-22,8.78004121619083e-22,9.68322983244365e-22,0.999999999974643,0.99999999999987,1,1,1,1
"Cooper-Missouri",0,0,0,2.33791200784667e-53,2.33791200784667e-53,2.33806172312838e-53,2.34228910500072e-53,2.28514596334179e-07,1,1,1,1,1
"Madison-Illinois",0,0,0,4.87962099292273e-32,4.87962099292273e-32,1.19711004449019e-19,8.39235349561123e-07,8.39235349561123e-07,1,1,1,1,1
"Warren-Missouri",0,0,0,9.59843721793222e-13,9.59843721793222e-13,0.957021687560298,0.999999999997818,0.999999999997818,1,1,1,1,1
"Lawrence-Indiana",0,0,0,0,0.0145622704675311,1,1,1,1,1,1,1,1
"Pendleton-West Virginia",0,0,0.0057339612949995,0.998627765474584,1,1,1,1,1,1,1,1,1
"Jefferson-Indiana",0,0,0,0,1.87289010650612e-14,1.87289010651231e-14,1,1,1,1,1,1,1
"Moniteau-Missouri",0,0,0,3.84883950644665e-51,3.84883950644665e-51,4.11141981322232e-51,2.1344872007317e-45,0.721597913264696,1,1,1,1,1
"Martin-Indiana",0,0,0,0,4.45296905096596e-11,1,1,1,1,1,1,1,1
"St. Louis-Missouri",0,0,0,7.45049495195369e-26,7.45049495195369e-26,2.8671271581405e-10,0.999854684326019,0.999854684326019,0.999854684326019,1,1,1,1
"Rockingham-Virginia",0,0,0.28990481806334,0.289921646285797,1,1,1,1,1,1,1,1,1
"Lawrence-Ohio",0,0,7.85437816608512e-69,2.12274091429259e-59,4.81172771304415e-42,4.81172771304415e-42,1,1,1,1,1,1,1
"Washington-Indiana",0,0,0,0,1.83683944353419e-05,0.999999999995496,1,1,1,1,1,1,1
"Cole-Missouri",0,0,0,8.30017405671942e-46,8.30017405671942e-46,4.95232730278542e-44,1.92001359552315e-32,4.02844079132617e-11,1,1,1,1,1
"Pocahontas-West Virginia",0,0,0.589122855004182,0.999996559245611,1,1,1,1,1,1,1,1,1
"Franklin-Missouri",0,0,0,1.38459545732748e-28,1.38459545732748e-28,7.02071014770209e-15,4.89721402918121e-05,4.89721402918121e-05,4.89733536622175e-05,1,1,1,1
"Orange-Indiana",0,0,0,0,0.934949695361722,1,1,1,1,1,1,1,1
"Highland-Virginia",0,0,0.895328763251921,0.999500220767981,1,1,1,1,1,1,1,1,1
"Monroe-Illinois",0,0,0,1.02158222924845e-50,1.02158222924845e-50,1.56890587043466e-17,0.999999677762956,0.999999677762956,0.999999999999998,1,1,1,1
"Carter-Kentucky",0,0,1.25197086740805e-79,1.02183276247419e-68,4.87241216217277e-11,4.87241216217277e-11,1,1,1,1,1,1,1
"Jefferson-Missouri",0,0,0,1.49421470490824e-44,1.49421470490824e-44,6.88860283266798e-25,0.999985555606814,0.999985555606814,1,1,1,1,1
"Scott-Kentucky",0,0,3.10582566769717e-124,1.34363866327152e-110,3.68583724217571e-47,8.20370724536872e-28,8.2037282616966e-28,1,1,1,1,1,1
"Augusta-Virginia",0,0,0.394444957665097,1,1,1,1,1,1,1,1,1,1
"Miller-Missouri",0,0,0,6.03638604529297e-50,6.03638604529297e-50,6.03659414671375e-50,9.11304785645929e-30,0.999998677064312,1,1,1,1,1
"Crawford-Indiana",0,0,0,0,1.46737461595054e-07,0.999982445078238,1,1,1,1,1,1,1
"Harrison-Indiana",0,0,0,0,0.199059078427749,0.199059079120331,0.999999999997117,1,1,1,1,1,1
"Elliott-Kentucky",0,0,9.34742193729426e-74,1.1975010073215e-63,1.24462018761399e-18,1.24462018761399e-18,1,1,1,1,1,1,1
"Bath-Virginia",0,0,2.57610217528183e-18,0.863755595584844,1,1,1,1,1,1,1,1,1
"Greenbrier-West Virginia",0,0,6.65427855594621e-10,0.191303277761758,1,1,1,1,1,1,1,1,1
"Camden-Missouri",0,0,0,6.43631478765052e-52,6.43631478765052e-52,6.43631478765052e-52,1.41575541796699e-40,0.000901453149604485,1,1,1,1,1
"Fayette-West Virginia",0,0,1.1653986949425e-13,1,1,1,1,1,1,1,1,1,1
"St. Clair-Missouri",0,0,0,8.92476968068176e-86,8.92476968068176e-86,1.0201811984577e-85,1.27807071953573e-79,6.10614366284857e-19,0.00209824990784024,1,1,1,1
"Crawford-Missouri",0,0,0,5.07233665185807e-24,5.07233665185807e-24,5.07233665185812e-24,0.996756806267912,0.997550537893221,1,1,1,1,1
"Fayette-Kentucky",0,0,2.16092318958163e-114,5.56478416177789e-99,1.2749354782988e-55,2.82452871529347e-39,1.34901925360988e-20,1,1,1,1,1,1
"Washington-Missouri",0,0,0,3.21688856065306e-28,3.21688856065306e-28,2.77072123820217e-26,0.865185607811692,0.865415948231963,1,1,1,1,1
"Meade-Kentucky",0,0,0,0,1.09558428627292e-05,0.99971120805991,0.99971120805991,1,1,1,1,1,1
"Phelps-Missouri",0,0,0,9.79233285763773e-23,9.79233285763773e-23,9.79233285763773e-23,0.000831078978463614,0.999999999998841,1,1,1,1,1
"Ste. Genevieve-Missouri",0,0,0,2.91965236803331e-46,2.91965236803331e-46,0.000249218974141989,0.000252426119883282,0.000252426119885917,1,1,1,1,1
"St. Francois-Missouri",0,0,0,1.62510487853209e-35,1.62510487853209e-35,1.04996507587346e-12,0.999883681916445,1,1,1,1,1,1
"Hickory-Missouri",0,0,0,1.77804007665428e-66,1.77804007665428e-66,1.7780425543165e-66,1.21962905601941e-60,0.926212919117263,0.926212919117263,1,1,1,1
"Breckinridge-Kentucky",0,0,0,0,2.0461464239765e-12,3.61343246156079e-11,0.999993161454958,1,1,1,1,1,1
"Pulaski-Missouri",0,0,0,2.44760641147627e-29,2.44760641147627e-29,2.44760641147627e-29,8.12618227464303e-20,0.17940838034233,1,1,1,1,1
"Hardin-Kentucky",0,0,0,0,2.30936077798541e-18,0.0116926628322324,1,1,1,1,1,1,1
"Alleghany-Virginia",0,0,0.000661200196892993,0.00137288680624245,1,1,1,1,1,1,1,1,1
"Jackson-Illinois",0,0,0,2.5096772312484e-68,1.03659646829344e-59,0.0213350842358433,0.0213350842358434,0.0213350842358434,1,1,1,1,1
"Daviess-Kentucky",0,0,0,0,1.00891313593365e-11,0.999999999886422,1,1,1,1,1,1,1
"Saline-Illinois",0,0,0,3.36251120185069e-99,1.1193740286553e-37,9.24996688647382e-35,0.999862577421855,0.999862577421855,1,1,1,1,1
"Perry-Missouri",0,0,0,2.36151027301587e-50,2.36151027301587e-50,2.36151027302016e-50,0.852395089673311,0.852395089673311,1,1,1,1,1
"Dallas-Missouri",0,0,0,2.50564518685338e-51,2.50564518685338e-51,2.50565852190491e-51,5.09425131113508e-51,0.626253421758727,1,1,1,1,1
"Cedar-Missouri",0,0,0,6.18998178813265e-85,6.18998178813265e-85,6.73097772858744e-78,6.73097825998574e-78,1.21368750087522e-16,7.99351630536729e-10,1,1,1,1
"Laclede-Missouri",0,0,0,6.65827350413113e-36,6.65827350413113e-36,6.65827350413113e-36,2.18152482117033e-35,0.998423992531237,1,1,1,1,1
"Estill-Kentucky",0,0,2.35059160607528e-90,7.44254330954363e-74,1.70349974456566e-50,3.5623527801501e-42,0.435068397518525,1,1,1,1,1,1
"Garrard-Kentucky",0,0,2.73779005022857e-107,2.7285189545685e-87,1.50245333938084e-60,6.77110779859773e-27,0.999883454586977,1,1,1,1,1,1
"Botetourt-Virginia",0,0,1.03358328341274e-11,0.0072279550478723,1,1,1,1,1,1,1,1,1
"Dent-Missouri",0,0,0,1.10099687074821e-05,1.10099687074821e-05,1.10099687074821e-05,0.00356267509333725,0.00356267510217749,1,1,1,1,1
"Iron-Missouri",0,0,0,9.99564036878711e-15,9.99564036878711e-15,9.99564887458912e-15,0.00092453727215837,0.00092453727645052,1,1,1,1,1
"Monroe-West Virginia",0,0,0.823213534417817,0.999999660837454,1,1,1,1,1,1,1,1,1
"Lee-Kentucky",0,0,1.52787586295623e-79,1.92129595731979e-63,9.10401425919427e-40,9.1096538190708e-40,0.115784933745715,1,1,1,1,1,1
"Craig-Virginia",0,0,2.09906979049742e-08,0.172845410445416,1,1,1,1,1,1,1,1,1
"Hardin-Illinois",0,0,0,9.79152170135499e-110,3.59748725614486e-25,3.59748725614487e-25,0.996311512476845,0.996311512476845,1,1,1,1,1
"Pope-Illinois",0,0,0,2.44143004999629e-98,2.00985182060478e-27,2.00985182061503e-27,0.499894614170199,0.499894614170199,1,1,1,1,1
"Texas-Missouri",0,0,0,0.00023610271125133,0.00023610271125133,0.00023610271125133,0.00023610271125133,0.00155188609734023,0.99999992539162,0.999999993613356,1,1,1
"Union-Illinois",0,0,0,3.52935461084059e-71,4.55087215526002e-49,9.66382293966858e-12,9.73864191241923e-12,9.73864191241923e-12,1,1,1,1,1
"Johnson-Illinois",0,0,0,4.82196617495656e-86,1.06618409881703e-37,5.70706536465205e-26,0.957190047151243,0.957190047151243,1,1,1,1,1
"Mercer-West Virginia",0,0,0.999999998193432,0.999999999462558,1,1,1,1,1,1,1,1,1
"Dade-Missouri",0,0,0,6.25864247718164e-82,6.25864247718164e-82,1.14964841902962e-67,1.14964841902962e-67,4.89151383351652e-08,4.89151383366135e-08,1,1,1,1
"Jackson-Kentucky",0,0,1.62759090569333e-87,3.27483470511282e-67,7.22316260868832e-46,1.50090106555592e-31,0.526018909878064,1,1,1,1,1,1
"Chesterfield-Virginia",0,0,0.000345278559016989,0.000345278559016989,1,1,1,1,1,1,1,1,1
"Rockcastle-Kentucky",0,0,3.0602297221514e-98,5.2209777249424e-76,3.77297930502258e-56,2.35149726141542e-21,0.997503621927184,1,1,1,1,1,1
"Wright-Missouri",0,0,0,1.1846104044592e-25,1.1846104044592e-25,1.18461064733414e-25,1.18461064733414e-25,0.00172330603678521,0.00279832141575372,0.00279832141575446,1,1,1
"Giles-Virginia",0,0,9.19609782494018e-07,0.449491265543919,1,1,1,1,1,1,1,1,1
"Hart-Kentucky",0,0,0,2.99602958462461e-130,7.1624349471568e-39,1.28975376046396e-17,0.981375659214695,0.981380722910028,1,1,1,1,1
"Greene-Missouri",0,0,0,1.08095833339208e-60,1.08095833339208e-60,5.23489030152981e-47,5.23489030152981e-47,1.50203766870281e-09,1.55619892147898e-09,1,1,1,1
"Shannon-Missouri",0,0,0,8.58159398046485e-87,8.58159398046485e-87,4.60518934652502e-36,1.44511262214627e-20,0.998252772912781,0.99999968012678,1,1,1,1
"Roanoke-Virginia",0,0,1.87479091717187e-12,0.659428086768002,1,1,1,1,1,1,1,1,1
"Montgomery-Virginia",0,0,0.202606720922532,0.203109711528497,1,1,1,1,1,1,1,1,1
"Pulaski-Kentucky",0,0,2.54456247858769e-103,1.26378060604751e-77,5.3211141246518e-61,0.0397461073145437,0.999999999682688,1,1,1,1,1,1
"Alexander-Illinois",0,0,0,9.91905730431761e-67,3.53910605844832e-46,4.02822828735139e-18,5.34575271043317e-18,5.34575271043317e-18,1,1,1,1,1
"Tazewell-Virginia",0,0,0.999999996058317,0.999999998573203,1,1,1,1,1,1,1,1,1
"Edmonson-Kentucky",0,0,0,0,2.6848018528696e-40,6.01911745322098e-16,0.999739206913666,0.999739206913839,1,1,1,1,1
"Bland-Virginia",0,0,2.69068222575289e-06,0.999586429647737,1,1,1,1,1,1,1,1,1
"Letcher-Kentucky",0,0,1.97679258503658e-40,4.58787858502723e-24,0.999999998875877,0.999999999759132,1,1,1,1,1,1,1
"Pulaski-Virginia",0,0,0.795089201680242,0.795089202001384,1,1,1,1,1,1,1,1,1
"Wise-Virginia",0,0,2.34711422840388e-30,1.97192742352044e-13,2.41032155599518e-08,0.500000012041738,1,1,1,1,1,1,1
"Warren-Kentucky",0,0,0,0,1.49466917814755e-31,2.82073853094888e-25,0.999998631983985,0.999998631984373,1,1,1,1,1
"Barren-Kentucky",0,0,0,1.44420002913013e-127,7.09569467075629e-45,5.95249835288283e-28,0.99998972876993,1,1,1,1,1,1
"Christian-Kentucky",0,0,0,0,0.99999997764548,0.999999999999998,0.999999999999998,0.999999999999998,1,1,1,1,1
"Russell-Virginia",0,0,0.0183167199560509,0.0519509668558631,0.989856778159257,0.999999999963853,1,1,1,1,1,1,1
"Carter-Missouri",0,0,0,0.955344157796042,0.955344157796042,0.955344157796042,0.955344157796042,0.955344157819152,1,1,1,1,1
"Christian-Missouri",0,0,0,1.41374138170507e-55,1.41374138170507e-55,4.01432706013247e-33,4.01432706013247e-33,0.614106751135052,0.979253626146006,0.999999999999358,1,1,1
"Douglas-Missouri",0,0,0,2.99561262105732e-30,2.99561262105732e-30,9.3222375985293e-19,9.3222375985293e-19,1.08597104048259e-18,0.999999999979245,1,1,1,1
"Howell-Missouri",0,0,0,7.31894018170225e-08,7.31894018170225e-08,7.33574172821303e-08,7.33574172821303e-08,7.33574172852763e-08,0.999997458717741,0.999997458717785,1,1,1
"Smyth-Virginia",0,0,4.4027249775992e-08,0.999999995816201,1,1,1,1,1,1,1,1,1
"Trigg-Kentucky",0,0,0,2.21241749028331e-123,2.08311635931763e-10,0.809983602407159,1,1,1,1,1,1,1
"Wayne-Kentucky",0,0,8.43831147623265e-114,3.43233864256507e-85,3.373926977562e-72,2.28416168071089e-27,0.00193126750501845,1,1,1,1,1,1
"Stone-Missouri",0,0,0,2.43845171076287e-68,2.43845171076287e-68,1.27505010130191e-35,1.27505010130191e-35,1.47799442189449e-11,2.07779857484976e-11,1,1,1,1
"Whitley-Kentucky",0,0,4.12639688932928e-85,2.43254867781176e-56,5.72263508878591e-44,2.77310600813215e-10,0.999999999999983,1,1,1,1,1,1
"Bell-Kentucky",0,0,6.7016186937929e-71,4.44159444266193e-42,2.14872999570794e-30,5.23571700925259e-08,0.999999999908732,1,1,1,1,1,1
"Barry-Missouri",0,0,0,1.24209702524729e-82,1.24209702524729e-82,3.40490130101863e-48,3.40490130101863e-48,8.02006339833071e-19,0.999998621393363,0.999999962974289,0.999999962974289,1,1
"Lee-Virginia",0,0,1.61762103799762e-49,9.3817756256679e-21,3.81308032608853e-11,0.999999997437359,0.999999999991767,1,1,1,1,1,1
"Scott-Virginia",0,0,1.77666371682982e-29,0.0094541929333659,0.999998022881762,0.999999926697604,1,1,1,1,1,1,1
"Oregon-Missouri",0,0,0,0.000233646972501588,0.000233646972501588,0.000233646972501588,0.000233646972501588,0.0107285794902954,0.0107285794902954,1,1,1,1
"Taney-Missouri",0,0,0,1.47224362350043e-52,1.47224362350043e-52,1.24692336069378e-17,1.24692336069378e-17,5.39042328939149e-08,0.520740629776692,0.999999999208275,1,1,1
"Ozark-Missouri",0,0,0,6.81229091773952e-34,6.81229091773952e-34,8.30917404056585e-05,8.30917404056585e-05,8.36139097644492e-05,8.36139097647076e-05,8.36184107894982e-05,1,1,1
"McDonald-Missouri",0,0,0,6.9136628736773e-104,6.9136628736773e-104,1.92090329509325e-67,1.92090329509325e-67,1.78149035038179e-36,5.55745621654319e-22,0.1449473957153,0.14494766424436,1,1
"Stewart-Tennessee",0,0,0,1.02506149961519e-129,0.0140405729796803,0.0140405729796803,0.999999999269271,1,1,1,1,1,1
"Delaware-Oklahoma",0,0,0,5.59511455073813e-117,5.59511455073813e-117,3.61935932037177e-77,3.61935932037177e-77,4.20184131758139e-50,3.30780302715976e-27,0.626342746875772,0.999998084591791,1,1
"Robertson-Tennessee",0,0,0,0,0.000209789064270598,0.000209789064270598,0.00020978919988929,1,1,1,1,1,1
"Sumner-Tennessee",0,0,0,0,1.82342538761312e-20,1.82342538761312e-20,6.85226738797937e-10,0.0197034511052998,1,1,1,1,1
"Montgomery-Tennessee",0,0,0,0,1.04746503637541e-08,0.0615820429373787,0.999668077412506,0.999668077459708,1,1,1,1,1
"Macon-Tennessee",0,0,0,7.39838272084813e-131,8.88312427125783e-41,1.30698291976499e-32,0.0168722640790692,0.999999949274186,1,1,1,1,1
"Clay-Tennessee",0,0,0,1.04933720009383e-113,3.40479993645028e-59,1.02641292043371e-17,0.999980661050785,0.999999999999348,1,1,1,1,1
"Pickett-Tennessee",0,0,9.07777251269743e-126,1.71615929320798e-95,6.86757911414161e-78,0.00849215990699785,0.999997998609075,1,1,1,1,1,1
"Sullivan-Tennessee",0,0,1.45689788279969e-21,0.990545786987539,0.990545788382081,0.999999999999971,1,1,1,1,1,1,1
"Hancock-Tennessee",0,0,2.05467685488625e-55,8.01128863265362e-24,3.39941317071688e-20,0.493594777963722,0.987242761552032,1,1,1,1,1,1
"Claiborne-Tennessee",0,0,1.90429594092382e-72,6.3704560009929e-41,4.97230785316005e-35,3.59118105308686e-05,0.666678666787902,1,1,1,1,1,1
"Campbell-Tennessee",0,0,3.10219302766738e-91,1.67039203387244e-59,4.53495999663343e-53,1.28480057838095e-20,0.808044398768485,1,1,1,1,1,1
"Hawkins-Tennessee",0,0,6.30116811816988e-46,5.25468241636425e-13,5.25601569035404e-13,0.700913521867697,0.999710696169729,1,1,1,1,1,1
"Fentress-Tennessee",0,0,2.36317887224837e-121,5.31726656728452e-90,7.46864965782949e-82,3.50365335188437e-08,0.103133664502603,1,1,1,1,1,1
"Overton-Tennessee",0,0,1.5342963521358e-135,3.13638906472257e-104,4.98634709278481e-70,3.47055838425861e-10,0.547794515829595,1,1,1,1,1,1
"Jackson-Tennessee",0,0,0,2.23917846833851e-119,3.72073000303873e-55,1.07690053585749e-20,0.334841395284393,1,1,1,1,1,1
"Carter-Tennessee",0,0,5.17568297340195e-23,0.65418549307715,0.999999999999997,1,1,1,1,1,1,1,1
"Baxter-Arkansas",0,0,0,2.11295765585633e-42,2.11295765585633e-42,2.11295765585633e-42,2.11295765585633e-42,0.99996631124466,0.999994935281787,1,1,1,1
"Benton-Arkansas",0,0,0,2.71525699682165e-103,2.71525699682165e-103,4.26632418714477e-61,4.26632418714477e-61,1.02030340333261e-42,2.98588181562828e-12,0.999999968434418,0.999999999999386,1,1
"Marion-Arkansas",0,0,0,2.04367390743231e-52,2.04367390743231e-52,0.996269955509368,0.996269955509368,0.996269955509369,0.999999999861526,1,1,1,1
"Boone-Arkansas",0,0,0,1.16247427809797e-61,1.16247427809797e-61,3.0628621142217e-14,3.0628621142217e-14,0.819761812874226,0.820367730894174,1,1,1,1
"Union-Tennessee",0,0,1.48928484546004e-81,7.77915224819434e-49,5.73992398732318e-46,1.68134851971921e-14,0.622714833624477,1,1,1,1,1,1
"Smith-Tennessee",0,0,0,1.61077548688443e-130,9.8097582134443e-45,5.37652214543972e-21,0.716570433402284,1,1,1,1,1,1
"Grainger-Tennessee",0,0,9.42466444418241e-70,1.43256623846075e-36,2.58168122543374e-36,0.000167201471727386,0.666722400500771,1,1,1,1,1,1
"Greene-Tennessee",0,0,1.61613679983709e-47,7.59068792887199e-14,2.77727241769876e-12,0.998285491309269,0.998285491309273,0.998956325882051,0.998956325882051,0.998956325882051,0.998956325882051,0.998956325882051,1
"Houston-Tennessee",0,0,0,4.78464562918299e-137,8.60344600761543e-05,0.499552522393913,0.500533512066163,1,1,1,1,1,1
"Hamblen-Tennessee",0,0,2.21802832755641e-61,1.06828215356384e-27,1.30080744155551e-27,0.0251034580372478,0.0253595670275282,0.999999999999999,0.999999999999999,0.999999999999999,0.999999999999999,0.999999999999999,1
"Dickson-Tennessee",0,0,0,0,0.0687343435870268,0.0687343438904715,0.968247562634573,0.999999999967045,1,1,1,1,1
"Putnam-Tennessee",0,0,0,9.94198904912486e-114,9.57043076569179e-64,2.73685436645156e-09,0.998105523309429,1,1,1,1,1,1
"Madison-Arkansas",0,0,0,9.67008159771961e-87,9.67008159771961e-87,3.60447079729019e-37,3.60447079729019e-37,6.5492973753411e-24,0.0848220002461476,0.999999999717482,1,1,1
"Anderson-Tennessee",0,0,3.2535766083825e-96,4.1875006945294e-63,1.214631067969e-57,2.6568823391209e-10,0.999913577879723,1,1,1,1,1,1
"Avery-North Carolina",0,0,1.58990471332236e-27,0.999925300177168,1,1,1,1,1,1,1,1,1
"Izard-Arkansas",0,0,0,1.01810484867764e-40,1.01810484867764e-40,8.07965449911038e-05,8.07965449911038e-05,0.999999881506964,1,1,1,1,1
"Humphreys-Tennessee",0,0,0,0,1.6471862240096e-14,7.40828938442589e-10,1,1,1,1,1,1,1
"Washington-Arkansas",0,0,0,2.56925349836906e-106,2.56925349836906e-106,1.85578456641406e-58,1.85578456641406e-58,4.56100195193724e-45,0.00594306931887929,0.85404070884262,0.87058267465874,1,1
"Cherokee-Oklahoma",0,0,0,0,0,5.61791959844825e-93,5.61791959844825e-93,3.02906594520916e-78,5.74078099957004e-35,2.76910730308771e-18,3.54971074197159e-09,1,1
"Cumberland-Tennessee",0,0,2.64152584410307e-124,2.68986028353541e-91,9.21887533173646e-77,0.000502839642915657,0.968525157250475,1,1,1,1,1,1
"Adair-Oklahoma",0,0,0,2.70685875751107e-127,2.70685875751107e-127,6.38417878493486e-80,6.38417878493486e-80,1.53617426775467e-66,2.06292689604483e-22,0.999996892406768,1,1,1
"DeKalb-Tennessee",0,0,0,1.18321112303729e-127,2.95191647903351e-53,4.64255196739737e-08,0.877375833888525,0.999999999999586,1,1,1,1,1
"Newton-Arkansas",0,0,0,1.61306872981209e-73,1.61306872981209e-73,3.64104925629666e-20,3.64104925629666e-20,2.57178564751936e-08,1,1,1,1,1
"Searcy-Arkansas",0,0,0,1.22644953921433e-61,1.22644953921433e-61,1.9783806848059e-06,1.9783806848059e-06,0.999342483522004,0.999999999999999,1,1,1,1
"Stone-Arkansas",0,0,0,8.81628266331027e-55,8.81628266331027e-55,1.57556674603517e-07,1.57556674603517e-07,1.57556695396494e-07,3.75658159118816e-07,1,1,1,1
"White-Tennessee",0,0,0,5.58597659708563e-114,3.20554447347746e-68,0.497629608372775,0.995279151931287,1,1,1,1,1,1
"Yancey-North Carolina",0,0,6.19160099669809e-41,1.25108279591258e-06,0.891218637250868,0.891218637250868,0.915335704464584,0.915335704464584,0.915335704464584,0.915335704464584,0.915335704464584,0.915335704464584,0.975882932829033
"Roane-Tennessee",0,0,1.77657067322395e-108,6.57347713386625e-75,1.30136362304694e-57,0.0324810786919918,0.0530759614238739,1,1,1,1,1,1
"Hickman-Tennessee",0,0,0,0,4.25031461194685e-21,4.25780246059913e-21,0.99940665065465,1,1,1,1,1,1
"Cannon-Tennessee",0,0,0,0,2.41287147789142e-49,7.68360432849266e-13,0.498465885195814,0.996931777583756,1,1,1,1,1
"McDowell-North Carolina",0,0,2.50928777643624e-46,1.59394463564435e-16,0.26210861350173,0.26210861350173,0.999999999999939,0.999999999999939,0.999999999999939,0.999999999999939,0.999999999999939,0.999999999999939,0.999993584582653
"Independence-Arkansas",0,0,0,1.86813349290029e-47,1.86813349290029e-47,8.42999241566703e-19,8.42999241566703e-19,0.00840640861913117,0.00840640861913117,1,1,1,1
"Blount-Tennessee",0,0,1.73038803667781e-89,1.19496482885214e-55,2.83702779698123e-31,1.3542530738855e-18,0.999774228968399,1,1,1,1,0.000225771426550458,0.000225771426550458
"Warren-Tennessee",0,0,0,2.44018567371162e-129,3.26313866211775e-62,0.465437780225083,0.979998505732688,0.992957430023768,1,1,1,1,1
"Maury-Tennessee",0,0,0,0,1.40358010902364e-30,4.02561094303414e-28,0.00116136297880866,0.00116136300198354,1,1,1,1,1
"Perry-Tennessee",0,0,0,0,1.95075378676552e-30,4.80453846606724e-22,0.999815320737822,1,1,1,1,1,1
"Van Buren-Tennessee",0,0,0,1.22549467784679e-116,5.79302547062893e-73,3.71345608702362e-09,0.999999972170998,0.99999999999999,1,1,1,1,1
"Buncombe-North Carolina",0,0,4.61523168952691e-58,1.48955599552373e-23,0.00321198159321196,0.00326671649118597,0.00326671649168873,0.00326671649168982,0.00326671649168982,0.00326671649168982,0.00326671649168982,0.00326671649168982,1
"Haywood-North Carolina",0,0,2.15828544521808e-70,2.76366726977733e-35,8.25261686980547e-05,8.25261686980547e-05,0.000315163222175595,0.999821424462058,0.999821424462058,0.999821424462058,0.999821424462058,0.999820294503685,0.999767362946523
"Franklin-Arkansas",0,0,0,3.78182575651008e-111,3.78182575651008e-111,1.22419401413788e-57,1.22419401413788e-57,5.2473458578969e-46,3.03541290686403e-11,3.36151941580335e-11,1,1,1
"Crawford-Arkansas",0,0,0,6.57762924891005e-120,6.57762924891005e-120,3.67366016951446e-68,3.67366016951446e-68,1.21030552867712e-55,0.999966241235448,0.999999408436641,0.999999964662779,1,1
"Meigs-Tennessee",0,0,7.74837618592196e-124,5.18934667715537e-90,6.2682208363354e-62,0.0172135403633216,0.0172177609048706,0.999999999999886,0.999999999999886,0.999999999999886,1,1,1
"Marshall-Tennessee",0,0,0,0,9.42967842916726e-43,3.14943357196926e-18,1.3311638603689e-15,0.999805889815729,1,1,1,1,1
"Coffee-Tennessee",0,0,0,0,5.86114739732441e-57,0.0114040686753929,0.854923131523588,0.999999999999862,1,1,1,1,1
"Bedford-Tennessee",0,0,0,0,2.67130916591287e-47,3.453491713841e-10,1.23203096641397e-08,1.23221405804813e-08,1,1,1,1,1
"Swain-North Carolina",0,0,1.19478533557871e-84,3.7758126589763e-50,1.64504321944081e-14,0.00143605514315962,0.00143605514315962,1,1,1,1,1,1
"Lewis-Tennessee",0,0,0,0,2.53405580061998e-34,1.93700200965853e-18,0.999855185984132,0.999999999979918,1,1,1,1,1
"Rutherford-North Carolina",0,0,1.05749617605705e-57,2.54541672476259e-30,0.999999654888555,0.999999654888555,0.999999654890063,0.999999654890063,0.999999654890063,0.999999654890063,0.999999654890063,1,0.999999999998492
"Sequatchie-Tennessee",0,0,0,3.54492609491232e-121,6.34279387783758e-82,0.19737146906912,0.999999999999772,0.999999999999772,0.999999999999795,0.999999999999795,1,1,1
"Grundy-Tennessee",0,0,0,2.76787856398601e-132,5.06390355780858e-72,3.45789056248867e-06,0.986111486193809,0.986111486193809,1,1,1,1,1
"Jackson-North Carolina",0,0,1.02216401301638e-84,1.36664715278641e-49,0.614289720273061,0.998523700280313,0.999999992655228,1,1,1,1,0.998523707629477,0.998523707629475
"Stanly-North Carolina",0,0,2.80832916397762e-76,1.63561868177661e-74,6.66807160335818e-60,6.66807160335818e-60,5.01408496006646e-53,5.13170789872751e-53,5.13170789872751e-53,5.13170789872751e-53,2.96950771647634e-22,2.96952075769916e-22,1
"Wayne-Tennessee",0,0,0,0,1.16102834120882e-47,0.0153441716724524,0.999999999984289,0.999999999984289,1,1,1,1,1
"Hamilton-Tennessee",0,0,0,2.81360060465461e-116,6.2599987617181e-81,1.26477438614675e-14,0.584384978862615,0.584384978863231,0.584384978863231,0.584384978863231,1,1,1
"Lawrence-Tennessee",0,0,0,0,6.23388589240461e-48,0.000110262789099563,0.0916813312634996,0.154124994087775,1,1,1,1,1
"Giles-Tennessee",0,0,0,0,5.55240545545068e-50,7.15607891695651e-15,0.994445729046362,0.994448559459684,0.999999999999995,0.999999999999995,1,1,1
"Transylvania-North Carolina",0,0,7.14741898349778e-80,2.1393669927256e-45,5.94147859425495e-24,4.93824865073665e-05,0.0438098405114523,0.999999995583849,0.999999995583849,0.999999995583849,1,1,0.999999992091681
"Franklin-Tennessee",0,0,0,0,1.38600941510289e-66,0.00445197489541183,0.0155062463678052,0.0155067771960626,0.999999999923348,0.999999999923348,1,1,1
"Marion-Tennessee",0,0,0,8.48946556080213e-134,5.49419752084385e-83,7.66418576202565e-06,0.999999999587004,0.999999999587004,0.999999999588767,0.999999999588767,1,1,1
"Cherokee-North Carolina",0,0,1.01419468061367e-114,2.77108425509559e-80,4.26199463650479e-36,2.38847982227159e-13,2.45646413633966e-12,0.000370147817648379,0.000370147817648379,0.000370147817648379,1,0.999999999999954,0.999999999999954
"Polk-Tennessee",0,0,7.7607669940691e-126,6.4500868858282e-92,7.41787228564976e-51,3.99198408806898e-08,0.00140431359661706,0.999999905625268,0.999999905625268,0.999999905625268,1,1,1
"Collingsworth-Texas",0,0,0,0,0,0,0,0,0,0,0.548768943192059,1,1
"Pickens-South Carolina",0,0,4.49491460341577e-92,1.38190383775761e-58,0.0304117274293342,0.0304117274293342,0.0304117274293342,0.156898702050182,0.156898702050182,0.156898702050182,1,1,1
"Oconee-South Carolina",0,0,1.76370180840869e-103,4.40658773598907e-69,2.99431433326041e-10,2.99431433326041e-10,0.43301703262318,0.999990022700748,0.999990022700748,0.999990022700748,1,1,1
"Lauderdale-Alabama",0,0,0,0,2.44341694027825e-65,1.17881205549052e-50,4.91111928646346e-06,4.83778892278004e-05,0.999999999969654,1,1,1,1
"Limestone-Alabama",0,0,0,0,3.25126441141316e-66,2.38941315653577e-10,4.56991444661183e-09,0.185050127542519,0.198389572843893,0.198389572843893,1,1,1
"Rabun-Georgia",0,0,2.67414944907021e-107,3.15938878780964e-72,3.29338410187863e-16,3.2933841487841e-16,1.62025178165728e-14,0.0233052574102918,0.0233052574102918,0.0233052574102918,1,1,1
"Jackson-Alabama",0,0,0,0,1.40206808612142e-82,0.0486067713623051,0.0511313219512757,0.0511313219512757,0.051132107898777,0.99998069849517,1,1,1
"Dade-Georgia",0,0,0,1.31439560463987e-136,6.91850162389903e-96,1.52565779587557e-07,0.987377230419313,0.987377230419313,0.987377230419313,0.987377570511345,1,1,1
"Walker-Georgia",0,0,0,1.24962883480101e-133,4.95432468161422e-90,9.7472034722512e-11,0.33333333339508,0.33333333339508,0.333333333442806,0.666666666723639,1,1,1
"Colbert-Alabama",0,0,0,0,2.19985284586254e-76,0.499999999003619,0.499999999003619,0.500000000996382,0.500000000996382,1,1,1,1
"DeKalb-Alabama",0,0,0,0,9.12183780885879e-100,0.929593897203889,0.929601775455613,0.929601775455613,0.930226721419266,1,1,1,1
"Gilmer-Georgia",0,0,0,1.35902189071273e-107,6.38678520457921e-58,9.29863318894385e-25,1.66759115854506e-21,0.999624361484529,0.999624361484529,0.999999721508028,1,1,1
"Lawrence-Alabama",0,0,0,0,1.47311183679806e-77,4.7365906681225e-05,4.73659066816403e-05,0.795741821893134,0.999379882921533,0.99999999999999,1,1,1
"Garland-Arkansas",0,0,0,3.62460467478849e-99,3.62460467478849e-99,9.59895592334587e-46,9.59895592334587e-46,1.02016610413388e-30,1,1,1,1,1
"Childress-Texas",0,0,0,0,0,0,0,0,0,0,0.999999999985413,1,1
"Polk-Arkansas",0,0,0,0,0,3.68887458753176e-87,3.68887458753176e-87,7.46298194394609e-78,3.25405112739396e-16,3.25405112739396e-16,3.25405112802373e-16,1,1
"Morgan-Alabama",0,0,0,0,1.41657898373104e-83,2.42219203004235e-20,2.4222038423746e-20,0.231429518264474,0.944907545037204,0.944907545037204,1,1,1
"Dawson-Georgia",0,0,0,6.2931963007374e-108,2.17274148465307e-53,3.70280734964154e-41,0.000375360095771689,0.999999905310961,0.999999905310961,0.999999905310961,1,1,1
"Union-Mississippi",0,0,0,0,2.14324007164928e-70,9.22461919911944e-12,9.22461919911947e-12,9.23410005343021e-12,0.00367728053200717,1,1,1,1
"Marshall-Alabama",0,0,0,0,1.70778386651598e-91,0.000992673121355261,0.000992673121355261,0.0123605884581776,0.0123605884581855,0.818025070404984,1,1,1
"Floyd-Georgia",0,0,0,0,3.38783398414821e-94,5.46054350484587e-28,7.12391957576363e-11,0.502447158550014,0.502447158550014,1,1,1,1
"Chattooga-Georgia",0,0,0,0,4.94524317062702e-95,5.24255604551549e-18,0.499999020557531,0.499999020628098,0.999997860410107,0.999999999727714,1,1,1
"Franklin-Alabama",0,0,0,0,1.58517786501505e-88,3.03472756176117e-11,3.03472756176117e-11,2.41652867244918e-09,1,1,1,1,1
"Hardeman-Texas",0,0,0,0,0,0,0,0,0,0,3.23298315946246e-07,1,1
"Pickens-Georgia",0,0,0,1.37680237309199e-115,3.04851226075992e-63,1.63234676678016e-32,0.499998738677205,0.500001261322718,0.500001261322718,0.999999999999924,1,1,1
"Bartow-Georgia",0,0,0,1.38396326114817e-131,2.57556285799592e-79,3.14919938452916e-33,2.79356025979216e-12,0.318176100062971,0.999999992939616,1,1,1,1
"Cottle-Texas",0,0,0,0,0,0,0,0,0,0,0.107323005485851,1,1
"Richland-South Carolina",0,0,4.59594978636082e-106,1.72008009129177e-87,1.54896118400835e-59,1.54896118400835e-59,1.58397700488113e-45,1.58397700488113e-45,3.51428108447115e-35,3.51428108447115e-35,0.999999999999994,1,1
"Polk-Georgia",0,0,0,0,5.13410528981759e-99,2.24537945688807e-37,3.27508224091493e-23,0.233118223108661,0.999999999969882,1,1,1,1
"Paulding-Georgia",0,0,0,0,5.86762187686249e-90,1.60332879613838e-48,1.81109950374852e-27,0.999999992370561,1,1,1,1,1
"Calhoun-Alabama",0,0,0,0,1.14523571776724e-111,9.73483383904747e-22,9.94643971660568e-22,0.999583911970491,0.999585286547711,0.999593719229211,1,1,1
"King-Texas",0,0,0,0,0,0,0,0,0,0,0.999551439525923,1,1
"Shelby-Alabama",0,0,0,0,0,2.42097087295615e-55,2.42097087296817e-55,2.47767752935059e-35,1.2097322722642e-32,2.6720259090752e-19,1,1,1
"Winston-Mississippi",0,0,0,0,0,9.53136080652673e-88,9.53136080652673e-88,1,1,1,1,1,1
"Bibb-Alabama",0,0,0,0,0,6.22707594610338e-72,6.22707594610357e-72,8.72706647213275e-49,8.7379913128653e-49,2.7732728468006e-42,1,1,1
"Scurry-Texas",0,0,0,0,0,0,0,0,0,0,1,1,1
"Neshoba-Mississippi",0,0,0,0,0,2.20028121680945e-103,2.20028121680945e-103,1,1,1,1,1,1
"Jasper-Mississippi",0,0,0,0,0,0,0,0.999999999713259,0.999999999713259,0.999999999713259,1,1,1
"Smith-Mississippi",0,0,0,0,0,0,0,1,1,1,1,1,1
"Keweenaw-Michigan",0,0,0,0,2.14788501092113e-92,2.14788501092113e-92,2.14788501092113e-92,4.86731094569405e-24,1,1,1,1,1
"Houghton-Michigan",0,0,0,0,0,0,0,0.999020580606186,0.999020580606186,0.999020580606186,1,1,1
"Ontonagon-Michigan",0,0,0,0,0,0,0,3.19995954857146e-44,0.999553033154079,1,1,1,1
"Marquette-Michigan",0,0,0,0,4.21182463745511e-102,4.21182463745511e-102,4.21182463745511e-102,0.99999127492801,0.999991274928162,0.999991274928162,1,1,1
"Gogebic-Michigan",0,0,0,0,0,0,0,0.993007481626874,0.993007481627362,1,1,1,1
"Alger-Michigan",0,0,0,0,1.12859393496712e-83,1.12859393496712e-83,1.12859393496712e-83,0.999999999999926,1,1,1,1,1
"Dickinson-Michigan",0,0,0,0,5.86568008601325e-120,5.86568008601325e-120,5.86568008601325e-120,2.58030637642001e-15,0.999999999999986,0.999999999999986,1,1,1
"Mackinac-Michigan",0,0,0,0,2.90072389417497e-55,2.90072389478893e-55,2.90072389478893e-55,1.78680902646138e-36,1,1,1,1,1
"Delta-Michigan",0,0,0,0,1.61491684970106e-103,1.61491684970106e-103,1.61491684970106e-103,2.9855104384238e-08,1,1,1,1,1
"Door-Wisconsin",0,0,0,0,4.23559734893212e-103,4.23559734893212e-103,4.23559734893212e-103,2.85342903669131e-22,1,1,1,1,1
"Alpena-Michigan",0,0,0,2.94381127576625e-57,4.85568871638562e-36,5.00642688028719e-36,5.00642688028719e-36,1.08850464782573e-23,1,1,1,1,1
"Manistee-Michigan",0,0,0,0,0,0,0,8.97221084109585e-72,5.73917434411908e-05,5.73917434411908e-05,1,1,1
"Jefferson-New York",1.30990715890301e-67,6.55576903397131e-55,1,1,1,1,1,1,1,1,1,1,1
"Manitowoc-Wisconsin",0,0,0,0,0,0,9.3728189446869e-126,1.00107470698154e-77,5.23708875480025e-48,5.23708875480025e-48,1,1,1
"Lewis-New York",1.45792761748655e-48,0.999999999999986,1,1,1,1,1,1,1,1,1,1,1
"Clare-Michigan",0,0,0,6.7141168415139e-112,5.85274743810493e-92,5.85274743810493e-92,5.85274743810493e-92,4.17946870305498e-33,4.89729311561466e-08,4.89729311561466e-08,1,1,1
"Sauk-Wisconsin",0,0,0,0,0,0,6.15353836896674e-91,1.43697173382954e-21,0.999941223912315,0.999972141683333,1,1,1
"Dodge-Wisconsin",0,0,0,0,0,0,6.77584880281546e-84,4.03954954940518e-59,6.19726522634582e-14,6.19726522634582e-14,1,1,1
"Dane-Wisconsin",0,0,0,0,0,0,1.86056136276776e-66,5.98504845896797e-28,2.25814364627566e-13,0.336314682803283,1,1,1
"Onondaga-New York",1.12744343994118e-20,9.2979463731639e-06,0.999999999999454,1,1,1,1,1,1,1,1,1,1
"Erie-New York",0,2.39385093140287e-93,4.31297026255594e-67,3.57024179402804e-10,3.57024179402804e-10,0.145966551109767,1,1,1,1,1,1,1
"Livingston-New York",7.45034594189324e-86,3.97771759019745e-58,1.03596831662557e-24,0.999998393994907,0.999998393994907,0.999998393994907,1,1,1,1,1,1,1
"Green-Wisconsin",0,0,0,0,0,0,7.08160184165377e-51,2.88368674209168e-22,0.999998006583111,1,1,1,1
"Cattaraugus-New York",0,8.86047134142434e-107,1.55541476018439e-47,0.999998157193479,0.999998157193479,1,1,1,1,1,1,1,1
"Carroll-Illinois",0,0,0,1.87601035317284e-122,1.87601035317284e-122,1.87601035317284e-122,6.61401042664467e-35,1.08032174048671e-30,1.28324616288935e-12,1,1,1,1
"Tioga-Pennsylvania",1.93745693123357e-87,8.02498299489654e-69,5.21480973795338e-25,0.99999998387468,0.99999998387468,1,1,1,1,1,1,1,1
"Warren-Pennsylvania",0,0,2.58668393929802e-54,1.64376624476254e-35,1.64376624476254e-35,1,1,1,1,1,1,1,1
"Itasca-Minnesota",0,0,0,0,0,0,0,1.12508532845088e-110,1.19457277630742e-51,1,1,1,1
"Mercer-North Dakota",0,0,0,0,0,0,0,0,0,0,0,0,0
"Polk-Wisconsin",0,0,0,0,0,0,0,3.22456254582796e-100,2.61894362831298e-99,2.25267937737346e-05,1,1,1
"St. Croix-Wisconsin",0,0,0,0,0,0,0,4.78098763630222e-107,1.33429485894459e-87,0.99999927229406,0.999999999999224,1,1
"Pepin-Wisconsin",0,0,0,0,0,0,0,2.34724004796364e-79,7.24853746320105e-60,0.765894951784746,0.765894951828653,1,1
"Jackson-Wisconsin",0,0,0,0,0,0,0,1.22808699786264e-51,8.17776243932375e-29,8.17776243933289e-29,1,1,1
"Wabasha-Minnesota",0,0,0,0,0,0,0,1.4709699747386e-72,1.01386278481399e-53,8.01156965749797e-08,0.963289525020419,1,1
"Juneau-Wisconsin",0,0,0,0,0,0,5.99689779591093e-115,3.46045154532114e-38,8.33946446789711e-12,8.33946446789711e-12,1,1,1
"Olmsted-Minnesota",0,0,0,0,0,0,0,7.28833741319913e-67,2.30866345417833e-49,2.33193969743059e-20,3.35616038753693e-05,1,1
"Winona-Minnesota",0,0,0,0,0,0,0,6.3700071382933e-48,7.30892583344404e-29,7.9102679668575e-24,0.997394289245793,1,1
"Monroe-Wisconsin",0,0,0,0,0,0,3.79615368698294e-123,1.70306113096657e-35,1.22470597447123e-11,1.22470597447123e-11,1,1,1
"La Crosse-Wisconsin",0,0,0,0,0,0,4.14412114129982e-130,1.83661859776769e-35,3.64823930797559e-16,3.64823930797559e-16,0.999999193564866,1,1
"Jackson-South Dakota",0,0,0,0,0,0,0,0,0,0,0,1,1
"Custer-South Dakota",0,0,0,0,0,0,0,0,0,0,0,9.00942033688275e-18,1
"Vernon-Wisconsin",0,0,0,0,0,0,2.39386148181959e-112,7.28185017626542e-19,0.894368182929326,0.894368182929326,1,1,1
"Niobrara-Wyoming",0,0,0,0,0,0,0,0,0,0,0,1,1
"Dixon-Nebraska",0,0,0,0,0,0,0,0,0,0.999999997649324,1,1,1
"Goshen-Wyoming",0,0,0,0,0,0,0,0,0,0,0,1.03689718917081e-36,1
"Lancaster-Nebraska",0,0,0,0,0,0,0,9.4149633102634e-102,1.33828577815856e-89,2.69534129663005e-06,1,1,1
"Rooks-Kansas",0,0,0,0,0,0,0,0,0,6.35601611443157e-62,1.21766321784812e-35,1,1
"Pratt-Kansas",0,0,0,0,0,0,0,0,0,0,6.53025123680063e-123,1,1
"Kiowa-Kansas",0,0,0,0,0,0,0,0,0,0,1.02699797445959e-113,1,1
"Barber-Kansas",0,0,0,0,0,0,0,0,0,0,4.72327833923316e-106,0.999207243098039,1
"Comanche-Kansas",0,0,0,0,0,0,0,0,0,0,4.49510660259486e-97,0.999999992628906,1
"Cherokee-Kansas",0,0,0,1.74660670141941e-117,1.74660670141941e-117,2.71573414898418e-91,2.71573414898418e-91,8.65390183433468e-43,5.26538851935033e-42,2.69621279418284e-17,0.999999945574908,1,1
"Newton-Missouri",0,0,0,4.30902091605011e-101,4.30902091605011e-101,8.25564634216584e-71,8.25564634216584e-71,5.12145681657926e-29,5.19203406454803e-22,0.999986352738948,0.999999999626097,1,1
"Ottawa-Oklahoma",0,0,0,2.05131012759586e-117,2.05131012759586e-117,4.92602088488296e-85,4.92602088488296e-85,5.48198043354563e-45,2.20507386077918e-37,1.23181295288755e-05,3.26497802823178e-05,1,1
"Woods-Oklahoma",0,0,0,0,0,0,0,0,0,0,4.36124031251161e-81,1,1
"Woodward-Oklahoma",0,0,0,0,0,0,0,0,0,0,9.68023228522012e-59,6.98991010864534e-15,1
"Stokes-North Carolina",0,0,1.89569100905022e-11,1.89574365899235e-11,0.971538874655351,0.971538874655351,0.971538874655351,0.971538874655351,0.971538874655352,0.971538874655352,0.971538874655352,0.971538874655352,1
"Madison-North Carolina",0,0,5.5383616841974e-53,5.90007473654507e-18,0.0111514909627325,0.0111932834694664,0.999999999999996,1,1,1,1,1,0.0133675220827209
"Rowan-North Carolina",0,0,2.88544859530961e-52,5.42945181459871e-52,1.03944692112536e-40,1.03944692112536e-40,3.7701881816455e-38,3.7701881816455e-38,0.999999999779698,0.999999999779698,0.999999999779698,0.999999999779698,1
"Sequoyah-Oklahoma",0,0,0,0,0,1.09732945134195e-83,1.09732945134195e-83,6.70113766447806e-71,8.87773136765017e-16,0.00111133471814521,0.0282139457560282,1,1
"Wheeler-Texas",0,0,0,0,0,0,0,0,0,0,1,1,1
"Montgomery-North Carolina",0,0,4.50038492917958e-84,4.56203382224522e-84,4.77434568020659e-73,4.77434568020659e-73,1.21721733941766e-66,1.44200375740318e-61,0.999999999999998,0.999999999999998,0.999999999999998,0.999999999999998,1
"Gaston-North Carolina",0,0,2.45186194880166e-61,3.08356380200361e-46,3.38168100239991e-24,3.38168100239991e-24,4.93488098096273e-15,4.93488098096273e-15,4.93488171634262e-15,4.93488171634262e-15,4.93515360381192e-15,0.999999999999999,1
"Le Flore-Oklahoma",0,0,0,0,0,1.60033807803571e-87,1.60033807803571e-87,2.89167426371501e-76,0.956649318086774,0.956649318086774,1,1,1
"Greenville-South Carolina",0,0,2.53626081804168e-86,6.61358354514632e-55,3.46432536764509e-09,3.46432536764509e-09,0.951689405887025,0.95168940588703,0.95168940588703,0.95168940588703,0.951689405907525,1,1
"Spartanburg-South Carolina",0,0,1.79647793120943e-79,1.79540514834565e-51,3.63139271136706e-20,3.63139271136707e-20,2.4708379640972e-08,2.4708379640972e-08,2.4708379640972e-08,2.4708379640972e-08,0.656721285756671,1,1
"Cherokee-South Carolina",0,0,1.01788863041834e-71,2.39267090565836e-48,9.47112872788866e-20,9.47112872788866e-20,8.70688401529477e-06,8.70688401529477e-06,8.70688401529477e-06,8.70688401529477e-06,0.0143116130040101,0.999996605639191,1
"York-South Carolina",0,0,1.6463168512233e-76,6.93605713610255e-59,3.13460460749129e-33,3.13460460749129e-33,8.63806383110849e-21,8.63806383111935e-21,8.63813867260299e-21,8.63813867260299e-21,2.80057892402786e-07,0.00952777454595919,1
"Lancaster-South Carolina",0,0,3.98889640902502e-86,1.02190737530002e-72,1.84826826493378e-48,1.84826826493378e-48,3.03884108301126e-36,2.39660123695387e-10,2.41786424515815e-10,2.41786424515815e-10,2.41966456787018e-10,0.999999999992046,1
"Madison-Alabama",0,0,0,0,2.88670059938167e-73,2.57700002762063e-05,2.57700002762063e-05,0.0162229799138615,1,1,1,1,1
"Catoosa-Georgia",0,0,0,3.97359111239138e-123,1.77772554996306e-81,0.149938957969009,0.999999999543187,0.999999999543217,0.999999999543217,1,1,1,1
"Union-Georgia",0,0,1.08836504024772e-122,1.05606977427139e-87,1.36604159902598e-36,2.04897420398647e-27,1.55618737085625e-05,0.999993713661244,0.999993713661244,0.999999004795488,1,1,1
"Union-South Carolina",0,0,1.91126907452235e-87,2.15778637310994e-63,5.1918663224955e-34,5.1918663224955e-34,8.84295625093276e-20,8.84295818774744e-20,8.84295818774744e-20,8.84295818774744e-20,0.156948778631006,1,1
"Habersham-Georgia",0,0,4.47371803774003e-120,4.50121204943059e-85,9.29768524832023e-28,9.297685251841e-28,6.15892468043783e-22,0.999999975732447,0.999999975732447,0.999999975732464,1,1,1
"Laurens-South Carolina",0,0,5.49007198200805e-98,4.0758729777367e-70,1.51105168541777e-29,1.51105168541777e-29,2.27244085935827e-17,2.27244085996049e-17,2.27244085996049e-17,2.27244085996049e-17,0.999719621299855,1,1
"Blount-Alabama",0,0,0,0,8.33021346438104e-105,4.48893858963998e-24,4.48893858963998e-24,9.91920739444688e-05,0.999999999878829,0.999999999999892,1,1,1
"Foard-Texas",0,0,0,0,0,0,0,0,0,0,1,1,1
"Wayne-Mississippi",0,0,0,0,0,0,0,1,1,1,1,1,1
"San Saba-Texas",0,0,0,0,0,0,0,0,0,0,7.71834191060804e-70,0.999999999991177,1
"Sutton-Texas",0,0,0,0,0,0,0,0,0,0,1.88075143442171e-71,1.09938039691763e-42,1
"Blanco-Texas",0,0,0,0,0,0,0,0,0,0,0,0.00439133595780899,1
"Liberty-Texas",0,0,0,0,0,0,0,0,0,0,0,9.222337598516e-39,1
"Hays-Texas",0,0,0,0,0,0,0,0,0,0,0,0.00293198110703514,1
"Val Verde-Texas",0,0,0,0,0,0,0,0,0,0,1.38559154016426e-99,4.51186477554961e-64,1
"Kerr-Texas",0,0,0,0,0,0,0,0,0,0,3.85839110831585e-129,2.01869852239578e-12,1
"Kendall-Texas",0,0,0,0,0,0,0,0,0,0,0,0.0370420842578511,1
"Comal-Texas",0,0,0,0,0,0,0,0,0,0,0,0.000337148632863977,1
"Bandera-Texas",0,0,0,0,0,0,0,0,0,0,0,9.73566257422901e-10,1
"Bexar-Texas",0,0,0,0,0,0,0,0,0,0,0,6.52173140840778e-06,1
"Victoria-Texas",0,0,0,0,0,0,0,0,0,0,0,5.27280974695815e-20,1
"Frio-Texas",0,0,0,0,0,0,0,0,0,0,0,8.386304176108e-18,1
"Baraga-Michigan",0,0,0,0,1.80947264732578e-122,1.80947264732578e-122,1.80947264732578e-122,6.22903872443756e-15,1,1,1,1,1
"Emmet-Michigan",0,0,0,0,6.05337653643405e-81,1.93907009024541e-69,1.93907009024541e-69,1,1,1,1,1,1
"Grand Traverse-Michigan",0,0,0,0,4.62647289258794e-124,5.4645393329423e-119,5.4645393329423e-119,2.94758907994243e-46,0.999999999913009,0.999999999913009,1,1,1
"Calumet-Wisconsin",0,0,0,0,0,0,1.11001685797512e-120,2.89716335819834e-80,4.30561026072033e-51,1,1,1,1
"Lake-Michigan",0,0,0,0,0,0,0,4.67888271646639e-72,1,1,1,1,1
"Columbia-Wisconsin",0,0,0,0,0,0,9.07741749002498e-85,1.48687028636106e-37,0.98984453697677,0.98984453697677,1,1,1
"Washington-Wisconsin",0,0,0,0,0,0,2.46474807616023e-84,1.33763008477637e-74,3.37690346021627e-28,1.18009766857886e-22,1,1,1
"Saint John-New Brunswick",0,0,0,0,9.74534733310523e-24,1,1,1,1,1,1,1,1
"Matane-Quebec",0,0,0,0,0,0,2.70794570457812e-26,2.70794570824769e-26,1,1,1,1,1
"Nord-Du-Quebec (Part 1 Of)-Quebec",0,0,0,3.04541496304667e-66,0.892678355584483,0.892678355584483,1,1,1,1,1,1,1
"Nord-Du-Quebec (Part 2 Of)-Quebec",0,0,0,0,1,1,1,1,1,1,1,1,1
"La Cte-De-Gasp-Quebec",0,0,0,0,2.23880825542757e-83,2.01775339519016e-70,4.0819073533973e-33,1,1,1,1,1,1
"Kenora District-Ontario",0,0,0,0,0,0,0,0,0.828660742247487,0.828660742247487,0.82866074474835,1,1
"Rainy River District (PART 1 OF)-Ontario",0,0,0,0,0,0,0,2.88870145243515e-69,1.08778761320883e-11,1.09402574244464e-11,1.09402574244464e-11,1.09402574244464e-11,1
"Thunder Bay District (Part 2 Of)-Ontario",0,0,0,0,0,0,0,1.77615953388146e-31,1,1,1,1,1
"Thunder Bay District (Part 4 of)-Ontario",0,0,0,0,8.48230312359729e-124,8.48230312359729e-124,8.48230312359729e-124,2.22031825296632e-21,1,1,1,1,1
"Thunder Bay District (Part 3 Of)-Ontario",0,0,0,0,4.24700106151751e-109,4.24700106151751e-109,4.24700106151751e-109,0.854621610687528,1,1,1,1,1
"Algoma Dist. (Part 3 Of)-Ontario",0,0,0,8.04134233331995e-106,1,1,1,1,1,1,1,1,1
"Thunder Bay District (Part 1 Of)-Ontario",0,0,0,0,2.32600273219629e-83,2.32600273219629e-83,2.32600273219629e-83,2.09377007626243e-69,1,1,1,1,1
"Algoma District (Part 4 of)-Ontario",0,0,0,8.46983942210961e-90,5.28982722310779e-12,6.0498963977615e-10,6.0498963977615e-10,1,1,1,1,1,1
"Algoma Dist. (Part 1 Of)-Ontario",0,0,0,4.09684641976594e-104,3.17860974101285e-79,7.72861415801411e-58,1.64912358300053e-35,1,1,1,1,1,1
"La Vallee-De-L'Or (Part 1 Of)-Quebec",0,0,0,2.86959520204441e-08,1,1,1,1,1,1,1,1,1
"Nipissing District (Part 1 Of)-Ontario",0,0,0,0.419608065078285,1,1,1,1,1,1,1,1,1
"Cochrane District (Part 1 Of)-Ontario",0,0,0,0.999964922489646,0.999964922489646,0.999964922489646,1,1,1,1,1,1,1
"Timiskaming District-Ontario",0,0,0,6.56868311975712e-103,1,1,1,1,1,1,1,1,1
"Sudbury District (Part 1 Of)-Ontario",0,0,0,3.9005926465847e-20,0.999999999992447,1,1,1,1,1,1,1,1
"Algoma Dist. (Part 2 Of)-Ontario",0,0,0,1.28242410175095e-36,3.93430938624607e-34,3.93430938624607e-34,1.74895245723805e-07,1.74895245723805e-07,1,1,1,1,1
"Les Laurentides-Quebec",0,6.21598254068793e-62,2.48149152941609e-34,1.81829595236296e-09,1.81829595236296e-09,1.81829595236296e-09,1.81829595236296e-09,1.81833302012633e-09,1,1,1,1,1
"Simcoe-Ontario",0,5.68372050662209e-108,5.6837205522755e-108,1.81819700766813e-09,1,1,1,1,1,1,1,1,1
"Peel Regional Municipality-Ontario",0,7.80411309651346e-125,3.04156216890622e-120,1.05443656557131e-30,0.999999999836522,1,1,1,1,1,1,1,1
"Halton Regional Municipality-Ontario",0,1.77832814588164e-129,1.97338863119314e-120,5.32598297411735e-38,0.999999999895584,1,1,1,1,1,1,1,1
"Haliburton-Ontario",0,2.61634890560097e-74,2.61634890560097e-74,1,1,1,1,1,1,1,1,1,1
"Dufferin-Ontario",0,2.92104210456064e-133,8.72306220470332e-133,1.84717615734977e-07,0.00891820373872908,1,1,1,1,1,1,1,1
"Grey-Ontario",0,0,0,1.04066452371755e-66,0.999999999864834,1,1,1,1,1,1,1,1
"Hastings-Ontario",0,2.63303447113906e-45,2.63303447113906e-45,0.99999999999992,1,1,1,1,1,1,1,1,1
"Peterborough-Ontario",0,7.97388624595411e-61,7.97388624595411e-61,0.999999973837902,1,1,1,1,1,1,1,1,1
"Renfrew-Ontario",0,4.82861079459765e-47,4.82861079459765e-47,0.999988117393769,1,1,1,1,1,1,1,1,1
"Les Collines-De-L'Outaouais-Quebec",0,4.09143581521462e-31,2.59881578056758e-27,0.995795936999554,1,1,1,1,1,1,1,1,1
"Wellington-Ontario",0,0,0,8.4943335304028e-15,1,1,1,1,1,1,1,1,1
"Niagara Regional Municipality-Ontario",0,1.74758726509843e-104,4.21128844250066e-86,0.999992399177575,0.999999788662816,1,1,1,1,1,1,1,1
"Haldimand-Norfolk Rgnl Municipal-Ontario",0,0,6.18189991391437e-95,1.31526669120953e-20,0.0349410070680314,1,1,1,1,1,1,1,1
"Bruce-Ontario",0,0,0,1,1,1,1,1,1,1,1,1,1
"Mekinac (Part 1 Of)-Quebec",0,1.01223055247291e-101,1.41703663989705e-73,2.14549807262741e-44,0.00108079198648938,1,1,1,1,1,1,1,1
"L'rable-Quebec",0,7.67766937065118e-99,6.91985991737127e-87,1.14172133658816e-41,6.49009012070358e-26,1,1,1,1,1,1,1,1
"Desjardins-Quebec",0,1.70453114372438e-120,4.03228376455914e-111,5.32081742183874e-65,1.89396592307146e-12,1,1,1,1,1,1,1,1
"La Jacques-Cartier (Part 1 Of)-Quebec",0,0,3.70394829475165e-120,1.70991055347316e-78,0.963897828363064,1,1,1,1,1,1,1,1
"Lac-Saint-Jean-Est-Quebec",0,0,0,0,1,1,1,1,1,1,1,1,1
"Lotbinire-Quebec",0,2.5455528345187e-111,6.69053806653694e-99,2.44887621853498e-54,0.999999608022789,1,1,1,1,1,1,1,1
"Madawaska-New Brunswick",0,0,0,0,2.97350780155837e-70,2.56272448236264e-69,5.87332775325867e-42,0.999999946928224,1,1,1,1,1
"Le Granit-Quebec",0,7.12833429043402e-74,5.21013506832047e-68,2.83892257894213e-28,6.52250313235997e-21,1,1,1,1,1,1,1,1
"Memphrmagog-Quebec",4.39513747099988e-111,1.12318784592182e-29,2.00294933655469e-18,0.0011871253312868,0.0011871253312868,1,1,1,1,1,1,1,1
"Le Haut-Saint-Franois-Quebec",0,4.06984045554829e-58,7.99669529393669e-51,4.3602759367521e-10,1,1,1,1,1,1,1,1,1
"Charlotte-New Brunswick",0,0,0,0,0.619464454647451,0.61946453987575,0.61946453987575,1,1,1,1,1,1
"Northumberland-New Brunswick",0,0,0,0,8.91502110510692e-33,1.62491777033516e-27,1.62491784653882e-27,0.999999999999975,1,1,1,1,1
"Carleton-New Brunswick",0,0,0,0,8.54941639752767e-55,5.76379756005675e-36,2.40030773147309e-34,1,1,1,1,1,1
"Queens-New Brunswick",0,0,0,0,7.80506852499006e-15,6.88956578426752e-14,6.88956582589106e-14,1,1,1,1,1,1
"York-New Brunswick",0,0,0,0,2.23944853699784e-33,1.02994019234637e-18,1.02994019234637e-18,1.02994019908512e-18,1.02994019908512e-18,1.02994019908512e-18,1.02994019908512e-18,1,1
"Victoria-New Brunswick",0,0,0,0,4.04801438450804e-66,1.78197261801392e-55,0.0932910875952457,0.0932910875952459,0.0936849640277517,0.0936849640277517,0.0936849640277517,1,1
"Queens-Prince Edward",0,0,0,0,5.07237419622653e-43,3.91855335349436e-22,1,1,1,1,1,1,1
"Prince-Prince Edward",0,0,0,0,1.09826050714833e-17,0.0175171938739862,0.99999994641173,1,1,1,1,1,1
"Kings-Prince Edward",0,0,0,0,6.52682985318844e-52,1.32267497300814e-30,1,1,1,1,1,1,1
"Guysborough-Nova Scotia",0,0,0,0,2.07099277344578e-33,2.07742841244721e-33,1,1,1,1,1,1,1
"Antigonish-Nova Scotia",0,0,0,0,3.72193226544522e-39,5.28041991093723e-33,1,1,1,1,1,1,1
"Annapolis-Nova Scotia",0,0,0,0,0.7574038954213,0.7574038954213,0.7574038954213,1,1,1,1,1,1
"Cumberland-Nova Scotia",0,0,0,0,0.389594917923637,1,1,1,1,1,1,1,1
"Colchester-Nova Scotia",0,0,0,0,0.998852012478105,1,1,1,1,1,1,1,1
"Westmorland-New Brunswick",0,0,0,0,0.999999999998495,0.999999999998712,0.999999999998712,1,1,1,1,1,1
"Kings-New Brunswick",0,0,0,0,1,1,1,1,1,1,1,1,1
"Albert-New Brunswick",0,0,0,0,4.78649336937582e-23,0.999999999999999,0.999999999999999,1,1,1,1,1,1
"Halifax-Nova Scotia",0,0,0,0,0.827645106964685,1,1,1,1,1,1,1,1
"Hants-Nova Scotia",0,0,0,0,0.297695307129389,1,1,1,1,1,1,1,1
"Kings-Nova Scotia",0,0,0,0,0.558027688946709,0.558027688971222,1,1,1,1,1,1,1
"Kent-New Brunswick",0,0,0,0,3.82420251298844e-20,1.90798409911318e-11,1.90798410270257e-11,1,1,1,1,1,1
"Richmond-Nova Scotia",0,0,0,0,4.17183402071192e-64,3.04331110863207e-62,9.73364896469527e-14,1,1,1,1,1,1
"Inverness-Nova Scotia",0,0,0,0,8.23394693849691e-75,1.63104181949791e-64,3.71587980824286e-20,8.35607936658442e-08,8.35607936658442e-08,1,1,1,1
"Digby-Nova Scotia",0,0,0,0,1.00517734138709e-22,1.0051773414113e-22,1,1,1,1,1,1,1
"Cape Breton-Nova Scotia",0,0,0,0,3.45108418394526e-88,1.06188629086843e-83,2.31726086427575e-35,0.977941546855372,0.977941546855372,1,1,1,1
"Victoria-Nova Scotia",0,0,0,0,3.74529036790387e-96,2.00797317453508e-85,1.95712890927025e-41,1,1,1,1,1,1
"Census Div. 4/St George's-Newfoundland",0,0,0,0,0,0,0,4.50629583784472e-69,4.50629583784472e-69,6.4732351860373e-55,6.4732351860373e-55,1,1
"Census Div. 5/Humber District-Newfoundland",0,0,0,0,0,0,0,0,0,0,3.14870611975727e-40,1,1
"District 19/Sturgeon Bay-Manitoba",0,0,0,0,0,0,0,0,0,0,1.17838082017425e-52,1.17838082017425e-52,1
"Forest Management District 50-Newfoundland",0,0,0,0,0,0,0,0,0,0,9.82848375073185e-46,1,1
"Le Haut-Saint-Laurent-Qubec",3.9327918221986e-99,3.08076632195014e-27,1,1,1,1,1,1,1,1,1,1,1
"Antoine-Labelle-Qubec",0,1.15758228254642e-99,8.70687944715382e-75,7.80300638508493e-24,1,1,1,1,1,1,1,1,1
"La Cte-de-Beaupr-Qubec",0,0,0,4.49258615161991e-97,3.8296104164458e-33,1,1,1,1,1,1,1,1
"Restigouche-New Brunswick",0,0,0,0,6.32488278169725e-83,1.34093959541097e-76,1.25700888605172e-05,1,1,1,1,1,1
"Division No. 17-Manitoba",0,0,0,0,0,0,0,0,0,0,0,1,1
