"","lat","lon","county"
"11",47.6060646668913,-92.4699368595705,"St. Louis-Minnesota"
"12",47.6317071089442,-91.4470318219937,"Lake-Minnesota"
"14",46.9347851918808,-95.6769983838749,"Becker-Minnesota"
"15",46.4312001754793,-91.9134007608685,"Douglas-Wisconsin"
"16",46.2635527428136,-90.2362278547493,"Iron-Wisconsin"
"17",45.8371996120794,-69.2827488409707,"Piscataquis-Maine"
"18",46.1206614026234,-92.7366697606601,"Pine-Minnesota"
"19",44.4981217970387,-70.7531925882035,"Oxford-Maine"
"110",44.6852232192782,-71.3068321265125,"Coos-New Hampshire"
"111",45.039768208425,-92.8821530271037,"Washington-Minnesota"
"112",45.0077218046027,-93.4780240704839,"Hennepin-Minnesota"
"113",45.0230302381759,-93.0994025792713,"Ramsey-Minnesota"
"114",44.7409700211125,-73.6789423857536,"Clinton-New York"
"115",44.588389242187,-74.3065379343185,"Franklin-New York"
"116",44.675095577267,-93.0684288113507,"Dakota-Minnesota"
"117",44.7189276781465,-92.4216512375049,"Pierce-Wisconsin"
"118",44.6036554320964,-72.6390452771207,"Lamoille-Vermont"
"119",44.4108999017584,-92.7231116825043,"Goodhue-Minnesota"
"120",44.1128744983375,-73.7703385534885,"Essex-New York"
"121",44.2701548010274,-72.6162484015955,"Washington-Vermont"
"122",44.7538370251639,-68.3448645709067,"Hancock-Maine"
"123",43.9355728113301,-71.8221296894337,"Grafton-New Hampshire"
"124",44.0012998976688,-72.3741284013781,"Orange-Vermont"
"125",43.6593756918546,-74.4980936023089,"Hamilton-New York"
"126",43.5763833159037,-72.5865648008222,"Windsor-Vermont"
"127",43.5785846798746,-73.0357953414877,"Rutland-Vermont"
"128",43.672601385533,-92.0916297986637,"Fillmore-Minnesota"
"129",43.3151819773827,-73.4330411701688,"Washington-New York"
"130",43.5587279314262,-73.8519737864729,"Warren-New York"
"131",43.2978816454952,-71.6842552380768,"Merrimack-New Hampshire"
"132",43.3784939901357,-90.4312259197461,"Richland-Wisconsin"
"133",43.2412268627262,-90.9277714998558,"Crawford-Wisconsin"
"134",43.0333803400793,-73.0923435218594,"Bennington-Vermont"
"135",42.98390054103,-71.1345989246852,"Rockingham-New Hampshire"
"136",42.9882323745626,-72.7127591973033,"Windham-Vermont"
"137",43.0013188301264,-90.1331158398579,"Iowa-Wisconsin"
"138",42.8697998002683,-90.7052239226731,"Grant-Wisconsin"
"139",42.8477793351335,-91.342706010532,"Clayton-Iowa"
"140",42.902067952472,-74.439091502584,"Montgomery-New York"
"141",42.5885480489169,-74.4398943879782,"Schoharie-New York"
"142",42.6591907915056,-90.1293599290151,"Lafayette-Wisconsin"
"143",42.5984683957487,-73.9708838606085,"Albany-New York"
"144",42.3692231625016,-73.2013116115878,"Berkshire-Massachusetts"
"145",42.5806307358496,-72.5864690414745,"Franklin-Massachusetts"
"146",42.4825964359867,-71.3936204151274,"Middlesex-Massachusetts"
"147",42.4717683698219,-90.8829972712661,"Dubuque-Iowa"
"148",42.4290750711966,-94.1907435580061,"Webster-Iowa"
"149",42.3662604935533,-90.2126930652514,"Jo Daviess-Illinois"
"150",42.2470170188452,-73.6315762253957,"Columbia-New York"
"151",42.173510941775,-90.5735225650412,"Jackson-Iowa"
"152",42.1340129819003,-72.6301285482593,"Hampden-Massachusetts"
"153",42.1517420527845,-71.2327225669406,"Norfolk-Massachusetts"
"154",41.8885303329322,-74.2617824145139,"Ulster-New York"
"155",41.7270601225422,-70.2968879763268,"Barnstable-Massachusetts"
"156",41.7927431083489,-73.2444888898271,"Litchfield-Connecticut"
"157",41.8057004676755,-72.7332865784146,"Hartford-Connecticut"
"158",41.7194153641071,-74.7712239558831,"Sullivan-New York"
"159",41.6873865715,-93.0573385317646,"Jasper-Iowa"
"160",41.4962295922353,-81.1723125899531,"Geauga-Ohio"
"161",41.4822892546503,-72.1013178087842,"New London-Connecticut"
"162",41.7040564640539,-70.5977120213687,"Newport-Rhode Island"
"163",41.2717911591949,-73.3847389977081,"Fairfield-Connecticut"
"164",41.4390188660612,-75.6125507265467,"Lackawanna-Pennsylvania"
"165",41.3458792163558,-88.8937039599628,"LaSalle-Illinois"
"166",41.3999541447043,-74.3112054520102,"Orange-New York"
"167",41.424180798767,-81.6518782634024,"Cuyahoga-Ohio"
"168",41.5135170027574,-79.2380457767432,"Forest-Pennsylvania"
"169",41.3445215089244,-77.0697342114874,"Lycoming-Pennsylvania"
"170",41.4480214102949,-76.5151237141195,"Sullivan-Pennsylvania"
"171",41.4273394780876,-73.7503361006505,"Putnam-New York"
"172",41.3533015567142,-83.1400652688622,"Sandusky-Ohio"
"173",41.2327967503395,-77.6431285701738,"Clinton-Pennsylvania"
"174",41.3823333710305,-70.644699310427,"Dukes-Massachusetts"
"175",41.1927279844325,-79.4250697105053,"Clarion-Pennsylvania"
"176",41.1782823444493,-75.9923489744889,"Luzerne-Pennsylvania"
"177",41.1313272197385,-79.0012612859874,"Jefferson-Pennsylvania"
"178",41.1244685603393,-81.5211327220204,"Summit-Ohio"
"179",41.1639544035798,-81.1911069586418,"Portage-Ohio"
"180",41.0490360410771,-76.4103550972031,"Columbia-Pennsylvania"
"181",41.1156791321062,-81.8923470972925,"Medina-Ohio"
"182",40.9192492642355,-77.8252804471991,"Centre-Pennsylvania"
"183",41.0003670871015,-78.4758426701357,"Clearfield-Pennsylvania"
"184",41.0608267475161,-75.341209729647,"Monroe-Pennsylvania"
"185",41.1145026618101,-96.107546578733,"Sarpy-Nebraska"
"186",40.8514254789925,-76.7121998097358,"Northumberland-Pennsylvania"
"187",40.9107684623545,-79.9173415093947,"Butler-Pennsylvania"
"188",40.8150303741271,-79.4734036178966,"Armstrong-Pennsylvania"
"189",40.9192781040365,-75.7114334315683,"Carbon-Pennsylvania"
"190",40.9931892316207,-80.3377541090012,"Lawrence-Pennsylvania"
"191",40.8485861281189,-74.9995430562186,"Warren-New Jersey"
"192",40.8544936764236,-74.544784055617,"Morris-New Jersey"
"193",40.9217966540178,-91.1878156815315,"Des Moines-Iowa"
"194",40.914155798371,-96.1405723545193,"Cass-Nebraska"
"195",40.8446339159805,-82.2667574989876,"Ashland-Ohio"
"196",40.8284724172057,-81.8827803667839,"Wayne-Ohio"
"197",40.7074233486872,-76.2236600008079,"Schuylkill-Pennsylvania"
"198",40.7522500331938,-91.9540772776706,"Van Buren-Iowa"
"199",40.6834274634439,-80.3512870281905,"Beaver-Pennsylvania"
"1100",40.6126766646676,-77.6203153301648,"Mifflin-Pennsylvania"
"1101",40.8781840528218,-72.8361594767962,"Suffolk-New York"
"1102",40.4854800280542,-78.3493412546841,"Blair-Pennsylvania"
"1103",40.4160322378428,-77.9830413867659,"Huntingdon-Pennsylvania"
"1104",40.4912048477594,-78.7191966737669,"Cambria-Pennsylvania"
"1105",40.3102447551232,-79.4715799703522,"Westmoreland-Pennsylvania"
"1106",40.3349064101029,-75.1132963824269,"Bucks-Pennsylvania"
"1107",40.3832391678994,-80.7601407341195,"Jefferson-Ohio"
"1108",40.2970963561856,-83.367804467546,"Union-Ohio"
"1109",40.0072930002277,-78.491427293466,"Bedford-Pennsylvania"
"1110",40.1675094595513,-77.2689585116335,"Cumberland-Pennsylvania"
"1111",39.9713840454066,-79.0312531118858,"Somerset-Pennsylvania"
"1112",39.9218272385746,-76.7260678071998,"York-Pennsylvania"
"1113",39.9909290437503,-91.1959279305238,"Adams-Illinois"
"1114",39.8617232350254,-87.4694150615111,"Vermillion-Indiana"
"1115",39.9247875867474,-78.1151224125109,"Fulton-Pennsylvania"
"1116",39.9647310397264,-83.0085360307704,"Franklin-Ohio"
"1117",39.9193729461866,-79.6521300980379,"Fayette-Pennsylvania"
"1118",39.8909123536151,-83.400822923564,"Madison-Ohio"
"1119",39.8071297944612,-91.6283092036077,"Marion-Missouri"
"1120",39.7404659672857,-84.6437546014781,"Preble-Ohio"
"1121",39.624590623901,-90.8935526321145,"Pike-Illinois"
"1122",39.5846172308562,-75.6497530502305,"New Castle-Delaware"
"1123",39.659156745688,-94.8139044434054,"Buchanan-Missouri"
"1124",39.6035782889855,-77.8141566642684,"Washington-Maryland"
"1125",39.6220068129844,-78.6980596470366,"Allegany-Maryland"
"1126",39.5281042033662,-79.2749619993564,"Garrett-Maryland"
"1127",39.6316540283819,-80.0523503847179,"Monongalia-West Virginia"
"1128",39.4681676323161,-79.6748110054866,"Preston-West Virginia"
"1129",39.6046196750064,-80.6401841702508,"Wetzel-West Virginia"
"1130",39.5286791242514,-91.5286767438397,"Ralls-Missouri"
"1131",39.4919097155818,-82.4751974911282,"Hocking-Ohio"
"1132",39.4148822987372,-78.9449611569985,"Mineral-West Virginia"
"1133",39.3456187940704,-91.1761124973292,"Pike-Missouri"
"1134",39.4257425590898,-84.1638863226285,"Warren-Ohio"
"1135",39.3308358745836,-82.0417888146995,"Athens-Ohio"
"1136",39.3070950346369,-77.8646876588284,"Jefferson-West Virginia"
"1137",39.2050567669181,-78.2631211747248,"Frederick-Virginia"
"1138",39.3099790361428,-94.4295552929486,"Clay-Missouri"
"1139",39.1584101447003,-86.5393446375244,"Monroe-Indiana"
"1140",39.1060258732266,-79.1947935011535,"Grant-West Virginia"
"1141",39.112623939972,-79.5656224888878,"Tucker-West Virginia"
"1142",38.9900237884045,-92.313383823177,"Boone-Missouri"
"1143",39.0087365291682,-78.8541187110148,"Hardy-West Virginia"
"1144",39.0068009331954,-94.3521334517331,"Jackson-Missouri"
"1145",39.0584289877612,-90.9667988963934,"Lincoln-Missouri"
"1146",39.0143457249642,-82.6193740226179,"Jackson-Ohio"
"1147",38.9976321487587,-85.6371624045131,"Jennings-Indiana"
"1148",39.0358730863865,-86.9763237645923,"Greene-Indiana"
"1149",38.7741256671503,-79.877833123405,"Randolph-West Virginia"
"1150",38.839209070476,-91.9297078168248,"Callaway-Missouri"
"1151",38.8448136162447,-92.8131527482658,"Cooper-Missouri"
"1152",38.83038875685,-89.9105281337787,"Madison-Illinois"
"1153",38.764504759774,-91.1652696904696,"Warren-Missouri"
"1154",38.8405140696402,-86.4962055139858,"Lawrence-Indiana"
"1155",38.6810141444098,-79.3513390064035,"Pendleton-West Virginia"
"1156",38.7852324486892,-85.4472687809527,"Jefferson-Indiana"
"1157",38.6298231642453,-92.5864675159384,"Moniteau-Missouri"
"1158",38.7074648425692,-86.814605533627,"Martin-Indiana"
"1159",38.6401104237296,-90.4499349128621,"St. Louis-Missouri"
"1160",38.512339401218,-78.8767601675508,"Rockingham-Virginia"
"1161",38.5943637347031,-82.5403735475186,"Lawrence-Ohio"
"1162",38.5971888735471,-86.1135168982725,"Washington-Indiana"
"1163",38.50487557368,-92.2816169887804,"Cole-Missouri"
"1164",38.3316454082786,-80.0080019773976,"Pocahontas-West Virginia"
"1165",38.4105574346161,-91.0795019005503,"Franklin-Missouri"
"1166",38.5368729794384,-86.5031154953828,"Orange-Indiana"
"1167",38.3604482834429,-79.5665679552956,"Highland-Virginia"
"1168",38.2800618828475,-90.1793025173776,"Monroe-Illinois"
"1169",38.3225763595312,-83.0499602070512,"Carter-Kentucky"
"1170",38.2624784546514,-90.5383214574548,"Jefferson-Missouri"
"1171",38.2921847754607,-84.593841080516,"Scott-Kentucky"
"1172",38.1642147565092,-79.1289402306538,"Augusta-Virginia"
"1173",38.213525530626,-92.4306683052327,"Miller-Missouri"
"1174",38.2880308440317,-86.4559430105482,"Crawford-Indiana"
"1175",38.1924661003059,-86.1184524834564,"Harrison-Indiana"
"1176",38.1248585010291,-83.0958757790629,"Elliott-Kentucky"
"1177",38.0596952461504,-79.7377708637987,"Bath-Virginia"
"1178",37.9474968753214,-80.4483448795228,"Greenbrier-West Virginia"
"1179",38.0262173281224,-92.7688999407447,"Camden-Missouri"
"1180",38.0288712016825,-81.0806476757509,"Fayette-West Virginia"
"1181",38.0348673594683,-93.7838815692397,"St. Clair-Missouri"
"1182",37.9760741222102,-91.313200060642,"Crawford-Missouri"
"1183",38.0410756773332,-84.4702426182784,"Fayette-Kentucky"
"1184",37.963165483202,-90.8831623390745,"Washington-Missouri"
"1185",37.9699002666694,-86.224485138139,"Meade-Kentucky"
"1186",37.8803841689901,-91.7967881170084,"Phelps-Missouri"
"1187",37.8961724814297,-90.2001754266288,"Ste. Genevieve-Missouri"
"1188",37.8110364086908,-90.4750395653135,"St. Francois-Missouri"
"1189",37.9394481137049,-93.3260637345251,"Hickory-Missouri"
"1190",37.7754801586409,-86.4373445279155,"Breckinridge-Kentucky"
"1191",37.8243540956895,-92.2090240168873,"Pulaski-Missouri"
"1192",37.6981841846074,-85.972146048695,"Hardin-Kentucky"
"1193",37.7882033411495,-80.006362161047,"Alleghany-Virginia"
"1194",37.785227962354,-89.3896627922048,"Jackson-Illinois"
"1195",37.7313736963072,-87.0945889676471,"Daviess-Kentucky"
"1196",37.7591526403631,-88.5439062429744,"Saline-Illinois"
"1197",37.7099392368653,-89.8340951755652,"Perry-Missouri"
"1198",37.6786384014635,-93.0282740401624,"Dallas-Missouri"
"1199",37.7220101200286,-93.8635059780127,"Cedar-Missouri"
"1200",37.6606863427011,-92.5919612588803,"Laclede-Missouri"
"1201",37.6925068923421,-83.9726273065845,"Estill-Kentucky"
"1202",37.6396890699454,-84.5461524180547,"Garrard-Kentucky"
"1203",37.5562513258289,-79.8113254592851,"Botetourt-Virginia"
"1204",37.6047038057167,-91.516742263914,"Dent-Missouri"
"1205",37.5563820555001,-90.7806590050996,"Iron-Missouri"
"1206",37.5580543249776,-80.5510262510847,"Monroe-West Virginia"
"1207",37.5960486745129,-83.7230778591487,"Lee-Kentucky"
"1208",37.4828881515546,-80.206692118385,"Craig-Virginia"
"1209",37.5223101608759,-88.2719162317962,"Hardin-Illinois"
"1210",37.4191913202366,-88.5634612067837,"Pope-Illinois"
"1211",37.3180537022308,-91.9714831644961,"Texas-Missouri"
"1212",37.475755148308,-89.259298188073,"Union-Illinois"
"1213",37.4655962719261,-88.8852527812537,"Johnson-Illinois"
"1214",37.4077367772944,-81.1041426841677,"Mercer-West Virginia"
"1215",37.431886813285,-93.857406136823,"Dade-Missouri"
"1216",37.4216387689001,-84.0117473283349,"Jackson-Kentucky"
"1217",37.379461952215,-77.5898694447382,"Chesterfield-Virginia"
"1218",37.3684977226145,-84.3229994417733,"Rockcastle-Kentucky"
"1219",37.2741834284254,-92.4721550256103,"Wright-Missouri"
"1220",37.3150042742358,-80.699977934469,"Giles-Virginia"
"1221",37.2967361494646,-85.8903862967489,"Hart-Kentucky"
"1222",37.2564834799568,-93.34945910396,"Greene-Missouri"
"1223",37.1557088149906,-91.4096720078535,"Shannon-Missouri"
"1224",37.2716658750273,-80.0641104336899,"Roanoke-Virginia"
"1225",37.1765196432622,-80.3884537915742,"Montgomery-Virginia"
"1226",37.1087994007663,-84.5881884522946,"Pulaski-Kentucky"
"1227",37.1949868197412,-89.3390728271464,"Alexander-Illinois"
"1228",37.1265654247338,-81.5630782961991,"Tazewell-Virginia"
"1229",37.2101012973698,-86.2457954648342,"Edmonson-Kentucky"
"1230",37.135631727524,-81.1310045613399,"Bland-Virginia"
"1231",37.1246699624079,-82.8534372787304,"Letcher-Kentucky"
"1232",37.0639431190884,-80.7120564729491,"Pulaski-Virginia"
"1233",36.9764303798622,-82.6172120223909,"Wise-Virginia"
"1234",36.9958718319827,-86.4293672822104,"Warren-Kentucky"
"1235",36.9665771398388,-85.9421291029437,"Barren-Kentucky"
"1236",36.9000292797094,-87.4964700395299,"Christian-Kentucky"
"1237",36.9336412608129,-82.0939194801786,"Russell-Virginia"
"1238",36.9419638848765,-90.969579254634,"Carter-Missouri"
"1239",36.9707672861591,-93.1971038417058,"Christian-Missouri"
"1240",36.9341740307356,-92.501759791111,"Douglas-Missouri"
"1241",36.770500790437,-91.8938948595147,"Howell-Missouri"
"1242",36.8436735993553,-81.5353392113283,"Smyth-Virginia"
"1243",36.8105819165288,-87.8810342470595,"Trigg-Kentucky"
"1244",36.8040384507692,-84.836135681502,"Wayne-Kentucky"
"1245",36.7412370979858,-93.4662480318321,"Stone-Missouri"
"1246",36.7585820616325,-84.1512828817989,"Whitley-Kentucky"
"1247",36.7336260340365,-83.6774088112425,"Bell-Kentucky"
"1248",36.7050258346374,-93.8369923864777,"Barry-Missouri"
"1249",36.7064873123936,-83.1203168244003,"Lee-Virginia"
"1250",36.7138627244897,-82.600732392587,"Scott-Virginia"
"1251",36.68135427006,-91.4106057284587,"Oregon-Missouri"
"1252",36.6509690326071,-93.0491029549605,"Taney-Missouri"
"1253",36.6466378415507,-92.4503992238841,"Ozark-Missouri"
"1254",36.6238197133283,-94.3516438840299,"McDonald-Missouri"
"1255",36.5041834598561,-87.8346706137054,"Stewart-Tennessee"
"1256",36.413301035944,-94.8031719595575,"Delaware-Oklahoma"
"1257",36.5272017874479,-86.867498809494,"Robertson-Tennessee"
"1258",36.4683810998358,-86.4553139199022,"Sumner-Tennessee"
"1259",36.5029469618214,-87.3798355725101,"Montgomery-Tennessee"
"1260",36.5350915929549,-86.0005530313287,"Macon-Tennessee"
"1261",36.5540761069209,-85.5435040956367,"Clay-Tennessee"
"1262",36.5600508150215,-85.0688685317403,"Pickett-Tennessee"
"1263",36.512526399273,-82.3046562730919,"Sullivan-Tennessee"
"1264",36.5218689136701,-83.2253637206409,"Hancock-Tennessee"
"1265",36.4857289159922,-83.6599125720415,"Claiborne-Tennessee"
"1266",36.4037025872126,-84.1466624618986,"Campbell-Tennessee"
"1267",36.441426891283,-82.9449248057992,"Hawkins-Tennessee"
"1268",36.3797097373816,-84.9258529024531,"Fentress-Tennessee"
"1269",36.3499655966414,-85.2823356178657,"Overton-Tennessee"
"1270",36.3611552151187,-85.6688529101364,"Jackson-Tennessee"
"1271",36.292397469613,-82.1265983669452,"Carter-Tennessee"
"1272",36.2837212645792,-92.332645772307,"Baxter-Arkansas"
"1273",36.3364416018269,-94.2489279720043,"Benton-Arkansas"
"1274",36.2684792702695,-92.6790616857527,"Marion-Arkansas"
"1275",36.3065437575212,-93.0865429008477,"Boone-Arkansas"
"1276",36.2894846209355,-83.8384971000868,"Union-Tennessee"
"1277",36.2549237890761,-85.9524775574407,"Smith-Tennessee"
"1278",36.2741308877539,-83.5112730082009,"Grainger-Tennessee"
"1279",36.1750275976933,-82.843244613021,"Greene-Tennessee"
"1280",36.2901657905928,-87.7211600239102,"Houston-Tennessee"
"1281",36.2200782269384,-83.2648284571814,"Hamblen-Tennessee"
"1282",36.1541271741877,-87.3548106237973,"Dickson-Tennessee"
"1283",36.146434580411,-85.492676892482,"Putnam-Tennessee"
"1284",36.0128806706283,-93.7183683116487,"Madison-Arkansas"
"1285",36.1195088073339,-84.1975948095528,"Anderson-Tennessee"
"1286",36.0721074447734,-81.9212717910704,"Avery-North Carolina"
"1287",36.0943379291159,-91.9109360446828,"Izard-Arkansas"
"1288",36.0470314832025,-87.7736548229713,"Humphreys-Tennessee"
"1289",35.9819585408301,-94.2098902325093,"Washington-Arkansas"
"1290",35.9137338291418,-94.999936952089,"Cherokee-Oklahoma"
"1291",35.9531769869727,-84.9949339736251,"Cumberland-Tennessee"
"1292",35.89186941819,-94.6547804439058,"Adair-Oklahoma"
"1293",35.9852600846737,-85.8288133060987,"DeKalb-Tennessee"
"1294",35.9225774913842,-93.2112132462292,"Newton-Arkansas"
"1295",35.9154167494651,-92.695738981573,"Searcy-Arkansas"
"1296",35.8608459364409,-92.1540440750549,"Stone-Arkansas"
"1297",35.9313842485516,-85.4503850682585,"White-Tennessee"
"1298",35.8923161597697,-82.3075603187059,"Yancey-North Carolina"
"1299",35.8533681354552,-84.5164622751611,"Roane-Tennessee"
"1300",35.8096095729211,-87.4714300370932,"Hickman-Tennessee"
"1301",35.8140896524371,-86.0597684824372,"Cannon-Tennessee"
"1302",35.6754559309308,-82.0447562268495,"McDowell-North Carolina"
"1303",35.7422908825679,-91.5671059163602,"Independence-Arkansas"
"1304",35.6884720129158,-83.9220018301593,"Blount-Tennessee"
"1305",35.6859872269166,-85.7719143383915,"Warren-Tennessee"
"1306",35.6257409450402,-87.0695771057308,"Maury-Tennessee"
"1307",35.6499609187251,-87.8558692183105,"Perry-Tennessee"
"1308",35.7066126327225,-85.4411908573615,"Van Buren-Tennessee"
"1309",35.6069457386507,-82.5281202863456,"Buncombe-North Carolina"
"1310",35.5515887901909,-82.9808744144404,"Haywood-North Carolina"
"1311",35.5145551419825,-93.8859998113525,"Franklin-Arkansas"
"1312",35.591275319232,-94.2389409490209,"Crawford-Arkansas"
"1313",35.5214401637695,-84.8030203905367,"Meigs-Tennessee"
"1314",35.4785804765288,-86.759255765479,"Marshall-Tennessee"
"1315",35.4979601071169,-86.0711090455277,"Coffee-Tennessee"
"1316",35.5214139649608,-86.4536593745182,"Bedford-Tennessee"
"1317",35.4807566248549,-83.4896640186313,"Swain-North Carolina"
"1318",35.5354163438167,-87.4897778000941,"Lewis-Tennessee"
"1319",35.398856619254,-81.91770129222,"Rutherford-North Carolina"
"1320",35.3827737323574,-85.4121886137811,"Sequatchie-Tennessee"
"1321",35.3959798665271,-85.7224014408922,"Grundy-Tennessee"
"1322",35.2826619331662,-83.1392795110399,"Jackson-North Carolina"
"1323",35.314070059384,-80.2490035400852,"Stanly-North Carolina"
"1324",35.2489835393933,-87.788171845917,"Wayne-Tennessee"
"1325",35.1884761801659,-85.1614975389043,"Hamilton-Tennessee"
"1326",35.2249797335801,-87.3950249835119,"Lawrence-Tennessee"
"1327",35.2119747551362,-87.029848683651,"Giles-Tennessee"
"1328",35.1998112270313,-82.7950149298212,"Transylvania-North Carolina"
"1329",35.1617397725513,-86.0907160483655,"Franklin-Tennessee"
"1330",35.136137247768,-85.623511995515,"Marion-Tennessee"
"1331",35.1311506148204,-84.0596689236076,"Cherokee-North Carolina"
"1332",35.122021551801,-84.5194943765834,"Polk-Tennessee"
"1333",34.9639030281717,-100.269281584654,"Collingsworth-Texas"
"1334",34.883030590055,-82.7238216544828,"Pickens-South Carolina"
"1335",34.7519552684639,-83.0635371758582,"Oconee-South Carolina"
"1336",34.9066979207662,-87.6488434549492,"Lauderdale-Alabama"
"1337",34.8163789567317,-86.9801814214169,"Limestone-Alabama"
"1338",34.8782030646317,-83.4026908249661,"Rabun-Georgia"
"1339",34.7845461088495,-85.9952751073348,"Jackson-Alabama"
"1340",34.8558637707358,-85.5032504382273,"Dade-Georgia"
"1341",34.7343124966292,-85.3001967534906,"Walker-Georgia"
"1342",34.7015955167767,-87.8034481842035,"Colbert-Alabama"
"1343",34.463295120807,-85.8027195287345,"DeKalb-Alabama"
"1344",34.6878595773605,-84.4523159114927,"Gilmer-Georgia"
"1345",34.5265148130501,-87.3089014524722,"Lawrence-Alabama"
"1346",34.5802186029705,-93.143989880554,"Garland-Arkansas"
"1347",34.5300455736918,-100.20837524133,"Childress-Texas"
"1348",34.4909430545166,-94.2191224406834,"Polk-Arkansas"
"1349",34.4570095676189,-86.8516880329597,"Morgan-Alabama"
"1350",34.4401882101645,-84.1680398447272,"Dawson-Georgia"
"1351",34.4970850909032,-88.9952245129252,"Union-Mississippi"
"1352",34.3718699751411,-86.3027930287676,"Marshall-Alabama"
"1353",34.2650499686685,-85.2131014922124,"Floyd-Georgia"
"1354",34.4743678246353,-85.3418270978471,"Chattooga-Georgia"
"1355",34.4449176885595,-87.8426195520786,"Franklin-Alabama"
"1356",34.2892969425873,-99.7475562551889,"Hardeman-Texas"
"1357",34.4641925978886,-84.4658214127773,"Pickens-Georgia"
"1358",34.2421528441777,-84.8382387892351,"Bartow-Georgia"
"1359",34.0812982169386,-100.285093854871,"Cottle-Texas"
"1360",34.0168527619258,-80.897884220612,"Richland-South Carolina"
"1361",34.0058626670264,-85.1841941350499,"Polk-Georgia"
"1362",33.923711362428,-84.8614377368675,"Paulding-Georgia"
"1363",33.7763700955397,-85.8253757948637,"Calhoun-Alabama"
"1364",33.6165627606233,-100.258998202486,"King-Texas"
"1365",33.2720145654888,-86.66122267583,"Shelby-Alabama"
"1366",33.0921570032935,-89.0327755644672,"Winston-Mississippi"
"1367",33.0002070698566,-87.1275221947314,"Bibb-Alabama"
"1368",32.7390582406172,-100.918271068302,"Scurry-Texas"
"1369",32.7559464544252,-89.1148404184923,"Neshoba-Mississippi"
"1370",32.0227879330161,-89.1172221136419,"Jasper-Mississippi"
"1371",32.0226239211402,-89.5043517465968,"Smith-Mississippi"
"1372",46.442593933254,-86.9773086733762,"Keweenaw-Michigan"
"1373",46.6880224487835,-88.8805036985936,"Houghton-Michigan"
"1374",46.6682731825688,-89.3090727969129,"Ontonagon-Michigan"
"1375",46.4321114684978,-87.6361019494346,"Marquette-Michigan"
"1376",46.4111640194582,-89.6845641356759,"Gogebic-Michigan"
"1377",46.4121189881725,-86.5940811062063,"Alger-Michigan"
"1378",46.01060061241,-87.8656436308768,"Dickinson-Michigan"
"1379",46.0959003215349,-85.1176357087464,"Mackinac-Michigan"
"1380",45.9187973883369,-86.9169824466538,"Delta-Michigan"
"1381",45.7003045111304,-86.4906876400026,"Door-Wisconsin"
"1382",45.036165425995,-83.6363493902828,"Alpena-Michigan"
"1383",44.3378118484088,-86.0588367385944,"Manistee-Michigan"
"1384",44.0381914242279,-75.9023839363846,"Jefferson-New York"
"1385",44.1199541959137,-87.8067721292335,"Manitowoc-Wisconsin"
"1386",43.784674754953,-75.4492248714598,"Lewis-New York"
"1387",43.9929058456141,-84.8514794530359,"Clare-Michigan"
"1388",43.4295991795544,-89.9486407489965,"Sauk-Wisconsin"
"1389",43.4180630805419,-88.7061823513615,"Dodge-Wisconsin"
"1390",43.0676661555713,-89.4166334083298,"Dane-Wisconsin"
"1391",43.0114721774054,-76.1914216608814,"Onondaga-New York"
"1392",42.7564876154934,-78.7252856545798,"Erie-New York"
"1393",42.7308882405931,-77.7749490472632,"Livingston-New York"
"1394",42.6774757457558,-89.5978312062511,"Green-Wisconsin"
"1395",42.2512853572591,-78.6754369726727,"Cattaraugus-New York"
"1396",42.0705984985315,-89.9394163937188,"Carroll-Illinois"
"1397",41.7732660107341,-77.2581839478834,"Tioga-Pennsylvania"
"1398",41.8166933802035,-79.2788157716773,"Warren-Pennsylvania"
"1399",47.5102446036873,-93.6320880346306,"Itasca-Minnesota"
"1401",47.3093415473368,-101.83698890559,"Mercer-North Dakota"
"1404",45.4639502482644,-92.4416593806842,"Polk-Wisconsin"
"1405",45.0342504664675,-92.4528593782386,"St. Croix-Wisconsin"
"1406",44.5822642272284,-92.0048134272175,"Pepin-Wisconsin"
"1407",44.3198032855504,-90.8011208855888,"Jackson-Wisconsin"
"1408",44.2848326216363,-92.229229744194,"Wabasha-Minnesota"
"1409",43.927527687528,-90.1124445854106,"Juneau-Wisconsin"
"1410",44.0034836676742,-92.4057589955196,"Olmsted-Minnesota"
"1411",43.9864588817272,-91.7808152198119,"Winona-Minnesota"
"1412",43.9456863460561,-90.6185972164345,"Monroe-Wisconsin"
"1413",43.9073679721587,-91.1165682206844,"La Crosse-Wisconsin"
"1414",43.6960488791292,-101.633118009885,"Jackson-South Dakota"
"1415",43.6763006175154,-103.455708231043,"Custer-South Dakota"
"1416",43.5924112969025,-90.8348227949801,"Vernon-Wisconsin"
"1417",43.0580837963954,-104.479475706473,"Niobrara-Wyoming"
"1418",42.4909139803354,-96.8672379479342,"Dixon-Nebraska"
"1419",42.0903140523025,-104.353906259871,"Goshen-Wyoming"
"1420",40.7846608074403,-96.6806116349561,"Lancaster-Nebraska"
"1422",39.3443515308178,-99.3215305750941,"Rooks-Kansas"
"1423",37.641083457546,-98.7319681015623,"Pratt-Kansas"
"1424",37.5547865690373,-99.2799639852872,"Kiowa-Kansas"
"1425",37.2259136936849,-98.6826483431381,"Barber-Kansas"
"1426",37.1876229902744,-99.271330559612,"Comanche-Kansas"
"1427",37.1654941749442,-94.8463171031526,"Cherokee-Kansas"
"1428",36.9068534530663,-94.3438756913042,"Newton-Missouri"
"1429",36.8385333277885,-94.8142560574795,"Ottawa-Oklahoma"
"1430",36.7658279012042,-98.8591294322976,"Woods-Oklahoma"
"1431",36.4227710335765,-99.259744042715,"Woodward-Oklahoma"
"1432",36.4004731831215,-80.2340544925566,"Stokes-North Carolina"
"1433",35.8533335633785,-82.7051783841622,"Madison-North Carolina"
"1434",35.6369934953334,-80.5191117660301,"Rowan-North Carolina"
"1435",35.5038913040982,-94.7519366530889,"Sequoyah-Oklahoma"
"1436",35.4023959096843,-100.269118503944,"Wheeler-Texas"
"1437",35.3273520464245,-79.9025939419477,"Montgomery-North Carolina"
"1438",35.2924851281794,-81.1750169114862,"Gaston-North Carolina"
"1439",34.9049781932512,-94.6981952645687,"Le Flore-Oklahoma"
"1440",34.8902209991424,-82.3693100596206,"Greenville-South Carolina"
"1441",34.9289299149572,-81.984838772792,"Spartanburg-South Carolina"
"1442",35.0470834036518,-81.6170655995498,"Cherokee-South Carolina"
"1443",34.9717856287516,-81.1858495597898,"York-South Carolina"
"1444",34.6864487984099,-80.7045583477323,"Lancaster-South Carolina"
"1445",34.7651010575168,-86.5472807147227,"Madison-Alabama"
"1446",34.9035438690241,-85.1324449904637,"Catoosa-Georgia"
"1447",34.8297612428862,-83.9907740249307,"Union-Georgia"
"1448",34.6841437336344,-81.6165442948442,"Union-South Carolina"
"1449",34.6261135461073,-83.5303133497263,"Habersham-Georgia"
"1450",34.4776790006614,-81.998911406082,"Laurens-South Carolina"
"1451",33.9832465966992,-86.5670469386642,"Blount-Alabama"
"1452",33.9739643594992,-99.7825643832593,"Foard-Texas"
"1453",31.6412590445867,-88.6897268613075,"Wayne-Mississippi"
"1454",31.1574216305547,-98.8176093962272,"San Saba-Texas"
"1455",30.4932714270631,-100.538234531149,"Sutton-Texas"
"1456",30.2737408109148,-98.4002568120899,"Blanco-Texas"
"1457",30.1548297361976,-94.8174932548656,"Liberty-Texas"
"1458",30.0578239684978,-98.0416092042331,"Hays-Texas"
"1459",29.892279958074,-101.147235233875,"Val Verde-Texas"
"1460",30.0677980592011,-99.3532760438683,"Kerr-Texas"
"1461",29.9470133286275,-98.7183499081712,"Kendall-Texas"
"1462",29.8116977289391,-98.2880216705876,"Comal-Texas"
"1463",29.7553715522307,-99.2604283508086,"Bandera-Texas"
"1464",29.4525638684843,-98.5253049536526,"Bexar-Texas"
"1465",28.7961804428097,-96.9724298025066,"Victoria-Texas"
"1466",28.865440971791,-99.1103718256086,"Frio-Texas"
"1467",46.6629550418409,-88.3617341181054,"Baraga-Michigan"
"1468",45.5228326036674,-84.8889492120479,"Emmet-Michigan"
"1469",44.6581437091873,-85.5627757213075,"Grand Traverse-Michigan"
"1470",44.0826349129429,-88.2139660599471,"Calumet-Wisconsin"
"1471",43.9935305139259,-85.8033180267157,"Lake-Michigan"
"1472",43.4692673710986,-89.3334440085005,"Columbia-Wisconsin"
"1473",43.3723114195363,-88.2264993783129,"Washington-Wisconsin"
"1474",45.3424517283934,-65.7878744250042,"Saint John-New Brunswick"
"1475",48.7821337266905,-67.0099788884076,"Matane-Quebec"
"1476",49.2625597528659,-76.6494332533442,"Nord-Du-Quebec (Part 1 Of)-Quebec"
"1477",49.8512681880381,-74.4793485853275,"Nord-Du-Quebec (Part 2 Of)-Quebec"
"1478",48.9089313317248,-64.9153020921764,"La Côte-De-Gaspé-Quebec"
"1479",50.1717071437363,-94.3641712809272,"Kenora District-Ontario"
"1480",48.5663467593873,-91.3725432659805,"Rainy River District (PART 1 OF)-Ontario"
"1481",48.2686591508823,-89.6836819570671,"Thunder Bay District (Part 2 Of)-Ontario"
"1482",49.0126369596681,-88.7133627527864,"Thunder Bay District (Part 4 of)-Ontario"
"1483",49.26887548066,-87.9670687803423,"Thunder Bay District (Part 3 Of)-Ontario"
"1484",48.3794501344622,-84.4393260719306,"Algoma Dist. (Part 3 Of)-Ontario"
"1485",49.0449043338246,-87.2234274417164,"Thunder Bay District (Part 1 Of)-Ontario"
"1486",46.6396525249216,-84.0448343254448,"Algoma District (Part 4 of)-Ontario"
"1487",47.7593161656358,-84.4537656381253,"Algoma Dist. (Part 1 Of)-Ontario"
"1488",47.9980986508055,-77.8965726450366,"La Vallee-De-L'Or (Part 1 Of)-Quebec"
"1489",46.5546182698205,-79.1601056011616,"Nipissing District (Part 1 Of)-Ontario"
"1490",48.487758087383,-81.2805991920352,"Cochrane District (Part 1 Of)-Ontario"
"1491",47.794940847331,-80.3570790588787,"Timiskaming District-Ontario"
"1492",47.8468614987569,-82.4681756359831,"Sudbury District (Part 1 Of)-Ontario"
"1493",46.5958674908832,-82.4331205920103,"Algoma Dist. (Part 2 Of)-Ontario"
"1494",46.1557870020692,-74.576693194903,"Les Laurentides-Quebec"
"1495",44.4715278429487,-79.715409369284,"Simcoe-Ontario"
"1496",43.7630534367459,-79.814705231358,"Peel Regional Municipality-Ontario"
"1497",43.5138229200068,-79.8927314825914,"Halton Regional Municipality-Ontario"
"1498",45.1427734833714,-78.5145115081511,"Haliburton-Ontario"
"1499",44.0447785591816,-80.2024260171575,"Dufferin-Ontario"
"1500",44.3642025774444,-80.7271515028891,"Grey-Ontario"
"21",44.7506911848003,-77.6005960459739,"Hastings-Ontario"
"22",44.535644616058,-78.2125339745347,"Peterborough-Ontario"
"23",45.6099671186647,-77.2728319968292,"Renfrew-Ontario"
"24",45.6525546582314,-75.8704574487153,"Les Collines-De-L'Outaouais-Quebec"
"25",43.7454969789395,-80.4665620922396,"Wellington-Ontario"
"26",43.0476293792497,-79.3153120996869,"Niagara Regional Municipality-Ontario"
"27",42.8550042895862,-80.1757614743594,"Haldimand-Norfolk Rgnl Municipal-Ontario"
"28",44.4664493421969,-81.3272478542629,"Bruce-Ontario"
"29",46.8231158072827,-72.499555119437,"Mekinac (Part 1 Of)-Quebec"
"210",46.2543103661394,-71.701303412697,"L'Érable-Quebec"
"211",46.7369370269473,-71.0834198855673,"Desjardins-Quebec"
"212",47.1088582600802,-71.3685051592072,"La Jacques-Cartier (Part 1 Of)-Quebec"
"213",48.4182119072478,-71.7525983532278,"Lac-Saint-Jean-Est-Quebec"
"214",46.4958013629816,-71.5512624027734,"Lotbinière-Quebec"
"215",47.4160551433908,-68.1734149064202,"Madawaska-New Brunswick"
"216",45.627448235757,-70.9293412015105,"Le Granit-Quebec"
"217",45.1989839131275,-72.2287674015479,"Memphrémagog-Quebec"
"218",45.4595968669384,-71.4590365051191,"Le Haut-Saint-François-Quebec"
"219",45.2701941915741,-66.9342279309165,"Charlotte-New Brunswick"
"220",46.9865869017581,-66.0143957934037,"Northumberland-New Brunswick"
"221",46.3861570667799,-67.4550987782872,"Carleton-New Brunswick"
"222",46.2853283456254,-65.4982370626797,"Queens-New Brunswick"
"223",46.0859270886168,-66.9841014884457,"York-New Brunswick"
"224",47.0401172314609,-67.3436443646739,"Victoria-New Brunswick"
"225",46.2726700396608,-63.1388315952981,"Queens-Prince Edward"
"226",46.598822917494,-63.975898760408,"Prince-Prince Edward"
"227",46.2888522709082,-62.5178337079031,"Kings-Prince Edward"
"228",45.2797464061445,-61.8348190511229,"Guysborough-Nova Scotia"
"229",45.611255301389,-61.9341775093382,"Antigonish-Nova Scotia"
"230",44.6880699642374,-65.230250669622,"Annapolis-Nova Scotia"
"231",45.6553596963706,-64.0940161011831,"Cumberland-Nova Scotia"
"232",45.4092341284185,-63.3380473344247,"Colchester-Nova Scotia"
"233",46.0822464398789,-64.6591173735202,"Westmorland-New Brunswick"
"234",45.6383508878204,-65.6832810323609,"Kings-New Brunswick"
"235",45.8085828559553,-64.8944374869739,"Albert-New Brunswick"
"236",44.8635446694809,-63.1428546561096,"Halifax-Nova Scotia"
"237",45.0447646074968,-63.8724039898773,"Hants-Nova Scotia"
"238",45.0065142631728,-64.6236960419801,"Kings-Nova Scotia"
"239",46.5322138967346,-65.1532152737606,"Kent-New Brunswick"
"240",45.6684448455802,-60.8174278840836,"Richmond-Nova Scotia"
"241",46.2240060006663,-61.1003468968356,"Inverness-Nova Scotia"
"242",44.3403885776313,-65.819631730988,"Digby-Nova Scotia"
"243",46.0112542639956,-60.2665723511712,"Cape Breton-Nova Scotia"
"244",46.5069300996845,-60.6088162919859,"Victoria-Nova Scotia"
"245",48.3235015761507,-58.4883187076747,"Census Div. 4/St George's-Newfoundland"
"246",49.2819512564917,-57.4080616407756,"Census Div. 5/Humber District-Newfoundland"
"247",51.6102388898172,-97.6781056503851,"District 19/Sturgeon Bay-Manitoba"
"248",49.5534625814849,-57.8088589585446,"Forest Management District 50-Newfoundland"
"249",45.0798111580516,-74.0793540796584,"Le Haut-Saint-Laurent-Québec"
"250",46.8970120365583,-75.1876260024038,"Antoine-Labelle-Québec"
"251",47.4961846464159,-71.2952706838626,"La Côte-de-Beaupré-Québec"
"252",47.7391716986169,-67.0444217314802,"Restigouche-New Brunswick"
"253",51.1210749064288,-99.8873382855364,"Division No. 17-Manitoba"
