"","winterdays"
"1",161
"2",186
"3",281
"4",168
"5",276
"6",278
"7",265
"8",283
"9",267
"10",209
"11",189
"12",250
"13",182
"14",265
"15",282
"16",219
"17",208
"18",199
"19",190
"20",180
"21",112
"22",279
"23",181
"24",213
"25",178
"26",164
"27",168
"28",190
"29",165
"30",222
"31",255
"32",214
"33",169
"34",190
"35",254
"36",164
"37",239
"38",101
"39",149
"40",219
"41",111
"42",188
"43",159
"44",178
"45",162
"46",180
"47",187
"48",183
"49",251
"50",191
"51",214
"52",179
"53",222
"54",160
"55",179
"56",244
"57",218
"58",176
"59",186
"60",174
"61",308
"62",226
"63",298
"64",215
"65",193
"66",169
"67",188
"68",201
"69",177
"70",238
"71",173
"72",347
"73",348
"74",226
"75",279
"76",170
"77",170
"78",178
"79",160
"80",168
"81",173
"82",168
"83",173
"84",168
"85",189
"86",239
"87",227
"88",189
"89",180
"90",218
"91",223
"92",286
"93",227
"94",283
"95",173
"96",159
"97",274
"98",180
"99",176
"100",238
"101",227
"102",232
"103",104
"104",184
"105",181
"106",289
"107",165
"108",186
"109",160
"110",183
"111",172
"112",224
"113",276
"114",217
"115",181
"116",272
"117",219
"118",168
"119",170
"120",230
"121",170
"122",228
"123",177
"124",174
"125",165
"126",177
"127",164
"128",269
"129",171
"130",197
"131",313
"132",272
"133",167
"134",261
"135",284
"136",280
"137",216
"138",233
"139",268
"140",167
"141",264
"142",216
"143",250
"144",211
"145",179
"146",192
"147",258
"148",243
"149",278
"150",190
"151",225
"152",187
"153",212
"154",188
"155",181
"156",225
"157",168
"158",159
"159",350
"160",230
"161",158
"162",159
"163",243
"164",176
"165",285
"166",201
"167",169
"168",204
"169",96
"170",215
"171",149
"172",186
"173",207
"174",169
"175",222
"176",165
"177",186
"178",175
"179",272
"180",229
"181",274
"182",273
"183",185
"184",247
"185",197
"186",222
"187",221
"188",188
"189",183
"190",167
"191",180
"192",170
"193",252
"194",173
"195",275
"196",175
"197",239
"198",272
"199",265
"200",244
"201",183
"202",267
"203",175
"204",235
"205",271
"206",188
"207",268
"208",160
"209",173
"210",184
"211",195
"212",184
"213",180
"214",228
"215",271
"216",187
"217",105
"218",178
"219",232
"220",166
"221",175
"222",191
"223",199
"224",279
"225",166
"226",168
"227",165
"228",220
"229",161
"230",303
"231",223
"232",172
"233",269
"234",262
"235",162
"236",166
"237",173
"238",215
"239",190
"240",184
"241",177
"242",197
"243",258
"244",178
"245",241
"246",200
"247",129
"248",186
"249",176
"250",273
"251",216
"252",223
"253",207
"254",187
"255",218
"256",171
"257",239
"258",111
"259",288
"260",292
"261",113
"262",277
"263",159
"264",281
"265",267
"266",287
"267",188
"268",234
"269",319
"270",298
"271",329
"272",228
"273",170
"274",220
"275",237
"276",281
"277",286
"278",203
"279",159
"280",202
"281",163
"282",164
"283",161
"284",186
"285",193
"286",223
"287",163
"288",154
"289",304
"290",191
"291",189
"292",286
"293",301
"294",189
"295",268
"296",164
"297",98
"298",162
"299",179
"300",229
"301",247
"302",227
"303",229
"304",268
"305",175
"306",323
"307",163
"308",162
"309",179
"310",179
"311",198
"312",247
"313",245
"314",162
"315",184
"316",171
"317",277
"318",162
"319",164
"320",183
"321",330
"322",167
"323",166
"324",175
"325",185
"326",213
"327",177
"328",311
"329",265
"330",188
"331",261
"332",238
"333",222
"334",178
"335",207
"336",181
"337",202
"338",175
"339",187
"340",226
"341",186
"342",236
"343",249
"344",162
"345",169
"346",186
"347",159
"348",226
"349",135
"350",207
"351",217
"352",215
"353",162
"354",168
"355",243
"356",276
"357",276
"358",317
"359",329
"360",228
"361",302
"362",225
"363",174
"364",228
"365",251
"366",278
"367",184
"368",228
"369",273
"370",167
"371",166
"372",178
"373",284
"374",166
"375",166
"376",249
"377",192
"378",239
"379",173
"380",162
"381",267
"382",171
"383",174
"384",175
"385",181
"386",239
"387",184
"388",180
"389",257
"390",304
"391",191
"392",151
"393",165
"394",179
"395",250
"396",173
"397",219
"398",185
"399",190
"400",203
"401",290
"402",187
"403",172
"404",187
"405",228
"406",177
"407",285
"408",284
"409",175
"410",292
"411",182
"412",237
"413",193
"414",280
"415",318
"416",147
"417",231
"418",293
"419",180
"420",185
"421",174
"422",189
"423",246
"424",192
"425",203
"426",170
"427",190
"428",173
"429",267
"430",277
"431",176
"432",125
"433",212
"434",201
"435",233
"436",224
"437",187
"438",189
"439",156
"440",161
"441",174
"442",156
"443",169
"444",155
"445",258
"446",128
"447",176
"448",187
"449",212
"450",168
"451",177
"452",243
"453",173
"454",273
"455",178
"456",163
"457",174
"458",166
"459",179
"460",160
"461",164
"462",274
"463",214
"464",230
"465",231
"466",188
"467",218
"468",174
"469",126
"470",178
"471",166
"472",187
"473",169
"474",302
"475",294
"476",306
"477",306
"478",281
"479",234
"480",177
"481",171
"482",196
"483",231
"484",175
"485",172
"486",155
"487",202
"488",162
"489",186
"490",126
"491",196
"492",175
"493",187
"494",232
"495",311
"496",316
"497",83
"498",232
"499",170
"500",177
"501",179
"502",227
"503",265
"504",191
"505",233
"506",176
"507",160
"508",185
"509",212
"510",239
"511",174
"512",261
"513",282
"514",233
"515",184
"516",126
"517",211
"518",162
"519",208
"520",243
"521",215
"522",282
"523",202
"524",177
"525",177
"526",189
"527",253
"528",269
"529",232
"530",140
"531",190
"532",176
"533",175
"534",168
"535",181
"536",293
"537",213
"538",164
"539",184
"540",212
"541",265
"542",194
"543",287
"544",292
"545",287
"546",299
"547",285
"548",229
"549",215
"550",268
"551",194
"552",252
"553",266
"554",241
"555",232
"556",227
"557",214
"558",195
"559",109
"560",296
"561",205
"562",229
"563",197
"564",191
"565",165
"566",218
"567",187
"568",239
"569",276
"570",232
"571",185
"572",201
"573",189
"574",102
"575",149
"576",239
"577",111
"578",210
"579",160
"580",190
"581",187
"582",201
"583",209
"584",206
"585",258
"586",213
"587",223
"588",187
"589",241
"590",161
"591",200
"592",251
"593",237
"594",193
"595",196
"596",190
"597",285
"598",237
"599",284
"600",227
"601",218
"602",191
"603",196
"604",222
"605",176
"606",255
"607",194
"608",342
"609",347
"610",244
"611",266
"612",170
"613",189
"614",183
"615",185
"616",176
"617",183
"618",186
"619",195
"620",191
"621",201
"622",249
"623",242
"624",210
"625",197
"626",235
"627",244
"628",284
"629",249
"630",294
"631",187
"632",175
"633",257
"634",197
"635",193
"636",242
"637",241
"638",106
"639",206
"640",200
"641",278
"642",181
"643",209
"644",182
"645",207
"646",197
"647",240
"648",261
"649",232
"650",193
"651",297
"652",238
"653",175
"654",191
"655",254
"656",193
"657",236
"658",204
"659",171
"660",171
"661",192
"662",188
"663",278
"664",194
"665",218
"666",309
"667",282
"668",193
"669",251
"670",302
"671",299
"672",236
"673",241
"674",275
"675",192
"676",284
"677",229
"678",259
"679",227
"680",200
"681",217
"682",273
"683",258
"684",211
"685",235
"686",212
"687",235
"688",219
"689",197
"690",246
"691",167
"692",176
"693",348
"694",248
"695",172
"696",181
"697",201
"698",282
"699",229
"700",184
"701",223
"702",96
"703",231
"704",167
"705",205
"706",229
"707",176
"708",241
"709",184
"710",209
"711",176
"712",283
"713",250
"714",298
"715",265
"716",198
"717",263
"718",227
"719",233
"720",232
"721",218
"722",210
"723",189
"724",198
"725",179
"726",260
"727",187
"728",263
"729",174
"730",252
"731",275
"732",254
"733",258
"734",199
"735",273
"736",182
"737",267
"738",200
"739",254
"740",180
"741",201
"742",205
"743",223
"744",206
"745",201
"746",244
"747",273
"748",201
"749",109
"750",187
"751",255
"752",189
"753",195
"754",219
"755",226
"756",296
"757",192
"758",191
"759",189
"760",238
"761",181
"762",278
"763",237
"764",193
"765",284
"766",290
"767",184
"768",174
"769",197
"770",229
"771",209
"772",207
"773",181
"774",226
"775",278
"776",195
"777",251
"778",227
"779",135
"780",211
"781",198
"782",235
"783",243
"784",223
"785",209
"786",229
"787",197
"788",246
"789",109
"790",305
"791",273
"792",116
"793",290
"794",178
"795",266
"796",254
"797",276
"798",208
"799",250
"800",310
"801",294
"802",320
"803",246
"804",193
"805",231
"806",252
"807",301
"808",283
"809",222
"810",166
"811",224
"812",177
"813",170
"814",168
"815",209
"816",223
"817",239
"818",183
"819",176
"820",294
"821",211
"822",203
"823",289
"824",300
"825",206
"826",272
"827",185
"828",97
"829",173
"830",203
"831",259
"832",242
"833",250
"834",283
"835",194
"836",302
"837",170
"838",183
"839",202
"840",195
"841",229
"842",258
"843",252
"844",186
"845",210
"846",183
"847",287
"848",168
"849",186
"850",209
"851",329
"852",188
"853",191
"854",186
"855",205
"856",235
"857",189
"858",307
"859",286
"860",213
"861",257
"862",245
"863",241
"864",195
"865",228
"866",198
"867",234
"868",199
"869",212
"870",240
"871",212
"872",249
"873",170
"874",194
"875",206
"876",167
"877",232
"878",146
"879",214
"880",236
"881",231
"882",183
"883",191
"884",261
"885",300
"886",284
"887",308
"888",319
"889",239
"890",286
"891",238
"892",175
"893",247
"894",261
"895",294
"896",208
"897",241
"898",186
"899",190
"900",195
"901",269
"902",190
"903",165
"904",260
"905",221
"906",255
"907",195
"908",185
"909",271
"910",197
"911",171
"912",180
"913",197
"914",257
"915",209
"916",203
"917",283
"918",285
"919",219
"920",167
"921",165
"922",181
"923",270
"924",198
"925",236
"926",207
"927",222
"928",230
"929",276
"930",203
"931",195
"932",206
"933",239
"934",192
"935",270
"936",273
"937",177
"938",310
"939",205
"940",259
"941",224
"942",286
"943",304
"944",152
"945",240
"946",277
"947",192
"948",207
"949",195
"950",205
"951",252
"952",216
"953",222
"954",176
"955",206
"956",183
"957",265
"958",199
"959",119
"960",232
"961",222
"962",241
"963",235
"964",214
"965",204
"966",178
"967",184
"968",187
"969",182
"970",192
"971",156
"972",265
"973",135
"974",194
"975",203
"976",233
"977",176
"978",194
"979",262
"980",194
"981",293
"982",200
"983",172
"984",195
"985",194
"986",189
"987",184
"988",190
"989",293
"990",228
"991",250
"992",200
"993",236
"994",195
"995",134
"996",187
"997",190
"998",211
"999",193
"1000",314
"1001",308
"1002",315
"1003",316
"1004",288
"1005",255
"1006",182
"1007",194
"1008",228
"1009",178
"1010",194
"1011",173
"1012",229
"1013",172
"1014",194
"1015",131
"1016",215
"1017",191
"1018",212
"1019",245
"1020",293
"1021",289
"1022",87
"1023",253
"1024",175
"1025",199
"1026",202
"1027",234
"1028",224
"1029",252
"1030",189
"1031",184
"1032",208
"1033",226
"1034",262
"1035",196
"1036",263
"1037",273
"1038",241
"1039",200
"1040",127
"1041",234
"1042",183
"1043",230
"1044",258
"1045",238
"1046",266
"1047",235
"1048",198
"1049",192
"1050",199
"1051",257
"1052",263
"1053",248
"1054",149
"1055",205
"1056",200
"1057",200
"1058",191
"1059",192
"1060",273
"1061",224
"1062",173
"1063",171
"1064",205
"1065",284
"1066",186
"1067",301
"1068",299
"1069",292
"1070",304
"1071",293
"1072",214
"1073",198
"1074",282
"1075",190
"1076",269
"1077",283
"1078",233
"1079",236
"1080",214
"1081",199
"1082",186
"1083",111
"1084",309
"1085",197
"1086",228
"1087",192
"1088",183
"1089",164
"1090",180
"1091",234
"1092",272
"1093",219
"1094",177
"1095",193
"1096",178
"1097",101
"1098",142
"1099",221
"1100",114
"1101",160
"1102",184
"1103",178
"1104",199
"1105",197
"1106",194
"1107",279
"1108",214
"1109",212
"1110",183
"1111",234
"1112",157
"1113",194
"1114",272
"1115",223
"1116",191
"1117",192
"1118",180
"1119",303
"1120",229
"1121",295
"1122",228
"1123",205
"1124",185
"1125",190
"1126",225
"1127",172
"1128",251
"1129",189
"1130",352
"1131",351
"1132",288
"1133",170
"1134",186
"1135",177
"1136",173
"1137",175
"1138",181
"1139",185
"1140",188
"1141",188
"1142",192
"1143",266
"1144",234
"1145",208
"1146",190
"1147",237
"1148",229
"1149",230
"1150",298
"1151",177
"1152",162
"1153",280
"1154",194
"1155",186
"1156",230
"1157",251
"1158",106
"1159",203
"1160",201
"1161",297
"1162",183
"1163",197
"1164",169
"1165",198
"1166",191
"1167",245
"1168",281
"1169",216
"1170",187
"1171",291
"1172",240
"1173",170
"1174",187
"1175",258
"1176",188
"1177",245
"1178",195
"1179",165
"1180",166
"1181",183
"1182",176
"1183",298
"1184",189
"1185",215
"1186",309
"1187",301
"1188",179
"1189",267
"1190",292
"1191",291
"1192",238
"1193",250
"1194",296
"1195",187
"1196",293
"1197",234
"1198",273
"1199",216
"1200",193
"1201",201
"1202",291
"1203",259
"1204",197
"1205",228
"1206",199
"1207",221
"1208",205
"1209",190
"1210",246
"1211",167
"1212",174
"1213",352
"1214",238
"1215",158
"1216",169
"1217",191
"1218",219
"1219",173
"1220",208
"1221",97
"1222",216
"1223",165
"1224",197
"1225",213
"1226",175
"1227",241
"1228",174
"1229",170
"1230",302
"1231",255
"1232",291
"1233",192
"1234",282
"1235",209
"1236",239
"1237",236
"1238",203
"1239",203
"1240",186
"1241",188
"1242",173
"1243",276
"1244",177
"1245",283
"1246",168
"1247",254
"1248",286
"1249",270
"1250",267
"1251",191
"1252",173
"1253",286
"1254",192
"1255",275
"1256",177
"1257",192
"1258",197
"1259",206
"1260",199
"1261",194
"1262",286
"1263",193
"1264",107
"1265",181
"1266",262
"1267",176
"1268",191
"1269",202
"1270",217
"1271",305
"1272",179
"1273",182
"1274",178
"1275",221
"1276",176
"1277",300
"1278",240
"1279",189
"1280",299
"1281",291
"1282",178
"1283",169
"1284",191
"1285",228
"1286",196
"1287",205
"1288",180
"1289",213
"1290",282
"1291",188
"1292",264
"1293",222
"1294",130
"1295",204
"1296",193
"1297",230
"1298",234
"1299",207
"1300",205
"1301",233
"1302",189
"1303",256
"1304",111
"1305",296
"1306",290
"1307",116
"1308",303
"1309",176
"1310",283
"1311",273
"1312",291
"1313",209
"1314",251
"1315",310
"1316",299
"1317",310
"1318",187
"1319",238
"1320",265
"1321",303
"1322",298
"1323",228
"1324",165
"1325",220
"1326",165
"1327",168
"1328",159
"1329",202
"1330",209
"1331",234
"1332",172
"1333",162
"1334",305
"1335",197
"1336",193
"1337",294
"1338",305
"1339",200
"1340",176
"1341",104
"1342",164
"1343",195
"1344",258
"1345",235
"1346",293
"1347",187
"1348",305
"1349",165
"1350",175
"1351",195
"1352",185
"1353",220
"1354",273
"1355",271
"1356",177
"1357",205
"1358",171
"1359",305
"1360",163
"1361",175
"1362",200
"1363",312
"1364",176
"1365",177
"1366",182
"1367",200
"1368",237
"1369",180
"1370",310
"1371",280
"1372",199
"1373",193
"1374",211
"1375",196
"1376",216
"1377",194
"1378",205
"1379",230
"1380",198
"1381",252
"1382",169
"1383",181
"1384",195
"1385",160
"1386",145
"1387",204
"1388",225
"1389",225
"1390",173
"1391",183
"1392",261
"1393",290
"1394",297
"1395",300
"1396",303
"1397",294
"1398",227
"1399",170
"1400",250
"1401",306
"1402",200
"1403",230
"1404",182
"1405",181
"1406",189
"1407",292
"1408",182
"1409",157
"1410",272
"1411",264
"1412",189
"1413",172
"1414",283
"1415",189
"1416",168
"1417",172
"1418",190
"1419",262
"1420",199
"1421",198
"1422",278
"1423",302
"1424",205
"1425",161
"1426",159
"1427",174
"1428",272
"1429",190
"1430",239
"1431",206
"1432",215
"1433",213
"1434",293
"1435",195
"1436",190
"1437",193
"1438",187
"1439",290
"1440",290
"1441",172
"1442",308
"1443",200
"1444",263
"1445",206
"1446",293
"1447",306
"1448",150
"1449",249
"1450",292
"1451",186
"1452",195
"1453",185
"1454",196
"1455",259
"1456",226
"1457",180
"1458",195
"1459",181
"1460",282
"1461",192
"1462",122
"1463",235
"1464",228
"1465",251
"1466",223
"1467",201
"1468",194
"1469",174
"1470",176
"1471",178
"1472",168
"1473",187
"1474",147
"1475",280
"1476",129
"1477",185
"1478",221
"1479",173
"1480",192
"1481",265
"1482",190
"1483",302
"1484",195
"1485",170
"1486",190
"1487",182
"1488",186
"1489",176
"1490",186
"1491",294
"1492",216
"1493",234
"1494",193
"1495",238
"1496",184
"1497",134
"1498",181
"1499",183
"1500",199
"1501",187
"1502",318
"1503",311
"1504",323
"1505",318
"1506",300
"1507",240
"1508",178
"1509",185
"1510",212
"1511",169
"1512",186
"1513",160
"1514",225
"1515",169
"1516",190
"1517",132
"1518",214
"1519",180
"1520",209
"1521",248
"1522",301
"1523",308
"1524",82
"1525",257
"1526",169
"1527",191
"1528",193
"1529",212
"1530",244
"1531",180
"1532",172
"1533",202
"1534",211
"1535",264
"1536",192
"1537",249
"1538",192
"1539",124
"1540",236
"1541",170
"1542",228
"1543",267
"1544",224
"1545",284
"1546",215
"1547",194
"1548",181
"1549",193
"1550",253
"1551",146
"1552",198
"1553",194
"1554",194
"1555",187
"1556",184
"1557",293
"1558",209
"1559",172
"1560",170
"1561",200
"1562",276
"1563",191
"1564",276
"1565",285
"1566",269
"1567",291
"1568",272
"1569",198
"1570",250
"1571",195
"1572",253
"1573",281
"1574",225
"1575",225
"1576",210
"1577",197
"1578",196
"1579",117
"1580",280
"1581",201
"1582",214
"1583",196
"1584",180
"1585",181
"1586",179
"1587",226
"1588",261
"1589",218
"1590",188
"1591",199
"1592",175
"1593",108
"1594",162
"1595",122
"1596",173
"1597",194
"1598",176
"1599",192
"1600",194
"1601",197
"1602",250
"1603",206
"1604",192
"1605",229
"1606",173
"1607",192
"1608",247
"1609",223
"1610",189
"1611",196
"1612",189
"1613",300
"1614",292
"1615",219
"1616",207
"1617",184
"1618",217
"1619",185
"1620",242
"1621",185
"1622",335
"1623",341
"1624",270
"1625",182
"1626",180
"1627",190
"1628",169
"1629",188
"1630",184
"1631",195
"1632",182
"1633",198
"1634",245
"1635",231
"1636",204
"1637",194
"1638",227
"1639",228
"1640",231
"1641",285
"1642",189
"1643",177
"1644",268
"1645",190
"1646",190
"1647",241
"1648",113
"1649",203
"1650",194
"1651",180
"1652",166
"1653",196
"1654",189
"1655",234
"1656",271
"1657",218
"1658",191
"1659",277
"1660",228
"1661",185
"1662",184
"1663",248
"1664",188
"1665",234
"1666",196
"1667",185
"1668",180
"1669",190
"1670",175
"1671",270
"1672",189
"1673",209
"1674",297
"1675",269
"1676",190
"1677",247
"1678",278
"1679",273
"1680",233
"1681",241
"1682",263
"1683",184
"1684",267
"1685",220
"1686",247
"1687",209
"1688",197
"1689",204
"1690",262
"1691",202
"1692",221
"1693",206
"1694",202
"1695",191
"1696",239
"1697",178
"1698",173
"1699",347
"1700",233
"1701",177
"1702",166
"1703",189
"1704",212
"1705",188
"1706",210
"1707",102
"1708",218
"1709",159
"1710",200
"1711",214
"1712",189
"1713",230
"1714",185
"1715",187
"1716",276
"1717",243
"1718",279
"1719",198
"1720",248
"1721",209
"1722",229
"1723",228
"1724",199
"1725",183
"1726",197
"1727",189
"1728",189
"1729",276
"1730",188
"1731",240
"1732",261
"1733",255
"1734",246
"1735",198
"1736",187
"1737",270
"1738",198
"1739",256
"1740",174
"1741",193
"1742",198
"1743",197
"1744",197
"1745",198
"1746",116
"1747",191
"1748",248
"1749",187
"1750",189
"1751",210
"1752",282
"1753",191
"1754",184
"1755",190
"1756",175
"1757",296
"1758",233
"1759",187
"1760",272
"1761",271
"1762",176
"1763",185
"1764",190
"1765",218
"1766",200
"1767",201
"1768",191
"1769",208
"1770",266
"1771",193
"1772",249
"1773",215
"1774",149
"1775",202
"1776",188
"1777",224
"1778",228
"1779",204
"1780",222
"1781",191
"1782",246
"1783",115
"1784",285
"1785",283
"1786",124
"1787",274
"1788",174
"1789",276
"1790",254
"1791",295
"1792",210
"1793",243
"1794",301
"1795",284
"1796",310
"1797",188
"1798",227
"1799",243
"1800",283
"1801",217
"1802",178
"1803",214
"1804",180
"1805",186
"1806",179
"1807",201
"1808",208
"1809",185
"1810",165
"1811",288
"1812",201
"1813",198
"1814",289
"1815",201
"1816",185
"1817",118
"1818",182
"1819",194
"1820",267
"1821",195
"1822",306
"1823",183
"1824",173
"1825",190
"1826",195
"1827",211
"1828",244
"1829",247
"1830",177
"1831",199
"1832",188
"1833",275
"1834",179
"1835",188
"1836",199
"1837",313
"1838",188
"1839",177
"1840",190
"1841",197
"1842",226
"1843",190
"1844",299
"1845",268
"1846",189
"1847",214
"1848",191
"1849",217
"1850",190
"1851",200
"1852",247
"1853",179
"1854",192
"1855",195
"1856",180
"1857",154
"1858",208
"1859",219
"1860",214
"1861",172
"1862",179
"1863",245
"1864",285
"1865",273
"1866",296
"1867",308
"1868",293
"1869",188
"1870",241
"1871",279
"1872",198
"1873",185
"1874",177
"1875",192
"1876",270
"1877",181
"1878",178
"1879",246
"1880",248
"1881",190
"1882",185
"1883",189
"1884",184
"1885",190
"1886",194
"1887",246
"1888",196
"1889",259
"1890",287
"1891",160
"1892",175
"1893",189
"1894",256
"1895",191
"1896",228
"1897",206
"1898",210
"1899",215
"1900",291
"1901",197
"1902",190
"1903",196
"1904",190
"1905",281
"1906",290
"1907",188
"1908",295
"1909",198
"1910",249
"1911",203
"1912",304
"1913",174
"1914",237
"1915",289
"1916",193
"1917",194
"1918",193
"1919",198
"1920",243
"1921",225
"1922",188
"1923",198
"1924",189
"1925",270
"1926",191
"1927",138
"1928",225
"1929",218
"1930",238
"1931",205
"1932",199
"1933",174
"1934",172
"1935",189
"1936",167
"1937",167
"1938",252
"1939",148
"1940",191
"1941",216
"1942",190
"1943",188
"1944",252
"1945",189
"1946",277
"1947",189
"1948",181
"1949",190
"1950",192
"1951",189
"1952",174
"1953",181
"1954",283
"1955",213
"1956",227
"1957",193
"1958",146
"1959",190
"1960",182
"1961",185
"1962",303
"1963",298
"1964",302
"1965",303
"1966",190
"1967",193
"1968",210
"1969",188
"1970",191
"1971",172
"1972",211
"1973",186
"1974",197
"1975",143
"1976",210
"1977",189
"1978",205
"1979",239
"1980",298
"1981",304
"1982",94
"1983",243
"1984",184
"1985",196
"1986",193
"1987",208
"1988",234
"1989",189
"1990",172
"1991",201
"1992",213
"1993",250
"1994",187
"1995",240
"1996",195
"1997",149
"1998",224
"1999",181
"2000",224
"2001",245
"2002",221
"2003",281
"2004",214
"2005",195
"2006",189
"2007",196
"2008",243
"2009",155
"2010",200
"2011",196
"2012",195
"2013",187
"2014",195
"2015",287
"2016",216
"2017",186
"2018",174
"2019",208
"2020",186
"2021",281
"2022",263
"2023",294
"2024",275
"2025",255
"2026",187
"2027",241
"2028",258
"2029",220
"2030",219
"2031",212
"2032",109
"2033",283
"2034",210
"2035",200
"2036",192
"2037",184
"2038",170
"2039",179
"2040",218
"2041",255
"2042",214
"2043",176
"2044",192
"2045",182
"2046",100
"2047",148
"2048",109
"2049",163
"2050",179
"2051",178
"2052",204
"2053",194
"2054",218
"2055",180
"2056",221
"2057",159
"2058",198
"2059",253
"2060",219
"2061",197
"2062",188
"2063",180
"2064",293
"2065",289
"2066",236
"2067",205
"2068",184
"2069",227
"2070",174
"2071",230
"2072",195
"2073",350
"2074",352
"2075",262
"2076",171
"2077",190
"2078",176
"2079",175
"2080",174
"2081",176
"2082",184
"2083",184
"2084",190
"2085",250
"2086",224
"2087",215
"2088",189
"2089",235
"2090",221
"2091",221
"2092",176
"2093",165
"2094",249
"2095",198
"2096",184
"2097",242
"2098",104
"2099",210
"2100",206
"2101",170
"2102",174
"2103",190
"2104",239
"2105",253
"2106",214
"2107",184
"2108",283
"2109",224
"2110",173
"2111",191
"2112",245
"2113",192
"2114",239
"2115",191
"2116",171
"2117",167
"2118",182
"2119",181
"2120",274
"2121",188
"2122",225
"2123",299
"2124",276
"2125",179
"2126",237
"2127",279
"2128",271
"2129",237
"2130",243
"2131",271
"2132",183
"2133",269
"2134",236
"2135",195
"2136",191
"2137",198
"2138",268
"2139",195
"2140",198
"2141",188
"2142",236
"2143",170
"2144",162
"2145",353
"2146",227
"2147",160
"2148",171
"2149",192
"2150",215
"2151",176
"2152",94
"2153",156
"2154",194
"2155",174
"2156",225
"2157",172
"2158",173
"2159",275
"2160",244
"2161",287
"2162",189
"2163",262
"2164",237
"2165",237
"2166",202
"2167",188
"2168",186
"2169",175
"2170",178
"2171",253
"2172",173
"2173",233
"2174",188
"2175",176
"2176",260
"2177",189
"2178",168
"2179",188
"2180",193
"2181",196
"2182",192
"2183",188
"2184",105
"2185",180
"2186",243
"2187",173
"2188",197
"2189",213
"2190",281
"2191",179
"2192",183
"2193",176
"2194",170
"2195",284
"2196",239
"2197",188
"2198",275
"2199",267
"2200",175
"2201",170
"2202",191
"2203",235
"2204",193
"2205",214
"2206",178
"2207",212
"2208",272
"2209",187
"2210",245
"2211",224
"2212",134
"2213",204
"2214",193
"2215",218
"2216",223
"2217",204
"2218",236
"2219",188
"2220",243
"2221",107
"2222",286
"2223",273
"2224",109
"2225",282
"2226",162
"2227",259
"2228",274
"2229",214
"2230",241
"2231",302
"2232",310
"2233",190
"2234",235
"2235",253
"2236",283
"2237",227
"2238",167
"2239",229
"2240",167
"2241",169
"2242",166
"2243",199
"2244",171
"2245",163
"2246",193
"2247",190
"2248",193
"2249",172
"2250",100
"2251",168
"2252",196
"2253",274
"2254",187
"2255",303
"2256",168
"2257",178
"2258",198
"2259",182
"2260",214
"2261",258
"2262",255
"2263",179
"2264",207
"2265",176
"2266",283
"2267",166
"2268",173
"2269",198
"2270",323
"2271",174
"2272",186
"2273",195
"2274",221
"2275",179
"2276",269
"2277",197
"2278",210
"2279",201
"2280",213
"2281",196
"2282",241
"2283",171
"2284",167
"2285",140
"2286",204
"2287",201
"2288",176
"2289",189
"2290",235
"2291",290
"2292",299
"2293",295
"2294",174
"2295",239
"2296",280
"2297",197
"2298",183
"2299",187
"2300",187
"2301",182
"2302",166
"2303",244
"2304",189
"2305",171
"2306",191
"2307",171
"2308",176
"2309",190
"2310",246
"2311",209
"2312",263
"2313",288
"2314",156
"2315",166
"2316",176
"2317",255
"2318",187
"2319",222
"2320",212
"2321",212
"2322",212
"2323",272
"2324",192
"2325",191
"2326",184
"2327",270
"2328",268
"2329",174
"2330",300
"2331",206
"2332",247
"2333",305
"2334",159
"2335",239
"2336",272
"2337",185
"2338",186
"2339",192
"2340",229
"2341",177
"2342",178
"2343",192
"2344",117
"2345",220
"2346",227
"2347",239
"2348",200
"2349",190
"2350",159
"2351",176
"2352",178
"2353",172
"2354",153
"2355",133
"2356",184
"2357",176
"2358",199
"2359",250
"2360",190
"2361",279
"2362",196
"2363",173
"2364",192
"2365",180
"2366",183
"2367",170
"2368",183
"2369",276
"2370",222
"2371",186
"2372",120
"2373",178
"2374",183
"2375",186
"2376",311
"2377",303
"2378",312
"2379",311
"2380",176
"2381",188
"2382",163
"2383",216
"2384",170
"2385",190
"2386",118
"2387",220
"2388",180
"2389",208
"2390",240
"2391",296
"2392",301
"2393",80
"2394",242
"2395",173
"2396",191
"2397",196
"2398",212
"2399",228
"2400",179
"2401",176
"2402",249
"2403",190
"2404",243
"2405",190
"2406",129
"2407",220
"2408",169
"2409",230
"2410",238
"2411",263
"2412",215
"2413",194
"2414",182
"2415",190
"2416",238
"2417",144
"2418",200
"2419",200
"2420",186
"2421",280
"2422",211
"2423",173
"2424",151
"2425",193
"2426",164
"2427",274
"2428",286
"2429",274
"2430",259
"2431",180
"2432",247
"2433",257
"2434",217
"2435",210
"2436",91
"2437",284
"2438",177
"2439",214
"2440",183
"2441",164
"2442",149
"2443",263
"2444",165
"2445",187
"2446",158
"2447",81
"2448",122
"2449",94
"2450",143
"2451",155
"2452",181
"2453",196
"2454",175
"2455",142
"2456",181
"2457",249
"2458",175
"2459",182
"2460",170
"2461",279
"2462",282
"2463",227
"2464",203
"2465",160
"2466",215
"2467",161
"2468",234
"2469",171
"2470",324
"2471",336
"2472",152
"2473",166
"2474",163
"2475",150
"2476",162
"2477",160
"2478",164
"2479",166
"2480",184
"2481",249
"2482",186
"2483",178
"2484",241
"2485",166
"2486",147
"2487",178
"2488",167
"2489",244
"2490",86
"2491",182
"2492",179
"2493",155
"2494",149
"2495",170
"2496",241
"2497",214
"2498",283
"2499",160
"2500",170
"2501",245
"2502",173
"2503",241
"2504",176
"2505",150
"2506",154
"2507",172
"2508",161
"2509",271
"2510",169
"2511",207
"2512",271
"2513",160
"2514",244
"2515",290
"2516",288
"2517",237
"2518",244
"2519",266
"2520",167
"2521",268
"2522",237
"2523",211
"2524",181
"2525",203
"2526",264
"2527",194
"2528",196
"2529",181
"2530",243
"2531",149
"2532",148
"2533",338
"2534",141
"2535",148
"2536",173
"2537",212
"2538",78
"2539",141
"2540",189
"2541",166
"2542",156
"2543",154
"2544",277
"2545",246
"2546",281
"2547",182
"2548",257
"2549",241
"2550",240
"2551",170
"2552",184
"2553",161
"2554",167
"2555",252
"2556",151
"2557",184
"2558",152
"2559",166
"2560",185
"2561",186
"2562",87
"2563",244
"2564",160
"2565",175
"2566",211
"2567",284
"2568",159
"2569",162
"2570",160
"2571",152
"2572",273
"2573",243
"2574",166
"2575",273
"2576",276
"2577",154
"2578",168
"2579",229
"2580",190
"2581",182
"2582",170
"2583",209
"2584",268
"2585",174
"2586",250
"2587",220
"2588",99
"2589",172
"2590",218
"2591",197
"2592",234
"2593",167
"2594",248
"2595",89
"2596",290
"2597",271
"2598",94
"2599",276
"2600",150
"2601",266
"2602",191
"2603",245
"2604",172
"2605",239
"2606",248
"2607",285
"2608",216
"2609",155
"2610",216
"2611",154
"2612",146
"2613",153
"2614",140
"2615",194
"2616",190
"2617",194
"2618",158
"2619",75
"2620",151
"2621",268
"2622",172
"2623",297
"2624",156
"2625",154
"2626",179
"2627",180
"2628",209
"2629",254
"2630",252
"2631",155
"2632",190
"2633",164
"2634",279
"2635",152
"2636",162
"2637",310
"2638",160
"2639",163
"2640",184
"2641",220
"2642",174
"2643",277
"2644",175
"2645",178
"2646",173
"2647",246
"2648",162
"2649",148
"2650",109
"2651",214
"2652",152
"2653",165
"2654",287
"2655",305
"2656",283
"2657",156
"2658",243
"2659",284
"2660",157
"2661",165
"2662",180
"2663",162
"2664",142
"2665",250
"2666",157
"2667",170
"2668",151
"2669",162
"2670",182
"2671",248
"2672",187
"2673",263
"2674",284
"2675",141
"2676",145
"2677",163
"2678",255
"2679",165
"2680",186
"2681",274
"2682",186
"2683",168
"2684",175
"2685",269
"2686",264
"2687",158
"2688",294
"2689",187
"2690",247
"2691",296
"2692",144
"2693",244
"2694",269
"2695",178
"2696",168
"2697",188
"2698",226
"2699",168
"2700",170
"2701",170
"2702",109
"2703",219
"2704",216
"2705",245
"2706",199
"2707",143
"2708",153
"2709",167
"2710",147
"2711",129
"2712",99
"2713",172
"2714",163
"2715",177
"2716",249
"2717",167
"2718",279
"2719",174
"2720",162
"2721",167
"2722",179
"2723",153
"2724",166
"2725",281
"2726",171
"2727",114
"2728",173
"2729",165
"2730",167
"2731",303
"2732",298
"2733",306
"2734",306
"2735",156
"2736",167
"2737",138
"2738",210
"2739",157
"2740",179
"2741",104
"2742",204
"2743",194
"2744",241
"2745",287
"2746",288
"2747",58
"2748",247
"2749",159
"2750",177
"2751",179
"2752",207
"2753",170
"2754",151
"2755",249
"2756",170
"2757",242
"2758",96
"2759",219
"2760",152
"2761",226
"2762",216
"2763",170
"2764",173
"2765",186
"2766",245
"2767",113
"2768",172
"2769",173
"2770",171
"2771",276
"2772",209
"2773",159
"2774",185
"2775",211
"2776",190
"2777",294
"2778",307
"2779",288
"2780",268
"2781",194
"2782",111
"2783",297
"2784",208
"2785",196
"2786",193
"2787",163
"2788",257
"2789",179
"2790",188
"2791",104
"2792",152
"2793",113
"2794",161
"2795",191
"2796",207
"2797",215
"2798",159
"2799",203
"2800",257
"2801",203
"2802",292
"2803",299
"2804",232
"2805",190
"2806",222
"2807",179
"2808",199
"2809",341
"2810",348
"2811",169
"2812",194
"2813",183
"2814",185
"2815",177
"2816",189
"2817",193
"2818",258
"2819",213
"2820",196
"2821",237
"2822",180
"2823",168
"2824",202
"2825",195
"2826",246
"2827",108
"2828",209
"2829",208
"2830",188
"2831",185
"2832",239
"2833",264
"2834",198
"2835",249
"2836",202
"2837",240
"2838",193
"2839",167
"2840",172
"2841",187
"2842",186
"2843",287
"2844",197
"2845",218
"2846",290
"2847",248
"2848",277
"2849",268
"2850",228
"2851",247
"2852",286
"2853",193
"2854",276
"2855",235
"2856",232
"2857",276
"2858",206
"2859",205
"2860",238
"2861",164
"2862",179
"2863",349
"2864",166
"2865",186
"2866",219
"2867",100
"2868",179
"2869",203
"2870",179
"2871",178
"2872",286
"2873",246
"2874",267
"2875",194
"2876",267
"2877",235
"2878",237
"2879",195
"2880",175
"2881",173
"2882",194
"2883",183
"2884",198
"2885",109
"2886",249
"2887",203
"2888",219
"2889",295
"2890",191
"2891",183
"2892",183
"2893",286
"2894",238
"2895",196
"2896",281
"2897",276
"2898",189
"2899",193
"2900",231
"2901",212
"2902",182
"2903",250
"2904",255
"2905",225
"2906",139
"2907",234
"2908",189
"2909",254
"2910",109
"2911",292
"2912",283
"2913",120
"2914",295
"2915",180
"2916",212
"2917",245
"2918",199
"2919",236
"2920",260
"2921",297
"2922",221
"2923",163
"2924",165
"2925",168
"2926",180
"2927",207
"2928",110
"2929",172
"2930",285
"2931",192
"2932",173
"2933",190
"2934",200
"2935",188
"2936",263
"2937",261
"2938",191
"2939",211
"2940",296
"2941",168
"2942",178
"2943",325
"2944",183
"2945",189
"2946",257
"2947",203
"2948",205
"2949",248
"2950",169
"2951",169
"2952",147
"2953",241
"2954",191
"2955",190
"2956",273
"2957",174
"2958",243
"2959",295
"2960",191
"2961",190
"2962",192
"2963",160
"2964",249
"2965",199
"2966",167
"2967",197
"2968",250
"2969",207
"2970",268
"2971",176
"2972",161
"2973",182
"2974",258
"2975",211
"2976",199
"2977",282
"2978",176
"2979",307
"2980",208
"2981",250
"2982",311
"2983",153
"2984",240
"2985",283
"2986",190
"2987",191
"2988",226
"2989",181
"2990",191
"2991",137
"2992",224
"2993",242
"2994",207
"2995",175
"2996",191
"2997",181
"2998",158
"2999",138
"3000",188
"3001",174
"3002",203
"3003",253
"3004",198
"3005",291
"3006",200
"3007",171
"3008",185
"3009",189
"3010",193
"3011",191
"3012",139
"3013",193
"3014",194
"3015",318
"3016",309
"3017",318
"3018",314
"3019",175
"3020",191
"3021",165
"3022",169
"3023",132
"3024",214
"3025",210
"3026",245
"3027",304
"3028",300
"3029",91
"3030",246
"3031",203
"3032",186
"3033",252
"3034",247
"3035",129
"3036",179
"3037",228
"3038",219
"3039",202
"3040",243
"3041",151
"3042",206
"3043",206
"3044",195
"3045",288
"3046",174
"3047",180
"3048",213
"3049",195
"3050",304
"3051",293
"3052",111
"3053",308
"3054",201
"3055",198
"3056",189
"3057",257
"3058",186
"3059",102
"3060",163
"3061",113
"3062",176
"3063",191
"3064",211
"3065",179
"3066",201
"3067",264
"3068",286
"3069",233
"3070",219
"3071",189
"3072",199
"3073",343
"3074",343
"3075",186
"3076",196
"3077",180
"3078",195
"3079",182
"3080",192
"3081",265
"3082",210
"3083",236
"3084",192
"3085",179
"3086",189
"3087",253
"3088",108
"3089",200
"3090",204
"3091",178
"3092",179
"3093",240
"3094",288
"3095",196
"3096",244
"3097",247
"3098",188
"3099",185
"3100",183
"3101",294
"3102",222
"3103",277
"3104",274
"3105",234
"3106",256
"3107",289
"3108",193
"3109",275
"3110",233
"3111",225
"3112",281
"3113",241
"3114",184
"3115",174
"3116",347
"3117",179
"3118",180
"3119",99
"3120",174
"3121",194
"3122",186
"3123",291
"3124",244
"3125",301
"3126",270
"3127",240
"3128",195
"3129",192
"3130",176
"3131",112
"3132",247
"3133",196
"3134",305
"3135",192
"3136",187
"3137",242
"3138",285
"3139",267
"3140",189
"3141",198
"3142",233
"3143",270
"3144",260
"3145",227
"3146",235
"3147",198
"3148",257
"3149",107
"3150",285
"3151",117
"3152",175
"3153",203
"3154",250
"3155",237
"3156",262
"3157",293
"3158",218
"3159",186
"3160",191
"3161",169
"3162",104
"3163",182
"3164",185
"3165",186
"3166",203
"3167",201
"3168",266
"3169",266
"3170",306
"3171",182
"3172",190
"3173",188
"3174",273
"3175",197
"3176",202
"3177",252
"3178",187
"3179",233
"3180",189
"3181",191
"3182",303
"3183",242
"3184",190
"3185",190
"3186",192
"3187",252
"3188",198
"3189",251
"3190",210
"3191",258
"3192",169
"3193",258
"3194",203
"3195",306
"3196",210
"3197",249
"3198",301
"3199",246
"3200",196
"3201",220
"3202",193
"3203",202
"3204",134
"3205",219
"3206",250
"3207",167
"3208",190
"3209",174
"3210",172
"3211",195
"3212",200
"3213",254
"3214",197
"3215",284
"3216",202
"3217",189
"3218",198
"3219",190
"3220",133
"3221",192
"3222",194
"3223",315
"3224",326
"3225",323
"3226",190
"3227",196
"3228",176
"3229",191
"3230",128
"3231",220
"3232",245
"3233",294
"3234",87
"3235",248
"3236",201
"3237",184
"3238",251
"3239",257
"3240",140
"3241",230
"3242",233
"3243",195
"3244",247
"3245",197
"3246",198
"3247",194
"3248",191
"3249",166
"3250",104
"3251",284
"3252",189
"3253",176
"3254",251
"3255",170
"3256",90
"3257",118
"3258",99
"3259",140
"3260",199
"3261",135
"3262",248
"3263",287
"3264",211
"3265",160
"3266",187
"3267",347
"3268",350
"3269",151
"3270",180
"3271",167
"3272",165
"3273",170
"3274",180
"3275",224
"3276",176
"3277",234
"3278",92
"3279",192
"3280",168
"3281",163
"3282",276
"3283",185
"3284",239
"3285",153
"3286",150
"3287",171
"3288",284
"3289",282
"3290",220
"3291",239
"3292",181
"3293",260
"3294",219
"3295",228
"3296",230
"3297",158
"3298",350
"3299",144
"3300",89
"3301",168
"3302",275
"3303",238
"3304",278
"3305",224
"3306",163
"3307",158
"3308",161
"3309",93
"3310",243
"3311",178
"3312",227
"3313",271
"3314",263
"3315",167
"3316",213
"3317",256
"3318",246
"3319",215
"3320",220
"3321",241
"3322",100
"3323",278
"3324",108
"3325",157
"3326",195
"3327",236
"3328",245
"3329",277
"3330",210
"3331",156
"3332",156
"3333",153
"3334",83
"3335",152
"3336",194
"3337",181
"3338",247
"3339",173
"3340",269
"3341",241
"3342",164
"3343",232
"3344",177
"3345",281
"3346",232
"3347",176
"3348",241
"3349",242
"3350",259
"3351",257
"3352",193
"3353",245
"3354",209
"3355",173
"3356",117
"3357",213
"3358",230
"3359",158
"3360",162
"3361",123
"3362",164
"3363",190
"3364",245
"3365",273
"3366",183
"3367",125
"3368",177
"3369",161
"3370",141
"3371",160
"3372",123
"3373",235
"3374",294
"3375",79
"3376",237
"3377",192
"3378",166
"3379",246
"3380",238
"3381",96
"3382",222
"3383",220
"3384",181
"3385",235
"3386",184
"3387",182
"3388",162
"3389",158
"3390",91
"3391",279
"3392",194
"3393",78
"3394",140
"3395",92
"3396",157
"3397",241
"3398",293
"3399",207
"3400",170
"3401",350
"3402",350
"3403",173
"3404",170
"3405",165
"3406",173
"3407",229
"3408",83
"3409",197
"3410",161
"3411",157
"3412",281
"3413",236
"3414",167
"3415",275
"3416",274
"3417",226
"3418",232
"3419",162
"3420",230
"3421",226
"3422",156
"3423",352
"3424",73
"3425",170
"3426",234
"3427",285
"3428",169
"3429",170
"3430",157
"3431",86
"3432",236
"3433",257
"3434",268
"3435",240
"3436",234
"3437",90
"3438",276
"3439",95
"3440",156
"3441",200
"3442",231
"3443",238
"3444",277
"3445",209
"3446",164
"3447",166
"3448",145
"3449",79
"3450",165
"3451",184
"3452",269
"3453",233
"3454",167
"3455",174
"3456",290
"3457",229
"3458",171
"3459",237
"3460",248
"3461",241
"3462",197
"3463",239
"3464",214
"3465",170
"3466",103
"3467",228
"3468",152
"3469",154
"3470",147
"3471",169
"3472",240
"3473",180
"3474",112
"3475",175
"3476",149
"3477",166
"3478",109
"3479",227
"3480",64
"3481",235
"3482",232
"3483",106
"3484",181
"3485",232
"3486",185
"3487",188
"3488",168
"3489",158
"3490",91
"3491",190
"3492",80
"3493",93
"3494",305
"3495",350
"3496",177
"3497",160
"3498",85
"3499",194
"3500",287
"3501",289
"3502",286
"3503",163
"3504",352
"3505",66
"3506",167
"3507",295
"3508",89
"3509",269
"3510",90
"3511",102
"3512",197
"3513",289
"3514",144
"3515",75
"3516",177
"3517",278
"3518",160
"3519",171
"3520",300
"3521",248
"3522",195
"3523",216
"3524",171
"3525",112
"3526",158
"3527",121
"3528",116
"3529",62
"3530",245
"3531",188
"3532",244
"3533",186
"3534",187
"3535",158
"3536",110
"3537",102
"3538",107
"3539",284
"3540",97
"3541",175
"3542",110
"3543",115
"3544",282
"3545",92
"3546",182
"3547",268
"3548",171
"3549",292
"3550",219
"3551",176
"3552",127
"3553",133
"3554",124
"3555",80
"3556",197
