"","county","year","foi","incidence","previousyear","bernie","yrofinf"
"1","Clearfield-Pennsylvania","2007",0.0352069601478613,0,0,1,2007
"2","Hants-Nova Scotia","2007",0.04376879974941,0,0,1,2007
"3","Hastings-Ontario","2007",0.0561324581139114,0,0,1,2007
"4","Lackawanna-Pennsylvania","2007",0.0659622911061866,0,0,1,2007
"5","Les Collines-De-L'Outaouais-Quebec","2007",0.0674651818908582,0,0,1,2007
"6","Monroe-Pennsylvania","2007",0.0654674977397738,0,0,1,2007
"7","Monroe-West Virginia","2007",0.0124530275796254,0,0,1,2007
"8","Morris-New Jersey","2007",0.0716584910030794,0,0,1,2007
"9","Newport-Rhode Island","2007",0.0917619730894049,0,0,1,2007
"10","Nord-Du-Quebec (Part 2 Of)-Quebec","2007",0.0515440621942497,0,0,1,2007
"11","Piscataquis-Maine","2007",0.0686768431515995,0,0,1,2007
"12","Suffolk-New York","2007",0.0846642049265253,0,0,1,2007
"13","Westmoreland-Pennsylvania","2007",0.025619520465872,0,0,1,2007
"14","Beaver-Pennsylvania","2008",0.0724400636788003,0,0,1,2008
"15","Calhoun-Alabama","2008",0.0142043619821382,0,0,1,2008
"16","Clinton-New York","2008",0.18731710566309,1,0,1,2008
"17","Erie-New York","2008",0.109247299988357,0,0,1,2008
"18","Fairfield-Connecticut","2008",0.542189981858514,0,0,1,2008
"19","Fulton-Pennsylvania","2008",0.0978573974710032,0,0,1,2008
"20","Gaston-North Carolina","2008",0.0379559532760188,0,0,1,2008
"21","Grant-Wisconsin","2008",0.011801787855624,0,0,1,2008
"22","Haliburton-Ontario","2008",0.116952684258313,0,0,1,2008
"23","Halton Regional Municipality-Ontario","2008",0.0929776867789821,0,0,1,2008
"24","Hancock-Tennessee","2008",0.0294113660753449,0,0,1,2008
"25","Jefferson-Pennsylvania","2008",0.0938652661015427,0,0,1,2008
"26","L'Érable-Quebec","2008",0.16802996435777,0,0,1,2008
"27","La Côte-De-Gaspé-Quebec","2008",0.146893864639941,0,0,1,2008
"28","La Jacques-Cartier (Part 1 Of)-Quebec","2008",0.152645450036827,0,0,1,2008
"29","Luzerne-Pennsylvania","2008",0.144830948280119,1,0,1,2008
"30","Madawaska-New Brunswick","2008",0.125912946564759,0,0,1,2008
"31","Mekinac (Part 1 Of)-Quebec","2008",0.160241710049078,0,0,1,2008
"32","MemphrÃ©magog-Quebec","2008",0.189672083039789,0,0,1,2008
"33","Northumberland-Pennsylvania","2008",0.131905918272132,0,0,1,2008
"34","Preston-West Virginia","2008",0.0739103464995895,0,0,1,2008
"35","Queens-New Brunswick","2008",0.107091429320162,0,0,1,2008
"36","Rowan-North Carolina","2008",0.044399399243994,0,0,1,2008
"37","Saint John-New Brunswick","2008",0.120212662693197,0,0,1,2008
"38","Simcoe-Ontario","2008",0.0977811758791139,0,0,1,2008
"39","Smyth-Virginia","2008",0.0391145005483965,1,0,1,2008
"40","Thunder Bay District (Part 3 Of)-Ontario","2008",0.0252280607397792,0,0,1,2008
"41","Windham-Vermont","2008",0.210450423826138,1,0,1,2008
"42","Blair-Pennsylvania","2009",0.206675452723376,1,0,1,2009
"43","Botetourt-Virginia","2009",0.150366240777873,0,0,1,2009
"44","Bruce-Ontario","2009",0.163251328852628,0,0,1,2009
"45","Bucks-Pennsylvania","2009",0.273221703680151,1,0,1,2009
"46","Calumet-Wisconsin","2009",0.0536857976261544,0,0,1,2009
"47","Carter-Tennessee","2009",0.0902067135137805,1,0,1,2009
"48","Cattaraugus-New York","2009",0.217873052020485,0,0,1,2009
"49","Centre-Pennsylvania","2009",0.224089579860889,1,1,1,2009
"50","Chattooga-Georgia","2009",0.0457767136981581,0,0,1,2009
"51","Cumberland-Nova Scotia","2009",0.139544687197373,0,0,1,2009
"52","DeKalb-Alabama","2009",0.0426860717302729,0,0,1,2009
"53","Dufferin-Ontario","2009",0.187312899436565,0,0,1,2009
"54","Fayette-Pennsylvania","2009",0.171389279194008,1,0,1,2009
"55","Franklin-New York","2009",0.291043305787309,1,1,1,2009
"56","Frederick-Virginia","2009",0.199108982870795,0,0,1,2009
"57","Grafton-New Hampshire","2009",0.300406197497177,1,1,1,2009
"58","Greenbrier-West Virginia","2009",0.138720395267778,1,0,1,2009
"59","Grey-Ontario","2009",0.169869840270903,1,0,1,2009
"60","Hamilton-New York","2009",0.300339150974811,1,1,1,2009
"61","Hartford-Connecticut","2009",0.311755602941239,1,1,1,2009
"62","Highland-Virginia","2009",0.159749566586877,1,0,1,2009
"63","Kings-New Brunswick","2009",0.166098629387532,0,0,1,2009
"64","Lancaster-South Carolina","2009",0.0984651075741945,0,0,1,2009
"65","Lauderdale-Alabama","2009",0.0342319349934726,0,0,1,2009
"66","Le Granit-Quebec","2009",0.26320702575782,0,0,1,2009
"67","Manitowoc-Wisconsin","2009",0.0576557448984348,0,0,1,2009
"68","Merrimack-New Hampshire","2009",0.306351853150593,1,1,1,2009
"69","Mifflin-Pennsylvania","2009",0.225721761321896,1,1,1,2009
"70","New London-Connecticut","2009",0.315986553797327,0,0,1,2009
"71","Nord-Du-Quebec (Part 1 Of)-Quebec","2009",0.203751128396816,0,0,1,2009
"72","Oxford-Maine","2009",0.285664201198162,0,0,1,2009
"73","Pike-Illinois","2009",0.0322198797665999,0,0,1,2009
"74","Queens-Prince Edward","2009",0.121738796998817,0,0,1,2009
"75","Sauk-Wisconsin","2009",0.039665070618422,0,0,1,2009
"76","Schuylkill-Pennsylvania","2009",0.258871955896329,1,0,1,2009
"77","Somerset-Pennsylvania","2009",0.190317839251663,0,0,1,2009
"78","Sullivan-Pennsylvania","2009",0.261072422140097,1,0,1,2009
"79","Van Buren-Tennessee","2009",0.0491365807730804,0,0,1,2009
"80","Victoria-New Brunswick","2009",0.178539331417892,0,0,1,2009
"81","Warren-Kentucky","2009",0.0472679514607524,0,0,1,2009
"82","Whitley-Kentucky","2009",0.0680306884732381,0,0,1,2009
"83","Windsor-Vermont","2009",0.309736996780636,1,1,1,2009
"84","Winston-Mississippi","2009",0.0274305070372978,0,0,1,2009
"85","York-Pennsylvania","2009",0.241224441029162,0,0,1,2009
"86","Algoma Dist. (Part 1 Of)-Ontario","2010",0.177112017189146,1,0,1,2010
"87","Alpena-Michigan","2010",0.201518657628752,0,0,1,2010
"88","Antoine-Labelle-QuÃ©bec","2010",0.371820375154048,0,0,1,2010
"89","Athens-Ohio","2010",0.209667191970292,0,0,1,2010
"90","Baraga-Michigan","2010",0.105711894625709,0,0,1,2010
"91","Barber-Kansas","2010",0.0245640820583203,0,0,1,2010
"92","Bartow-Georgia","2010",0.100941769856541,0,0,1,2010
"93","Bland-Virginia","2010",0.20982278667611,1,1,1,2010
"94","Carbon-Pennsylvania","2010",0.373692988205609,1,1,1,2010
"95","Carleton-New Brunswick","2010",0.302979620408478,0,0,1,2010
"96","Catoosa-Georgia","2010",0.100477328511486,0,0,1,2010
"97","Claiborne-Tennessee","2010",0.140425455028854,0,0,1,2010
"98","Clinton-Pennsylvania","2010",0.33835256891488,0,0,1,2010
"99","Colchester-Nova Scotia","2010",0.597458253341182,0,0,1,2010
"100","Columbia-Pennsylvania","2010",0.360889026581651,1,1,1,2010
"101","Cooper-Missouri","2010",0.0493992632291917,0,0,1,2010
"102","Cumberland-Pennsylvania","2010",0.337921726755276,0,0,1,2010
"103","Custer-South Dakota","2010",0.0233679835340833,0,0,1,2010
"104","Des Moines-Iowa","2010",0.0661084820019915,0,0,1,2010
"105","Digby-Nova Scotia","2010",0.312041148883312,0,0,1,2010
"106","Dukes-Massachusetts","2010",0.415499037946845,0,0,1,2010
"107","Emmet-Michigan","2010",0.170463348688864,0,0,1,2010
"108","Estill-Kentucky","2010",0.146914567946867,0,0,1,2010
"109","Franklin-Ohio","2010",0.189261481438868,0,0,1,2010
"110","Grant-West Virginia","2010",0.28057667176272,1,0,1,2010
"111","Hardy-West Virginia","2010",0.287619413437201,1,1,1,2010
"112","Hawkins-Tennessee","2010",0.156651098588009,0,0,1,2010
"113","Huntingdon-Pennsylvania","2010",0.318784728067661,1,1,1,2010
"114","Johnson-Illinois","2010",0.0761743113069926,0,0,1,2010
"115","Kings-Nova Scotia","2010",0.265779248454049,1,0,1,2010
"116","La Vallee-De-L'Or (Part 1 Of)-Quebec","2010",0.324328530510248,1,0,1,2010
"117","Lafayette-Wisconsin","2010",0.0777781675467606,0,0,1,2010
"118","Lawrence-Ohio","2010",0.186926148465347,1,0,1,2010
"119","Lewis-New York","2010",0.389999367779373,1,1,1,2010
"120","Madison-Ohio","2010",0.179444442970051,0,0,1,2010
"121","Meigs-Tennessee","2010",0.109666647374951,0,0,1,2010
"122","Montgomery-Virginia","2010",0.228984516513316,1,0,1,2010
"123","Neshoba-Mississippi","2010",0.0597271713947808,0,0,1,2010
"124","Nipissing District (Part 1 Of)-Ontario","2010",0.312002986047267,1,0,1,2010
"125","Norfolk-Massachusetts","2010",0.41241275937537,1,1,1,2010
"126","Peterborough-Ontario","2010",0.337270293702123,1,1,1,2010
"127","Portage-Ohio","2010",0.243309773911277,0,0,1,2010
"128","Pulaski-Kentucky","2010",0.128325016821989,0,0,1,2010
"129","Rabun-Georgia","2010",0.128732032407052,0,0,1,2010
"130","Richland-Wisconsin","2010",0.0756670170311539,0,0,1,2010
"131","Richmond-Nova Scotia","2010",0.212512752531614,0,0,1,2010
"132","Rockcastle-Kentucky","2010",0.22240617903509,0,0,1,2010
"133","Sandusky-Ohio","2010",0.195898076673657,0,0,1,2010
"134","Scott-Virginia","2010",0.169046218873442,0,0,1,2010
"135","Stokes-North Carolina","2010",0.221890918673131,0,0,1,2010
"136","Timiskaming District-Ontario","2010",0.279355191301912,1,1,1,2010
"137","Vernon-Wisconsin","2010",0.0723946337950174,0,0,1,2010
"138","Walker-Georgia","2010",0.0972836604899393,0,0,1,2010
"139","Warren-Pennsylvania","2010",0.299042235424316,0,0,1,2010
"140","Washington-Maryland","2010",0.315662335407296,1,0,1,2010
"141","Algoma Dist. (Part 2 Of)-Ontario","2011",0.315111869253015,1,0,1,2011
"142","Algoma District (Part 4 of)-Ontario","2011",0.271139909381481,0,0,1,2011
"143","Allegany-Maryland","2011",0.406660076322473,1,1,1,2011
"144","Alleghany-Virginia","2011",0.342400894288389,1,1,1,2011
"145","Armstrong-Pennsylvania","2011",0.402253968333452,1,0,1,2011
"146","Augusta-Virginia","2011",0.370821155872601,1,1,1,2011
"147","Avery-North Carolina","2011",0.257353886869206,1,1,1,2011
"148","Barnstable-Massachusetts","2011",0.498252565725051,0,0,1,2011
"149","Barry-Missouri","2011",0.0818872315649873,0,0,1,2011
"150","Bedford-Pennsylvania","2011",0.41649556678974,1,0,1,2011
"151","Bexar-Texas","2011",0.0359347262088804,0,0,1,2011
"152","Bibb-Alabama","2011",0.142618934238413,0,0,1,2011
"153","Butler-Pennsylvania","2011",0.391210854758174,1,0,1,2011
"154","Cass-Nebraska","2011",0.0732140629935656,0,0,1,2011
"155","Census Div. 4/St George's-Newfoundland","2011",0.264025774024547,0,0,1,2011
"156","Charlotte-New Brunswick","2011",0.414663356737699,1,0,1,2011
"157","Clay-Tennessee","2011",0.190885137014002,0,0,1,2011
"158","Collingsworth-Texas","2011",0.0401218444665648,0,0,1,2011
"159","Columbia-Wisconsin","2011",0.143456605570187,0,0,1,2011
"160","Coos-New Hampshire","2011",0.487522680147573,1,1,1,2011
"161","Dane-Wisconsin","2011",0.143125244155107,0,0,1,2011
"162","Daviess-Kentucky","2011",0.180008155843808,0,0,1,2011
"163","Delta-Michigan","2011",0.189087810580732,0,0,1,2011
"164","Desjardins-Quebec","2011",0.457906897751699,1,0,1,2011
"165","Douglas-Wisconsin","2011",0.103232482776815,0,0,1,2011
"166","Fayette-West Virginia","2011",0.317777780040354,1,1,1,2011
"167","Fentress-Tennessee","2011",0.199591253553435,0,0,1,2011
"168","Forest Management District 50-Newfoundland","2011",0.251478462046939,0,0,1,2011
"169","Garrett-Maryland","2011",0.391798124886229,1,1,1,2011
"170","Geauga-Ohio","2011",0.359374598165421,1,0,1,2011
"171","Giles-Virginia","2011",0.314827417720729,1,1,1,2011
"172","Greene-Missouri","2011",0.0876647912828118,0,0,1,2011
"173","Grundy-Tennessee","2011",0.175624896577208,0,0,1,2011
"174","Haywood-North Carolina","2011",0.223371361843247,1,0,1,2011
"175","Hocking-Ohio","2011",0.301720026366138,0,0,1,2011
"176","Houghton-Michigan","2011",0.146159698534078,0,0,1,2011
"177","Iron-Missouri","2011",0.120006259074196,0,0,1,2011
"178","Jackson-Alabama","2011",0.162102574798225,1,0,1,2011
"179","Jackson-Iowa","2011",0.12715590818519,0,0,1,2011
"180","Jackson-Kentucky","2011",0.232553713717357,0,0,1,2011
"181","Jackson-Ohio","2011",0.291409231680503,0,0,1,2011
"182","Jackson-Tennessee","2011",0.186497654303929,0,0,1,2011
"183","Jasper-Mississippi","2011",0.11939630577798,0,0,1,2011
"184","Jefferson-Indiana","2011",0.217565838504006,1,0,1,2011
"185","Jo Daviess-Illinois","2011",0.131967015900991,0,0,1,2011
"186","Juneau-Wisconsin","2011",0.129303829983226,0,0,1,2011
"187","Kings-Prince Edward","2011",0.33561755465777,0,0,1,2011
"188","La Crosse-Wisconsin","2011",0.348167289092602,0,0,1,2011
"189","Lac-Saint-Jean-Est-Quebec","2011",0.437289947659476,1,0,1,2011
"190","Lamoille-Vermont","2011",0.494399087652257,1,1,1,2011
"191","Lancaster-Nebraska","2011",0.0696917941472431,0,0,1,2011
"192","Lawrence-Indiana","2011",0.198224438266169,1,0,1,2011
"193","Le Haut-Saint-François-Quebec","2011",0.47976387329374,1,0,1,2011
"194","Le Haut-Saint-Laurent-QuÃ©bec","2011",0.494618897559381,0,0,1,2011
"195","Letcher-Kentucky","2011",0.257024600722005,0,0,1,2011
"196","Lincoln-Missouri","2011",0.117706102134291,1,0,1,2011
"197","Livingston-New York","2011",0.450556202431016,1,1,1,2011
"198","LotbiniÃ¨re-Quebec","2011",0.46606672554325,1,0,1,2011
"199","Madison-Arkansas","2011",0.0819727531717523,0,0,1,2011
"200","Madison-North Carolina","2011",0.238987482832882,0,0,1,2011
"201","Manistee-Michigan","2011",0.216791695168575,0,0,1,2011
"202","Martin-Indiana","2011",0.190954440325193,1,0,1,2011
"203","Meade-Kentucky","2011",0.197879821506912,0,0,1,2011
"204","Medina-Ohio","2011",0.338195744825389,0,0,1,2011
"205","Middlesex-Massachusetts","2011",0.498652282090697,1,1,1,2011
"206","Mineral-West Virginia","2011",0.397986060882808,1,0,1,2011
"207","Monongalia-West Virginia","2011",0.372271222025173,1,0,1,2011
"208","Niagara Regional Municipality-Ontario","2011",0.418192298544281,1,0,1,2011
"209","Northumberland-New Brunswick","2011",0.382085890354676,0,0,1,2011
"210","Oconee-South Carolina","2011",0.213603701588505,0,0,1,2011
"211","Onondaga-New York","2011",0.477171509467143,1,1,1,2011
"212","Paulding-Georgia","2011",0.174914236296552,0,0,1,2011
"213","Peel Regional Municipality-Ontario","2011",0.406583587021024,1,1,1,2011
"214","Pendleton-West Virginia","2011",0.375891467334479,1,1,1,2011
"215","Pepin-Wisconsin","2011",0.103357870173942,0,0,1,2011
"216","Perry-Missouri","2011",0.13023619188445,1,0,1,2011
"217","Pickens-South Carolina","2011",0.222143888137638,0,0,1,2011
"218","Pike-Missouri","2011",0.115349743145351,1,1,1,2011
"219","Pocahontas-West Virginia","2011",0.352883701928833,1,1,1,2011
"220","Polk-Tennessee","2011",0.191599151850328,0,0,1,2011
"221","Pratt-Kansas","2011",0.0525527217061741,0,0,1,2011
"222","Prince-Prince Edward","2011",0.356610674581415,0,0,1,2011
"223","Pulaski-Missouri","2011",0.101702223525381,0,0,1,2011
"224","Putnam-Tennessee","2011",0.186931858272937,0,0,1,2011
"225","Roanoke-Virginia","2011",0.674604213986734,1,1,1,2011
"226","Scott-Kentucky","2011",0.232384278768889,0,0,1,2011
"227","Smith-Mississippi","2011",0.11589494018907,0,0,1,2011
"228","Smith-Tennessee","2011",0.180856924447432,0,0,1,2011
"229","St. Clair-Missouri","2011",0.085626837470609,0,0,1,2011
"230","Stanly-North Carolina","2011",0.282324342163558,0,0,1,2011
"231","Stone-Arkansas","2011",0.098426093855838,0,0,1,2011
"232","Sumner-Tennessee","2011",0.175820210740508,0,0,1,2011
"233","Taney-Missouri","2011",0.0895807497572052,0,0,1,2011
"234","Tazewell-Virginia","2011",0.28798995319208,1,1,1,2011
"235","Transylvania-North Carolina","2011",0.221306528023022,1,1,1,2011
"236","Washington-Vermont","2011",0.497247928260294,1,1,1,2011
"237","Wellington-Ontario","2011",0.38896009676037,1,0,1,2011
"238","Wetzel-West Virginia","2011",0.358869776419858,0,0,1,2011
"239","White-Tennessee","2011",0.185288592260546,0,0,1,2011
"240","Wise-Virginia","2011",0.256948537785432,1,1,1,2011
"241","York-New Brunswick","2011",0.412616429799827,0,0,1,2011
"242","Adams-Illinois","2012",0.222272190289531,0,0,1,2012
"243","Anderson-Tennessee","2012",0.373352073732102,0,0,1,2012
"244","Blount-Tennessee","2012",0.367141952248174,1,1,1,2012
"245","Breckinridge-Kentucky","2012",0.342952903166743,1,1,1,2012
"246","Buncombe-North Carolina","2012",0.38656534309818,1,0,1,2012
"247","Cambria-Pennsylvania","2012",0.77309071889274,1,1,1,2012
"248","Camden-Missouri","2012",0.18992728777535,0,0,1,2012
"249","Cannon-Tennessee","2012",0.333982544499242,1,0,1,2012
"250","Census Div. 5/Humber District-Newfoundland","2012",0.372828816419684,0,0,1,2012
"251","Cherokee-Oklahoma","2012",0.146408809153395,0,0,1,2012
"252","Chesterfield-Virginia","2012",0.489887037923016,1,1,1,2012
"253","Christian-Kentucky","2012",0.315470497870955,1,0,1,2012
"254","Clay-Missouri","2012",0.161196726638443,0,0,1,2012
"255","Crawford-Missouri","2012",0.220701276270371,1,0,1,2012
"256","Cumberland-Tennessee","2012",0.35423690022713,1,1,1,2012
"257","Cuyahoga-Ohio","2012",0.746821184988344,1,1,1,2012
"258","Dade-Georgia","2012",0.330513523834483,1,0,1,2012
"259","Delaware-Oklahoma","2012",0.149761188482721,0,0,1,2012
"260","Dickinson-Michigan","2012",0.229584540042362,0,0,1,2012
"261","Dickson-Tennessee","2012",0.313140083185711,1,0,1,2012
"262","Douglas-Missouri","2012",0.194076439534735,0,0,1,2012
"263","Franklin-Tennessee","2012",0.325253169878006,1,1,1,2012
"264","Gogebic-Michigan","2012",0.186663112428152,0,0,1,2012
"265","Grainger-Tennessee","2012",0.386960455923353,0,0,1,2012
"266","Grand Traverse-Michigan","2012",0.311995138063763,0,0,1,2012
"267","Green-Wisconsin","2012",0.22720098688823,0,0,1,2012
"268","Greene-Tennessee","2012",0.392193425117787,1,0,1,2012
"269","Greenville-South Carolina","2012",0.379753546184907,0,0,1,2012
"270","Guysborough-Nova Scotia","2012",0.454931019918181,1,0,1,2012
"271","Habersham-Georgia","2012",0.359432780088774,0,0,1,2012
"272","Haldimand-Norfolk Rgnl Municipal-Ontario","2012",0.487376749707906,1,1,1,2012
"273","Halifax-Nova Scotia","2012",0.477776943463212,1,1,1,2012
"274","Hancock-Maine","2012",0.526917209731258,1,1,1,2012
"275","Hardin-Kentucky","2012",0.701069822767957,0,0,1,2012
"276","Hickman-Tennessee","2012",0.30762009002632,1,0,1,2012
"277","Houston-Tennessee","2012",0.306728382048022,1,0,1,2012
"278","Jackson-North Carolina","2012",0.376060604077785,0,0,1,2012
"279","Jackson-Wisconsin","2012",0.18266734318955,0,0,1,2012
"280","Kenora District-Ontario","2012",0.122023918749713,0,0,1,2012
"281","Laurens-South Carolina","2012",0.377740668148417,0,0,1,2012
"282","Lawrence-Alabama","2012",0.300465772701283,0,0,1,2012
"283","Lawrence-Pennsylvania","2012",0.487938881289174,1,1,1,2012
"284","Lee-Kentucky","2012",0.398846408910843,0,0,1,2012
"285","Lycoming-Pennsylvania","2012",0.5383454549739,1,1,1,2012
"286","Marion-Arkansas","2012",0.189332450486936,0,0,1,2012
"287","Marion-Tennessee","2012",0.332857234031439,1,0,1,2012
"288","Maury-Tennessee","2012",0.317372187872815,0,0,1,2012
"289","Overton-Tennessee","2012",0.353972675035508,1,0,1,2012
"290","Ozark-Missouri","2012",0.194927102747338,0,0,1,2012
"291","Phelps-Missouri","2012",0.557823948444651,0,0,1,2012
"292","Polk-Georgia","2012",0.327390450022118,0,0,1,2012
"293","Pope-Illinois","2012",0.291662893672059,1,0,1,2012
"294","Putnam-New York","2012",0.560900027408962,1,1,1,2012
"295","Randolph-West Virginia","2012",0.480476714640963,1,1,1,2012
"296","Renfrew-Ontario","2012",0.515792349156104,1,1,1,2012
"297","Rockingham-New Hampshire","2012",0.558208230853622,1,1,1,2012
"298","Rockingham-Virginia","2012",0.492438026156036,1,1,1,2012
"299","Sequatchie-Tennessee","2012",0.339826983998748,1,0,1,2012
"300","Shannon-Missouri","2012",0.331842094268676,1,1,1,2012
"301","Spartanburg-South Carolina","2012",0.385373481267759,0,0,1,2012
"302","Stewart-Tennessee","2012",0.305757087414493,1,1,1,2012
"303","Sudbury District (Part 1 Of)-Ontario","2012",0.373122703609317,1,0,1,2012
"304","Sullivan-Tennessee","2012",0.702234193728578,1,1,1,2012
"305","Thunder Bay District (Part 1 Of)-Ontario","2012",0.234034408527557,0,0,1,2012
"306","Tioga-Pennsylvania","2012",0.536701629093207,1,1,1,2012
"307","Tucker-West Virginia","2012",0.489620225079339,1,1,1,2012
"308","Union-Georgia","2012",0.356069065047775,0,0,1,2012
"309","Union-Mississippi","2012",0.269302248034795,0,0,1,2012
"310","Victoria-Nova Scotia","2012",0.438898841504649,0,0,1,2012
"311","Warren-New Jersey","2012",0.553501959945675,1,1,1,2012
"312","Washington-New York","2012",0.560326157623422,1,1,1,2012
"313","Wayne-Ohio","2012",0.453948676909124,1,0,1,2012
"314","Webster-Iowa","2012",0.152936744698604,0,0,1,2012
"315","Westmorland-New Brunswick","2012",0.707126919989434,1,1,1,2012
"316","Wright-Missouri","2012",0.19530867178675,0,0,1,2012
"317","York-South Carolina","2012",0.396587355946071,0,0,1,2012
"318","Adair-Oklahoma","2013",0.258092328862641,0,0,1,2013
"319","Albert-New Brunswick","2013",0.582142780554645,1,1,1,2013
"320","Alexander-Illinois","2013",0.39724130547149,0,0,1,2013
"321","Algoma Dist. (Part 3 Of)-Ontario","2013",0.388756141418947,1,0,1,2013
"322","Annapolis-Nova Scotia","2013",0.588617124183983,1,1,1,2013
"323","Antigonish-Nova Scotia","2013",0.570275373244579,1,1,1,2013
"324","Ashland-Ohio","2013",0.5215881085095,1,1,1,2013
"325","Barren-Kentucky","2013",0.475599507014499,0,0,1,2013
"326","Bath-Virginia","2013",0.546702160305036,1,1,1,2013
"327","Becker-Minnesota","2013",0.179169604100165,0,0,1,2013
"328","Bell-Kentucky","2013",0.847396266714616,1,1,1,2013
"329","Campbell-Tennessee","2013",0.49514275371241,1,1,1,2013
"330","Cape Breton-Nova Scotia","2013",0.550965024618078,1,0,1,2013
"331","Carter-Kentucky","2013",0.51527529141795,1,1,1,2013
"332","Cherokee-South Carolina","2013",0.501153450775581,0,0,1,2013
"333","Christian-Missouri","2013",0.294363352940621,0,0,1,2013
"334","Clare-Michigan","2013",0.42338914335065,0,0,1,2013
"335","Clarion-Pennsylvania","2013",0.560850885846625,1,1,1,2013
"336","Colbert-Alabama","2013",0.429602046564805,0,0,1,2013
"337","Crawford-Indiana","2013",0.460002640388773,1,1,1,2013
"338","Crawford-Wisconsin","2013",0.273796222442104,0,0,1,2013
"339","Dakota-Minnesota","2013",0.219056485848017,0,0,1,2013
"340","Dawson-Georgia","2013",0.478702929042105,0,0,1,2013
"341","DeKalb-Tennessee","2013",0.469623410641849,1,0,1,2013
"342","Dodge-Wisconsin","2013",0.32181752235544,0,0,1,2013
"343","Dubuque-Iowa","2013",0.289440849272444,0,0,1,2013
"344","Edmonson-Kentucky","2013",0.81150042901337,1,1,1,2013
"345","Forest-Pennsylvania","2013",0.562344537581482,1,1,1,2013
"346","Franklin-Alabama","2013",0.427263780821814,0,0,1,2013
"347","Garland-Arkansas","2013",0.297330321098055,0,0,1,2013
"348","Garrard-Kentucky","2013",0.495049495700083,1,0,1,2013
"349","Goodhue-Minnesota","2013",0.226592005258383,0,0,1,2013
"350","Goshen-Wyoming","2013",0.130300067557719,0,0,1,2013
"351","Hamblen-Tennessee","2013",0.50194280602696,1,0,1,2013
"352","Hardeman-Texas","2013",0.156624996014723,0,0,1,2013
"353","Howell-Missouri","2013",0.329063329738347,0,0,1,2013
"354","Jasper-Iowa","2013",0.265184110783257,0,0,1,2013
"355","Kerr-Texas","2013",0.131498998104238,0,0,1,2013
"356","La CÃ´te-de-BeauprÃ©-QuÃ©bec","2013",0.252815569135708,1,1,1,2013
"357","Laclede-Missouri","2013",0.305695829654001,1,0,1,2013
"358","Lake-Michigan","2013",0.394816055252253,0,0,1,2013
"359","LaSalle-Illinois","2013",0.356090226927076,1,1,1,2013
"360","Lawrence-Tennessee","2013",0.436411268241698,1,1,1,2013
"361","Lee-Virginia","2013",0.507440972344535,1,1,1,2013
"362","Les Laurentides-Quebec","2013",0.57890935491659,1,1,1,2013
"363","Limestone-Alabama","2013",0.444756868038819,0,0,1,2013
"364","Mackinac-Michigan","2013",0.382552452691034,1,0,1,2013
"365","Macon-Tennessee","2013",0.469623602085482,1,0,1,2013
"366","Marquette-Michigan","2013",0.488678586139807,0,0,1,2013
"367","Marshall-Tennessee","2013",0.453904406674915,0,0,1,2013
"368","Matane-Quebec","2013",0.560686999560193,1,0,1,2013
"369","McDowell-North Carolina","2013",0.503082494943382,1,1,1,2013
"370","Mercer-West Virginia","2013",0.52962892877854,1,1,1,2013
"371","Monroe-Wisconsin","2013",0.268537896715068,0,0,1,2013
"372","New Castle-Delaware","2013",0.584038778760913,1,1,1,2013
"373","Ontonagon-Michigan","2013",0.609931302807008,1,0,1,2013
"374","Orange-New York","2013",0.595499443067676,1,1,1,2013
"375","Oregon-Missouri","2013",0.342599862825132,0,0,1,2013
"376","Perry-Tennessee","2013",0.429912977527114,1,1,1,2013
"377","Preble-Ohio","2013",0.485892329556939,1,1,1,2013
"378","Robertson-Tennessee","2013",0.457254081256976,0,0,1,2013
"379","Rutherford-North Carolina","2013",0.499811643792004,1,1,1,2013
"380","Saline-Illinois","2013",0.415769416132024,0,0,1,2013
"381","Sarpy-Nebraska","2013",0.224381308866425,0,0,1,2013
"382","Searcy-Arkansas","2013",0.307237726150504,0,0,1,2013
"383","Sequoyah-Oklahoma","2013",0.256090550020223,0,0,1,2013
"384","Shelby-Alabama","2013",0.438134170946138,0,0,1,2013
"385","St. Croix-Wisconsin","2013",0.223546787549474,0,0,1,2013
"386","St. Francois-Missouri","2013",0.36551870803435,0,0,1,2013
"387","Stone-Missouri","2013",0.28702929453677,0,0,1,2013
"388","Union-Ohio","2013",0.505583902428906,1,1,1,2013
"389","Union-Tennessee","2013",0.497462581621021,1,1,1,2013
"390","Warren-Ohio","2013",0.496789211474393,1,1,1,2013
"391","Warren-Tennessee","2013",0.468160242303214,1,1,1,2013
"392","Washington-Indiana","2013",0.465483207647125,1,1,1,2013
"393","Washington-Missouri","2013",0.349703529983548,1,1,1,2013
"394","Wayne-Kentucky","2013",0.488859060558438,1,1,1,2013
"395","Wayne-Tennessee","2013",0.429043997980477,1,0,1,2013
"396","Yancey-North Carolina","2013",0.504581118669181,1,1,1,2013
"397","Baxter-Arkansas","2014",0.459885683441134,1,1,1,2014
"398","Boone-Arkansas","2014",0.441762768013021,1,0,1,2014
"399","Callaway-Missouri","2014",0.466050280663995,1,0,1,2014
"400","Carroll-Illinois","2014",0.443359001791939,1,0,1,2014
"401","Cherokee-North Carolina","2014",0.545706005509072,1,1,1,2014
"402","Cochrane District (Part 1 Of)-Ontario","2014",0.560760360020798,1,1,1,2014
"403","Coffee-Tennessee","2014",0.543770717719985,1,0,1,2014
"404","Comal-Texas","2014",0.233290066059781,0,0,1,2014
"405","Cottle-Texas","2014",0.248649395011898,0,0,1,2014
"406","Dallas-Missouri","2014",0.446228679248547,1,1,1,2014
"407","Dent-Missouri","2014",0.479315712205489,1,1,1,2014
"408","Division No. 17-Manitoba","2014",0.254759665490532,0,0,1,2014
"409","Elliott-Kentucky","2014",0.569539802347572,1,1,1,2014
"410","Floyd-Georgia","2014",0.534656992573952,1,0,1,2014
"411","Giles-Tennessee","2014",0.535441105477426,1,0,1,2014
"412","Hamilton-Tennessee","2014",0.889293782439702,1,1,1,2014
"413","Hardin-Illinois","2014",0.530608991211439,1,1,1,2014
"414","Harrison-Indiana","2014",0.551372309925942,1,1,1,2014
"415","Hays-Texas","2014",0.244568213886211,0,0,1,2014
"416","Humphreys-Tennessee","2014",0.534541862185783,1,1,1,2014
"417","Iowa-Wisconsin","2014",0.42473190581882,0,0,1,2014
"418","Iron-Wisconsin","2014",0.390312683787863,0,0,1,2014
"419","Jackson-Illinois","2014",0.514675343704173,1,0,1,2014
"420","Jackson-Missouri","2014",0.412938399858501,1,1,1,2014
"421","Jackson-South Dakota","2014",0.257126758993067,0,0,1,2014
"422","Jennings-Indiana","2014",0.552579066678389,1,1,1,2014
"423","Keweenaw-Michigan","2014",0.806961135720498,1,1,1,2014
"424","Lewis-Tennessee","2014",0.879341662275419,1,1,1,2014
"425","Liberty-Texas","2014",0.358121271317707,0,0,1,2014
"426","Madison-Alabama","2014",0.538505986801026,0,0,1,2014
"427","Madison-Illinois","2014",0.504318564022235,0,0,1,2014
"428","Marion-Missouri","2014",0.707170768191327,1,1,1,2014
"429","Miller-Missouri","2014",0.459486446385489,1,0,1,2014
"430","Montgomery-Tennessee","2014",0.850642306481494,1,1,1,2014
"431","Pickett-Tennessee","2014",0.55565730620506,1,1,1,2014
"432","Pine-Minnesota","2014",0.340027108308169,0,0,1,2014
"433","Polk-Arkansas","2014",0.407852679804305,1,0,1,2014
"434","Pulaski-Virginia","2014",0.569962461646114,1,1,1,2014
"435","Ralls-Missouri","2014",0.466246906257598,1,0,1,2014
"436","Restigouche-New Brunswick","2014",0.602447766356006,1,0,1,2014
"437","St. Louis-Minnesota","2014",0.346908309618426,0,0,1,2014
"438","Summit-Ohio","2014",0.582585565747065,1,1,1,2014
"439","Sutton-Texas","2014",0.197232227566902,0,0,1,2014
"440","Thunder Bay District (Part 4 of)-Ontario","2014",0.423484559565266,1,0,1,2014
"441","Trigg-Kentucky","2014",0.535565197213881,1,1,1,2014
"442","Union-Illinois","2014",0.517523771118666,1,0,1,2014
"443","Union-South Carolina","2014",0.545524269177599,0,0,1,2014
"444","Van Buren-Iowa","2014",0.438568418580663,1,0,1,2014
"445","Washington-Wisconsin","2014",0.457742493833755,0,0,1,2014
"446","Wayne-Mississippi","2014",0.50069598064019,0,0,1,2014
"447","Bandera-Texas","2015",0.2595950746836,0,0,1,2015
"448","Bedford-Tennessee","2015",0.583147487810193,1,1,1,2015
"449","Benton-Arkansas","2015",0.510101493987951,1,0,1,2015
"450","Blount-Alabama","2015",0.575929914672532,0,0,1,2015
"451","Boone-Missouri","2015",0.546514102801374,1,1,1,2015
"452","Childress-Texas","2015",0.332639567453289,0,0,1,2015
"453","Comanche-Kansas","2015",0.39614224239543,0,0,1,2015
"454","Craig-Virginia","2015",0.596490685702752,1,1,1,2015
"455","Dade-Missouri","2015",0.524230996037327,1,0,1,2015
"456","District 19/Sturgeon Bay-Manitoba","2015",0.390812456782598,0,0,1,2015
"457","Dixon-Nebraska","2015",0.451973816804202,0,0,1,2015
"458","Door-Wisconsin","2015",0.541150110718443,1,1,1,2015
"459","Fayette-Kentucky","2015",0.595428571294663,1,1,1,2015
"460","Fillmore-Minnesota","2015",0.483580187921274,0,0,1,2015
"461","Franklin-Arkansas","2015",0.511872586010172,1,1,1,2015
"462","Greene-Indiana","2015",0.586692497556335,1,1,1,2015
"463","Hennepin-Minnesota","2015",0.452065499823749,0,0,1,2015
"464","Inverness-Nova Scotia","2015",0.598308789330953,1,1,1,2015
"465","Itasca-Minnesota","2015",0.445756049787166,0,0,1,2015
"466","Izard-Arkansas","2015",0.549646171218912,1,0,1,2015
"467","Jefferson-Missouri","2015",0.567454106158073,1,1,1,2015
"468","Jefferson-Ohio","2015",0.611085960945786,1,1,1,2015
"469","Jefferson-West Virginia","2015",0.61541195461442,1,1,1,2015
"470","Kendall-Texas","2015",0.276637586027219,0,0,1,2015
"471","Kent-New Brunswick","2015",0.614126970589972,1,1,1,2015
"472","King-Texas","2015",0.31617238370093,0,0,1,2015
"473","Kiowa-Kansas","2015",0.400495970649668,0,0,1,2015
"474","Le Flore-Oklahoma","2015",0.495908307083465,0,0,1,2015
"475","McDonald-Missouri","2015",0.509650455646845,1,0,1,2015
"476","Monroe-Indiana","2015",0.588346425429662,1,1,1,2015
"477","Morgan-Alabama","2015",0.574446127357996,1,1,1,2015
"478","Newton-Missouri","2015",0.517706501185758,0,0,1,2015
"479","Olmsted-Minnesota","2015",0.474212757915911,0,0,1,2015
"480","Ottawa-Oklahoma","2015",0.507272555518724,0,0,1,2015
"481","Pickens-Georgia","2015",0.574762989084477,1,1,1,2015
"482","Polk-Wisconsin","2015",0.459435872154043,0,0,1,2015
"483","Richland-South Carolina","2015",0.562428509861556,1,1,1,2015
"484","Russell-Virginia","2015",0.590184128385483,1,1,1,2015
"485","Swain-North Carolina","2015",0.579968924130545,1,1,1,2015
"486","Texas-Missouri","2015",0.553323304496365,1,1,1,2015
"487","Val Verde-Texas","2015",0.231010228011089,0,0,1,2015
"488","Warren-Missouri","2015",0.560021515051337,1,0,1,2015
"489","Washington-Arkansas","2015",0.508389212100899,1,0,1,2015
"490","Winona-Minnesota","2015",0.481372584385916,0,0,1,2015
"491","Woodward-Oklahoma","2015",0.387557946639741,0,0,1,2015
"492","Alger-Michigan","2016",0.630931191897789,1,1,1,2016
"493","Buchanan-Missouri","2016",0.593394857072845,1,1,1,2016
"494","Carter-Missouri","2016",0.620727418192336,1,1,1,2016
"495","Cedar-Missouri","2016",0.597754497301472,1,1,1,2016
"496","Cherokee-Kansas","2016",0.588152321266041,0,0,1,2016
"497","Foard-Texas","2016",0.472225033534557,0,0,1,2016
"498","Franklin-Missouri","2016",0.622279166571168,1,1,1,2016
"499","Gilmer-Georgia","2016",0.629199804730241,1,1,1,2016
"500","Independence-Arkansas","2016",0.613147159552295,1,1,1,2016
"501","Lake-Minnesota","2016",0.616604337683672,0,0,1,2016
"502","Marshall-Alabama","2016",0.630804546731078,1,1,1,2016
"503","Moniteau-Missouri","2016",0.612730086936802,1,1,1,2016
"504","Monroe-Illinois","2016",0.62640381564831,1,1,1,2016
"505","Orange-Indiana","2016",0.635343420061677,1,1,1,2016
"506","Pierce-Wisconsin","2016",0.60533540420078,1,1,1,2016
"507","Rainy River District (PART 1 OF)-Ontario","2016",0.604247133982647,1,1,1,2016
"508","Roane-Tennessee","2016",0.631543256462256,1,1,1,2016
"509","San Saba-Texas","2016",0.411250158290087,0,0,1,2016
"510","Scurry-Texas","2016",0.41221867193486,1,0,1,2016
"511","Vermillion-Indiana","2016",0.6339075308667,1,1,1,2016
"512","Victoria-Texas","2016",0.40357754007997,0,0,1,2016
"513","Wabasha-Minnesota","2016",0.614355937246725,0,0,1,2016
"514","Washington-Minnesota","2016",0.602966948085706,1,1,1,2016
"515","Wheeler-Texas","2016",0.479838205575964,0,0,1,2016
"516","Woods-Oklahoma","2016",0.510391498592723,0,0,1,2016
"517","Blanco-Texas","2017",0.465533031133726,1,0,1,2017
"518","Clayton-Iowa","2017",0.645982425834415,1,1,1,2017
"519","Cole-Missouri","2017",0.644390977355137,1,1,1,2017
"520","Crawford-Arkansas","2017",0.632158876479851,1,1,1,2017
"521","Hart-Kentucky","2017",0.991315411496965,1,1,1,2017
"522","Hickory-Missouri","2017",0.641711654089835,1,1,1,2017
"523","Mercer-North Dakota","2017",0.609772846162219,0,0,1,2017
"524","Ramsey-Minnesota","2017",0.640915640668706,1,1,1,2017
"525","Rooks-Kansas","2017",0.626102079708517,0,0,1,2017
"526","St. Louis-Missouri","2017",0.646592910545233,1,1,1,2017
"527","Ste. Genevieve-Missouri","2017",0.646345628155367,1,1,1,2017
"528","Thunder Bay District (Part 2 Of)-Ontario","2017",0.638869114539253,1,1,1,2017
"529","Montgomery-North Carolina","2018",0.654985962613333,1,0,1,2018
"530","Newton-Arkansas","2018",0.654985962613333,1,1,1,2018
"531","Niobrara-Wyoming","2018",0.654985962613332,1,0,1,2018
